[
{
  "activationRange": {
    "end": "2024-03-28T05:59:00",
    "start": "2024-03-28T04:45:00"
  },
  "elevationRange": {
    "ceiling": {
      "origin": "amsl",
      "units": "feets",
      "value": 1000.0
    },
    "floor": {
      "origin": "agl",
      "units": "feets",
      "value": 0.0
    }
  },
  "handle": 1262508655,
  "identifier": "LKTSA60",
  "name": "",
  "note": {
    "lines": [
      "GND - 1000FT/AGL"
    ]
  },
  "validFrom": "0001-01-01T00:00:00",
  "validTo": "0001-01-01T00:00:00",
  "thumbprint": "1d128ad8704e01853d91614fca4b9b56d842bb39858ffca9e2c449fc7ae6124f",
  "timestamp": "2024-03-28T00:00:00",
  "geometry": {
    "coordinates": [],
    "radius": 0.0,
    "shape": "none"
  }
},
{
  "activationRange": {
    "end": "2024-03-28T17:26:00",
    "start": "2024-03-28T06:00:00"
  },
  "elevationRange": {
    "ceiling": {
      "origin": "amsl",
      "units": "feets",
      "value": 1000.0
    },
    "floor": {
      "origin": "agl",
      "units": "feets",
      "value": 0.0
    }
  },
  "handle": 2635434805,
  "identifier": "LKTSA60",
  "name": "",
  "note": {
    "lines": [
      "GND - 1000FT/AGL"
    ]
  },
  "validFrom": "0001-01-01T00:00:00",
  "validTo": "0001-01-01T00:00:00",
  "thumbprint": "b7e260f01f198bc6c3b4490628c608efab0d5cf604b42c96bd2a97f736d05213",
  "timestamp": "2024-03-28T00:00:00",
  "geometry": {
    "coordinates": [],
    "radius": 0.0,
    "shape": "none"
  }
},
{
  "activationRange": {
    "end": "2024-03-28T11:15:00",
    "start": "2024-03-28T08:00:00"
  },
  "elevationRange": {
    "ceiling": {
      "origin": "fl",
      "units": "feets",
      "value": 19500.0
    },
    "floor": {
      "origin": "agl",
      "units": "feets",
      "value": 0.0
    }
  },
  "handle": 1735433866,
  "identifier": "LKTSA1",
  "name": "",
  "note": {
    "lines": [
      "GND - F195"
    ]
  },
  "validFrom": "0001-01-01T00:00:00",
  "validTo": "0001-01-01T00:00:00",
  "thumbprint": "a6800a26f04306bd85c1833bf54a42f83cab2f249128e79fe497a600344ddf6e",
  "timestamp": "2024-03-28T00:00:00",
  "geometry": {
    "coordinates": [],
    "radius": 0.0,
    "shape": "none"
  }
},
{
  "activationRange": {
    "end": "2024-03-28T21:00:00",
    "start": "2024-03-28T07:00:00"
  },
  "elevationRange": {
    "ceiling": {
      "origin": "amsl",
      "units": "feets",
      "value": 5000.0
    },
    "floor": {
      "origin": "agl",
      "units": "feets",
      "value": 0.0
    }
  },
  "handle": 3164461432,
  "identifier": "LKTSA2",
  "name": "",
  "note": {
    "lines": [
      "GND - 5000FT/AMSL"
    ]
  },
  "validFrom": "0001-01-01T00:00:00",
  "validTo": "0001-01-01T00:00:00",
  "thumbprint": "b008dca40f64f015bdbb91ceb1af9f6b05ba2adcbe9f835e03e9ee3f827cd294",
  "timestamp": "2024-03-28T00:00:00",
  "geometry": {
    "coordinates": [],
    "radius": 0.0,
    "shape": "none"
  }
},
{
  "activationRange": {
    "end": "2024-03-28T17:10:00",
    "start": "2024-03-28T07:00:00"
  },
  "elevationRange": {
    "ceiling": {
      "origin": "amsl",
      "units": "feets",
      "value": 6500.0
    },
    "floor": {
      "origin": "agl",
      "units": "feets",
      "value": 0.0
    }
  },
  "handle": 156726415,
  "identifier": "LKTSA2B",
  "name": "",
  "note": {
    "lines": [
      "GND - F065"
    ]
  },
  "validFrom": "0001-01-01T00:00:00",
  "validTo": "0001-01-01T00:00:00",
  "thumbprint": "0084dd0b3d615c091cb9db8cf7d0360aad8512f330a78b34feed186f127014b1",
  "timestamp": "2024-03-28T00:00:00",
  "geometry": {
    "coordinates": [],
    "radius": 0.0,
    "shape": "none"
  }
},
{
  "activationRange": {
    "end": "2024-03-28T13:00:00",
    "start": "2024-03-28T08:00:00"
  },
  "elevationRange": {
    "ceiling": {
      "origin": "amsl",
      "units": "feets",
      "value": 5000.0
    },
    "floor": {
      "origin": "agl",
      "units": "feets",
      "value": 0.0
    }
  },
  "handle": 3483940777,
  "identifier": "LKTRA12",
  "name": "",
  "note": {
    "lines": [
      "GND - 5000FT/AMSL"
    ]
  },
  "validFrom": "0001-01-01T00:00:00",
  "validTo": "0001-01-01T00:00:00",
  "thumbprint": "2b1327ace3c7e062791c9b1423fb9e28c3dd1f2646c8d2bd0616d3a5264c50f5",
  "timestamp": "2024-03-28T00:00:00",
  "geometry": {
    "coordinates": [],
    "radius": 0.0,
    "shape": "none"
  }
},
{
  "activationRange": {
    "end": "2024-03-28T13:00:00",
    "start": "2024-03-28T08:00:00"
  },
  "elevationRange": {
    "ceiling": {
      "origin": "amsl",
      "units": "feets",
      "value": 5000.0
    },
    "floor": {
      "origin": "agl",
      "units": "feets",
      "value": 0.0
    }
  },
  "handle": 1747085252,
  "identifier": "LKTRA13",
  "name": "",
  "note": {
    "lines": [
      "GND - 5000FT/AMSL"
    ]
  },
  "validFrom": "0001-01-01T00:00:00",
  "validTo": "0001-01-01T00:00:00",
  "thumbprint": "773158019b4f5fb033bb71a0098f29e411f8906c21f05fea55c0ee50667c2240",
  "timestamp": "2024-03-28T00:00:00",
  "geometry": {
    "coordinates": [],
    "radius": 0.0,
    "shape": "none"
  }
},
{
  "activationRange": {
    "end": "2024-03-28T13:00:00",
    "start": "2024-03-28T08:00:00"
  },
  "elevationRange": {
    "ceiling": {
      "origin": "fl",
      "units": "feets",
      "value": 24500.0
    },
    "floor": {
      "origin": "fl",
      "units": "feets",
      "value": 9500.0
    }
  },
  "handle": 2714192740,
  "identifier": "LKTRA30",
  "name": "",
  "note": {
    "lines": [
      "F095 - F245"
    ]
  },
  "validFrom": "0001-01-01T00:00:00",
  "validTo": "0001-01-01T00:00:00",
  "thumbprint": "8ffd88788feb6c9987b5b7f276dd2c3f928ee4d17ba023856860587ff8366013",
  "timestamp": "2024-03-28T00:00:00",
  "geometry": {
    "coordinates": [],
    "radius": 0.0,
    "shape": "none"
  }
},
{
  "activationRange": {
    "end": "2024-03-28T13:00:00",
    "start": "2024-03-28T08:00:00"
  },
  "elevationRange": {
    "ceiling": {
      "origin": "fl",
      "units": "feets",
      "value": 24500.0
    },
    "floor": {
      "origin": "amsl",
      "units": "feets",
      "value": 1000.0
    }
  },
  "handle": 207966177,
  "identifier": "LKTRA31",
  "name": "",
  "note": {
    "lines": [
      "1000FT/AGL - F245"
    ]
  },
  "validFrom": "0001-01-01T00:00:00",
  "validTo": "0001-01-01T00:00:00",
  "thumbprint": "71f945a49cb6acce293a27cc39abf9d49714b3812989827b7b79809d28953267",
  "timestamp": "2024-03-28T00:00:00",
  "geometry": {
    "coordinates": [],
    "radius": 0.0,
    "shape": "none"
  }
},
{
  "activationRange": {
    "end": "2024-03-28T13:00:00",
    "start": "2024-03-28T08:00:00"
  },
  "elevationRange": {
    "ceiling": {
      "origin": "fl",
      "units": "feets",
      "value": 24500.0
    },
    "floor": {
      "origin": "amsl",
      "units": "feets",
      "value": 5000.0
    }
  },
  "handle": 664319504,
  "identifier": "LKTRA32",
  "name": "",
  "note": {
    "lines": [
      "5000FT/AMSL -  F245"
    ]
  },
  "validFrom": "0001-01-01T00:00:00",
  "validTo": "0001-01-01T00:00:00",
  "thumbprint": "0e1c0d01b19bf449eb3f2e26b363f104f9f978d6e6b20c8e1d08f9e235009a07",
  "timestamp": "2024-03-28T00:00:00",
  "geometry": {
    "coordinates": [],
    "radius": 0.0,
    "shape": "none"
  }
},
{
  "activationRange": {
    "end": "2024-03-28T13:00:00",
    "start": "2024-03-28T08:00:00"
  },
  "elevationRange": {
    "ceiling": {
      "origin": "fl",
      "units": "feets",
      "value": 24500.0
    },
    "floor": {
      "origin": "amsl",
      "units": "feets",
      "value": 5000.0
    }
  },
  "handle": 759089955,
  "identifier": "LKTRA33",
  "name": "",
  "note": {
    "lines": [
      "5000FT/AMSL -  F245"
    ]
  },
  "validFrom": "0001-01-01T00:00:00",
  "validTo": "0001-01-01T00:00:00",
  "thumbprint": "bd27511ea302f3b0b43c4af313548e1c4b702e4c3814f37f871a6ea4b40f87f8",
  "timestamp": "2024-03-28T00:00:00",
  "geometry": {
    "coordinates": [],
    "radius": 0.0,
    "shape": "none"
  }
},
{
  "activationRange": {
    "end": "2024-03-28T13:00:00",
    "start": "2024-03-28T08:00:00"
  },
  "elevationRange": {
    "ceiling": {
      "origin": "fl",
      "units": "feets",
      "value": 24500.0
    },
    "floor": {
      "origin": "amsl",
      "units": "feets",
      "value": 5000.0
    }
  },
  "handle": 1264745295,
  "identifier": "LKTRA34",
  "name": "",
  "note": {
    "lines": [
      "5000FT/AMSL -  F245"
    ]
  },
  "validFrom": "0001-01-01T00:00:00",
  "validTo": "0001-01-01T00:00:00",
  "thumbprint": "760e813aa59d7ffbade17dd71f9d6d88b3fa5bff3f35cc8b83c352344fb7b310",
  "timestamp": "2024-03-28T00:00:00",
  "geometry": {
    "coordinates": [],
    "radius": 0.0,
    "shape": "none"
  }
},
{
  "activationRange": {
    "end": "2024-03-28T13:00:00",
    "start": "2024-03-28T08:00:00"
  },
  "elevationRange": {
    "ceiling": {
      "origin": "fl",
      "units": "feets",
      "value": 24500.0
    },
    "floor": {
      "origin": "fl",
      "units": "feets",
      "value": 12500.0
    }
  },
  "handle": 4280396042,
  "identifier": "LKTRA36",
  "name": "",
  "note": {
    "lines": [
      "F125 - F245"
    ]
  },
  "validFrom": "0001-01-01T00:00:00",
  "validTo": "0001-01-01T00:00:00",
  "thumbprint": "ce2bc776159b6197b45d594d4feb7c95717e41f0527c257e15c76b999fa454f9",
  "timestamp": "2024-03-28T00:00:00",
  "geometry": {
    "coordinates": [],
    "radius": 0.0,
    "shape": "none"
  }
},
{
  "activationRange": {
    "end": "2024-03-28T13:00:00",
    "start": "2024-03-28T08:00:00"
  },
  "elevationRange": {
    "ceiling": {
      "origin": "fl",
      "units": "feets",
      "value": 66000.0
    },
    "floor": {
      "origin": "fl",
      "units": "feets",
      "value": 9500.0
    }
  },
  "handle": 3521175759,
  "identifier": "LKTRA37",
  "name": "",
  "note": {
    "lines": [
      "F095 - F660"
    ]
  },
  "validFrom": "0001-01-01T00:00:00",
  "validTo": "0001-01-01T00:00:00",
  "thumbprint": "8b5d73c0c70ca6be17a12ca3aec40255f172d5f73a3ffe9ea31b2854b4ac76d8",
  "timestamp": "2024-03-28T00:00:00",
  "geometry": {
    "coordinates": [],
    "radius": 0.0,
    "shape": "none"
  }
},
{
  "activationRange": {
    "end": "2024-03-28T13:00:00",
    "start": "2024-03-28T08:00:00"
  },
  "elevationRange": {
    "ceiling": {
      "origin": "fl",
      "units": "feets",
      "value": 12500.0
    },
    "floor": {
      "origin": "amsl",
      "units": "feets",
      "value": 1000.0
    }
  },
  "handle": 1178833039,
  "identifier": "LKTRA56",
  "name": "",
  "note": {
    "lines": [
      "1000FT/AGL - F125"
    ]
  },
  "validFrom": "0001-01-01T00:00:00",
  "validTo": "0001-01-01T00:00:00",
  "thumbprint": "e575eeed6263c4bc5e41622e10020321c270d4a984377a14ab0a796ebcb4fff1",
  "timestamp": "2024-03-28T00:00:00",
  "geometry": {
    "coordinates": [],
    "radius": 0.0,
    "shape": "none"
  }
},
{
  "activationRange": {
    "end": "2024-03-28T13:00:00",
    "start": "2024-03-28T08:00:00"
  },
  "elevationRange": {
    "ceiling": {
      "origin": "fl",
      "units": "feets",
      "value": 12500.0
    },
    "floor": {
      "origin": "amsl",
      "units": "feets",
      "value": 3000.0
    }
  },
  "handle": 3138888588,
  "identifier": "LKTRA57",
  "name": "",
  "note": {
    "lines": [
      "3000FT/AMSL -  F125"
    ]
  },
  "validFrom": "0001-01-01T00:00:00",
  "validTo": "0001-01-01T00:00:00",
  "thumbprint": "6d2115528d07a1fd26cf0657521f2b395648d72aaae204771af315f5d9b10f21",
  "timestamp": "2024-03-28T00:00:00",
  "geometry": {
    "coordinates": [],
    "radius": 0.0,
    "shape": "none"
  }
},
{
  "activationRange": {
    "end": "2024-03-28T15:00:00",
    "start": "2024-03-28T07:00:00"
  },
  "elevationRange": {
    "ceiling": {
      "origin": "fl",
      "units": "feets",
      "value": 9500.0
    },
    "floor": {
      "origin": "agl",
      "units": "feets",
      "value": 0.0
    }
  },
  "handle": 555726680,
  "identifier": "LKTRA6",
  "name": "",
  "note": {
    "lines": [
      "GND - F095"
    ]
  },
  "validFrom": "0001-01-01T00:00:00",
  "validTo": "0001-01-01T00:00:00",
  "thumbprint": "080ae443c399ca975898f57b3e5a64b790a5f2cd60364276a2613adff8d85106",
  "timestamp": "2024-03-28T00:00:00",
  "geometry": {
    "coordinates": [],
    "radius": 0.0,
    "shape": "none"
  }
},
{
  "activationRange": {
    "end": "2024-03-28T13:00:00",
    "start": "2024-03-28T08:00:00"
  },
  "elevationRange": {
    "ceiling": {
      "origin": "amsl",
      "units": "feets",
      "value": 3000.0
    },
    "floor": {
      "origin": "agl",
      "units": "feets",
      "value": 0.0
    }
  },
  "handle": 2457052224,
  "identifier": "LKTRA61",
  "name": "",
  "note": {
    "lines": [
      "GND - 3000FT/AMSL"
    ]
  },
  "validFrom": "0001-01-01T00:00:00",
  "validTo": "0001-01-01T00:00:00",
  "thumbprint": "b7f196c85b1486caa8bff6cf39e5af6e25fdae0a53d73de50804f8695626512f",
  "timestamp": "2024-03-28T00:00:00",
  "geometry": {
    "coordinates": [],
    "radius": 0.0,
    "shape": "none"
  }
},
{
  "activationRange": {
    "end": "2024-03-28T13:00:00",
    "start": "2024-03-28T08:00:00"
  },
  "elevationRange": {
    "ceiling": {
      "origin": "fl",
      "units": "feets",
      "value": 24500.0
    },
    "floor": {
      "origin": "amsl",
      "units": "feets",
      "value": 3000.0
    }
  },
  "handle": 904227015,
  "identifier": "LKTRA62",
  "name": "",
  "note": {
    "lines": [
      "3000FT/AMSL -  F245"
    ]
  },
  "validFrom": "0001-01-01T00:00:00",
  "validTo": "0001-01-01T00:00:00",
  "thumbprint": "7462df8ded871680590b22e57e71f5a6feb0d310be0c5ab6188a6432a2124c22",
  "timestamp": "2024-03-28T00:00:00",
  "geometry": {
    "coordinates": [],
    "radius": 0.0,
    "shape": "none"
  }
},
{
  "activationRange": {
    "end": "2024-03-28T13:00:00",
    "start": "2024-03-28T08:00:00"
  },
  "elevationRange": {
    "ceiling": {
      "origin": "fl",
      "units": "feets",
      "value": 12500.0
    },
    "floor": {
      "origin": "fl",
      "units": "feets",
      "value": 9500.0
    }
  },
  "handle": 797029373,
  "identifier": "LKTRA63",
  "name": "",
  "note": {
    "lines": [
      "F095 - F125"
    ]
  },
  "validFrom": "0001-01-01T00:00:00",
  "validTo": "0001-01-01T00:00:00",
  "thumbprint": "29803c00f0eccd0e02cc825d91fef470f1937afc271dcbad80b2b3747c689dd2",
  "timestamp": "2024-03-28T00:00:00",
  "geometry": {
    "coordinates": [],
    "radius": 0.0,
    "shape": "none"
  }
},
{
  "activationRange": {
    "end": "2024-03-28T13:00:00",
    "start": "2024-03-28T08:00:00"
  },
  "elevationRange": {
    "ceiling": {
      "origin": "amsl",
      "units": "feets",
      "value": 1000.0
    },
    "floor": {
      "origin": "agl",
      "units": "feets",
      "value": 0.0
    }
  },
  "handle": 1369571151,
  "identifier": "LKTRA71",
  "name": "",
  "note": {
    "lines": [
      "GND - 1000FT/AGL"
    ]
  },
  "validFrom": "0001-01-01T00:00:00",
  "validTo": "0001-01-01T00:00:00",
  "thumbprint": "4c5ada968cc5b741bd40c5be646b166d46035bbad0444f4628406cc54468c47c",
  "timestamp": "2024-03-28T00:00:00",
  "geometry": {
    "coordinates": [],
    "radius": 0.0,
    "shape": "none"
  }
},
{
  "activationRange": {
    "end": "2024-03-28T13:00:00",
    "start": "2024-03-28T08:00:00"
  },
  "elevationRange": {
    "ceiling": {
      "origin": "amsl",
      "units": "feets",
      "value": 3000.0
    },
    "floor": {
      "origin": "agl",
      "units": "feets",
      "value": 0.0
    }
  },
  "handle": 183923045,
  "identifier": "LKTRA72",
  "name": "",
  "note": {
    "lines": [
      "GND - 3000FT/AMSL"
    ]
  },
  "validFrom": "0001-01-01T00:00:00",
  "validTo": "0001-01-01T00:00:00",
  "thumbprint": "5a7cf28e117a40f0f6a36c4942799d2d30f4ed8092e6cc9ee9215bbeaebe8cad",
  "timestamp": "2024-03-28T00:00:00",
  "geometry": {
    "coordinates": [],
    "radius": 0.0,
    "shape": "none"
  }
},
{
  "activationRange": {
    "end": "2024-03-28T13:00:00",
    "start": "2024-03-28T08:00:00"
  },
  "elevationRange": {
    "ceiling": {
      "origin": "amsl",
      "units": "feets",
      "value": 2500.0
    },
    "floor": {
      "origin": "agl",
      "units": "feets",
      "value": 0.0
    }
  },
  "handle": 1466900494,
  "identifier": "LKTRA73",
  "name": "",
  "note": {
    "lines": [
      "GND - 2500FT/AMSL"
    ]
  },
  "validFrom": "0001-01-01T00:00:00",
  "validTo": "0001-01-01T00:00:00",
  "thumbprint": "1c9c2066f21c923ce4d1186abdf2db827c010da3ad103bc5b410aa7784cfe570",
  "timestamp": "2024-03-28T00:00:00",
  "geometry": {
    "coordinates": [],
    "radius": 0.0,
    "shape": "none"
  }
},
{
  "activationRange": {
    "end": "2024-03-28T13:00:00",
    "start": "2024-03-28T08:00:00"
  },
  "elevationRange": {
    "ceiling": {
      "origin": "fl",
      "units": "feets",
      "value": 7500.0
    },
    "floor": {
      "origin": "amsl",
      "units": "feets",
      "value": 1000.0
    }
  },
  "handle": 1273986205,
  "identifier": "LKTRA76",
  "name": "",
  "note": {
    "lines": [
      "1000FT/AGL - F075"
    ]
  },
  "validFrom": "0001-01-01T00:00:00",
  "validTo": "0001-01-01T00:00:00",
  "thumbprint": "2af4c551533cc4345d7ee05a850b4e1f6381a03cf141adb56813ca232ccaf7ad",
  "timestamp": "2024-03-28T00:00:00",
  "geometry": {
    "coordinates": [],
    "radius": 0.0,
    "shape": "none"
  }
},
{
  "activationRange": {
    "end": "2024-03-28T13:00:00",
    "start": "2024-03-28T08:00:00"
  },
  "elevationRange": {
    "ceiling": {
      "origin": "fl",
      "units": "feets",
      "value": 24500.0
    },
    "floor": {
      "origin": "amsl",
      "units": "feets",
      "value": 1000.0
    }
  },
  "handle": 2069993654,
  "identifier": "LKTRA77",
  "name": "",
  "note": {
    "lines": [
      "1000FT/AGL - F245"
    ]
  },
  "validFrom": "0001-01-01T00:00:00",
  "validTo": "0001-01-01T00:00:00",
  "thumbprint": "ac5e370b4768a288b8a68e0fd0c3b2edd5f6261e9e11e4f790f04b0e1dea0a7a",
  "timestamp": "2024-03-28T00:00:00",
  "geometry": {
    "coordinates": [],
    "radius": 0.0,
    "shape": "none"
  }
},
{
  "activationRange": {
    "end": "2024-03-28T13:00:00",
    "start": "2024-03-28T08:00:00"
  },
  "elevationRange": {
    "ceiling": {
      "origin": "fl",
      "units": "feets",
      "value": 24500.0
    },
    "floor": {
      "origin": "amsl",
      "units": "feets",
      "value": 1000.0
    }
  },
  "handle": 1993031172,
  "identifier": "LKTRA78",
  "name": "",
  "note": {
    "lines": [
      "1000FT/AGL - F245"
    ]
  },
  "validFrom": "0001-01-01T00:00:00",
  "validTo": "0001-01-01T00:00:00",
  "thumbprint": "f91e46a6c6043ba5d4c2e798a093a61695cf4015a43b15a87e6e5126082a18ff",
  "timestamp": "2024-03-28T00:00:00",
  "geometry": {
    "coordinates": [],
    "radius": 0.0,
    "shape": "none"
  }
},
{
  "activationRange": {
    "end": "2024-03-28T13:00:00",
    "start": "2024-03-28T08:00:00"
  },
  "elevationRange": {
    "ceiling": {
      "origin": "fl",
      "units": "feets",
      "value": 24500.0
    },
    "floor": {
      "origin": "fl",
      "units": "feets",
      "value": 9500.0
    }
  },
  "handle": 527272860,
  "identifier": "LKTRA79",
  "name": "",
  "note": {
    "lines": [
      "F095 - F245"
    ]
  },
  "validFrom": "0001-01-01T00:00:00",
  "validTo": "0001-01-01T00:00:00",
  "thumbprint": "4109ad2d7e7a59f929992ef094c09f606ba07363f5d659fb5ec28c7eb582fbd1",
  "timestamp": "2024-03-28T00:00:00",
  "geometry": {
    "coordinates": [],
    "radius": 0.0,
    "shape": "none"
  }
},
{
  "activationRange": {
    "end": "2024-03-28T13:00:00",
    "start": "2024-03-28T08:00:00"
  },
  "elevationRange": {
    "ceiling": {
      "origin": "amsl",
      "units": "feets",
      "value": 1000.0
    },
    "floor": {
      "origin": "amsl",
      "units": "feets",
      "value": 300.0
    }
  },
  "handle": 1764119248,
  "identifier": "LKTSA20",
  "name": "",
  "note": {
    "lines": [
      "300FT/AGL - 1000FT/AGL"
    ]
  },
  "validFrom": "0001-01-01T00:00:00",
  "validTo": "0001-01-01T00:00:00",
  "thumbprint": "737f0f5f62c43ba9c778cf9227527de726ead8072b39996c49abe25435587da0",
  "timestamp": "2024-03-28T00:00:00",
  "geometry": {
    "coordinates": [],
    "radius": 0.0,
    "shape": "none"
  }
},
{
  "activationRange": {
    "end": "2024-03-28T13:00:00",
    "start": "2024-03-28T09:00:00"
  },
  "elevationRange": {
    "ceiling": {
      "origin": "amsl",
      "units": "feets",
      "value": 1000.0
    },
    "floor": {
      "origin": "amsl",
      "units": "feets",
      "value": 300.0
    }
  },
  "handle": 1469421180,
  "identifier": "LKTSA21",
  "name": "",
  "note": {
    "lines": [
      "300FT/AGL - 1000FT/AGL"
    ]
  },
  "validFrom": "0001-01-01T00:00:00",
  "validTo": "0001-01-01T00:00:00",
  "thumbprint": "0208542f89a55d55a4dd918a3e96e7e6f3c0d9cd02c2343d1ca495d319d08df7",
  "timestamp": "2024-03-28T00:00:00",
  "geometry": {
    "coordinates": [],
    "radius": 0.0,
    "shape": "none"
  }
},
{
  "activationRange": {
    "end": "2024-03-28T13:00:00",
    "start": "2024-03-28T09:00:00"
  },
  "elevationRange": {
    "ceiling": {
      "origin": "amsl",
      "units": "feets",
      "value": 1000.0
    },
    "floor": {
      "origin": "amsl",
      "units": "feets",
      "value": 300.0
    }
  },
  "handle": 1264512298,
  "identifier": "LKTSA22",
  "name": "",
  "note": {
    "lines": [
      "300FT/AGL - 1000FT/AGL"
    ]
  },
  "validFrom": "0001-01-01T00:00:00",
  "validTo": "0001-01-01T00:00:00",
  "thumbprint": "c7a7a033a4e787093925cd12bb13b139309a88003e592ac60e79abb0cad409f4",
  "timestamp": "2024-03-28T00:00:00",
  "geometry": {
    "coordinates": [],
    "radius": 0.0,
    "shape": "none"
  }
},
{
  "activationRange": {
    "end": "2024-03-28T13:00:00",
    "start": "2024-03-28T08:00:00"
  },
  "elevationRange": {
    "ceiling": {
      "origin": "amsl",
      "units": "feets",
      "value": 1000.0
    },
    "floor": {
      "origin": "amsl",
      "units": "feets",
      "value": 300.0
    }
  },
  "handle": 2388806328,
  "identifier": "LKTSA26",
  "name": "",
  "note": {
    "lines": [
      "300FT/AGL - 1000FT/AGL"
    ]
  },
  "validFrom": "0001-01-01T00:00:00",
  "validTo": "0001-01-01T00:00:00",
  "thumbprint": "e3f5e3394e8b8fa5c31947fa6b17effff9fc0c964aa79e0c4aa2110e10bf5435",
  "timestamp": "2024-03-28T00:00:00",
  "geometry": {
    "coordinates": [],
    "radius": 0.0,
    "shape": "none"
  }
},
{
  "activationRange": {
    "end": "2024-03-28T13:00:00",
    "start": "2024-03-28T08:00:00"
  },
  "elevationRange": {
    "ceiling": {
      "origin": "amsl",
      "units": "feets",
      "value": 1000.0
    },
    "floor": {
      "origin": "amsl",
      "units": "feets",
      "value": 300.0
    }
  },
  "handle": 1437012115,
  "identifier": "LKTSA27",
  "name": "",
  "note": {
    "lines": [
      "300FT/AGL - 1000FT/AGL"
    ]
  },
  "validFrom": "0001-01-01T00:00:00",
  "validTo": "0001-01-01T00:00:00",
  "thumbprint": "20880131716b71234e70fb6f134d421c64bdd5f4ff11ceddc9a2d6b4958c9a50",
  "timestamp": "2024-03-28T00:00:00",
  "geometry": {
    "coordinates": [],
    "radius": 0.0,
    "shape": "none"
  }
}
]