[
{
  "elevationRange": {
    "ceiling": {
      "origin": "amsl",
      "units": "feets",
      "value": 500.0
    },
    "floor": {
      "origin": "amsl",
      "units": "feets",
      "value": 0.0
    }
  },
  "geometry": {
    "coordinates": [
      {
        "index": 0,
        "latitude": 50.49,
        "longitude": 13.46
      }
    ],
    "radius": 185.2,
    "shape": "point"
  },
  "handle": 2242346398,
  "identifier": "LKD8",
  "name": "D8 (OTVICE)",
  "note": {
    "lines": [
      "Vypouu0161tu011bnu00ed plynu. Nebezpeu010du00ed vu00fdbuchu.H 24"
    ]
  },
  "validFrom": "0001-01-01T00:00:00",
  "validTo": "0001-01-01T00:00:00",
  "schedule": {
    "lines": []
  },
  "thumbprint": "0c8d7065f311f92b6904b2c946e8969c530be078b245f3cd166e78c878d09a19",
  "web": []
},
{
  "elevationRange": {
    "ceiling": {
      "origin": "amsl",
      "units": "feets",
      "value": 1000.0
    },
    "floor": {
      "origin": "amsl",
      "units": "feets",
      "value": 0.0
    }
  },
  "geometry": {
    "coordinates": [
      {
        "index": 0,
        "latitude": 50.12,
        "longitude": 14.57
      }
    ],
    "radius": 555.6,
    "shape": "point"
  },
  "handle": 3344390710,
  "identifier": "LKD4",
  "name": "D4 (SATALICE)",
  "note": {
    "lines": [
      "Vypouu0161tu011bnu00ed plynu. Nebezpeu010du00ed vu00fdbuchu.H 24"
    ]
  },
  "validFrom": "0001-01-01T00:00:00",
  "validTo": "0001-01-01T00:00:00",
  "schedule": {
    "lines": []
  },
  "thumbprint": "2a45406ee90a9ab6fdf8a272bae34fae6f2752e69ca558c9c9d82a453d3c3d60",
  "web": []
},
{
  "elevationRange": {
    "ceiling": {
      "origin": "amsl",
      "units": "feets",
      "value": 1000.0
    },
    "floor": {
      "origin": "amsl",
      "units": "feets",
      "value": 0.0
    }
  },
  "geometry": {
    "coordinates": [
      {
        "index": 0,
        "latitude": 49.21,
        "longitude": 14.68
      }
    ],
    "radius": 1481.6,
    "shape": "point"
  },
  "handle": 3790489043,
  "identifier": "LKD5",
  "name": "D5 (VESELI)",
  "note": {
    "lines": [
      "Vypouu0161tu011bnu00ed plynu. Nebezpeu010du00ed vu00fdbuchu.H 24"
    ]
  },
  "validFrom": "0001-01-01T00:00:00",
  "validTo": "0001-01-01T00:00:00",
  "schedule": {
    "lines": []
  },
  "thumbprint": "283bd8c319b94e22d1ed9216fcb27b526b7c2a7ba7f9a3aa967c53676139cc64",
  "web": []
},
{
  "elevationRange": {
    "ceiling": {
      "origin": "amsl",
      "units": "feets",
      "value": 1000.0
    },
    "floor": {
      "origin": "amsl",
      "units": "feets",
      "value": 0.0
    }
  },
  "geometry": {
    "coordinates": [
      {
        "index": 0,
        "latitude": 48.87,
        "longitude": 17.03
      }
    ],
    "radius": 1481.6,
    "shape": "point"
  },
  "handle": 509593468,
  "identifier": "LKD6",
  "name": "D6 (DOLNu00cd BOJANOVICE)",
  "note": {
    "lines": [
      "Vypouu0161tu011bnu00ed plynu. Nebezpeu010du00ed vu00fdbuchu.H 24"
    ]
  },
  "validFrom": "0001-01-01T00:00:00",
  "validTo": "0001-01-01T00:00:00",
  "schedule": {
    "lines": []
  },
  "thumbprint": "58ec71693344f817271e992e5bf1c8658dbaf0faf2cf0dd836a2b0e1a624a891",
  "web": []
},
{
  "elevationRange": {
    "ceiling": {
      "origin": "amsl",
      "units": "feets",
      "value": 1000.0
    },
    "floor": {
      "origin": "amsl",
      "units": "feets",
      "value": 0.0
    }
  },
  "geometry": {
    "coordinates": [
      {
        "index": 0,
        "latitude": 49.22,
        "longitude": 16.21
      }
    ],
    "radius": 1481.6,
    "shape": "point"
  },
  "handle": 3120988656,
  "identifier": "LKD1",
  "name": "D1 (KRALICE)",
  "note": {
    "lines": [
      "Vypouu0161tu011bnu00ed plynu. Nebezpeu010du00ed vu00fdbuchu.H 24"
    ]
  },
  "validFrom": "0001-01-01T00:00:00",
  "validTo": "0001-01-01T00:00:00",
  "schedule": {
    "lines": []
  },
  "thumbprint": "776826b410cf4dc2ac15a88d13b3fa126c4a3e316a0da7f55fa5f9257b36f194",
  "web": []
},
{
  "elevationRange": {
    "ceiling": {
      "origin": "amsl",
      "units": "feets",
      "value": 9500.0
    },
    "floor": {
      "origin": "amsl",
      "units": "feets",
      "value": 0.0
    }
  },
  "geometry": {
    "coordinates": [
      {
        "index": 0,
        "latitude": 50.61,
        "longitude": 14.84
      }
    ],
    "radius": 2500.2,
    "shape": "point"
  },
  "handle": 1694329144,
  "identifier": "LKD7",
  "name": "D7 (STRAZISTE)",
  "note": {
    "lines": [
      "Likvidace vu00fdbuu0161ninH 24"
    ]
  },
  "validFrom": "0001-01-01T00:00:00",
  "validTo": "0001-01-01T00:00:00",
  "schedule": {
    "lines": []
  },
  "thumbprint": "4060e92a15871692fbe1ca6e2b9c099052bececa727fa767346d89c0fcaa3812",
  "web": []
},
{
  "elevationRange": {
    "ceiling": {
      "origin": "amsl",
      "units": "feets",
      "value": 9500.0
    },
    "floor": {
      "origin": "amsl",
      "units": "feets",
      "value": 0.0
    }
  },
  "geometry": {
    "coordinates": [
      {
        "index": 0,
        "latitude": 49.75,
        "longitude": 13.91
      }
    ],
    "radius": 2778.0,
    "shape": "point"
  },
  "handle": 889998687,
  "identifier": "LKD9",
  "name": "D9 (BRDA)",
  "note": {
    "lines": [
      "Likvidace vu00fdbuu0161ninDoba: MONu2212SUN 0600u22121800"
    ]
  },
  "validFrom": "0001-01-01T00:00:00",
  "validTo": "0001-01-01T00:00:00",
  "schedule": {
    "lines": []
  },
  "thumbprint": "2e50c2946559d7ed77d09ff6ac8b52da7a59465896c1affa592d85328a700a9e",
  "web": []
},
{
  "elevationRange": {
    "ceiling": {
      "origin": "amsl",
      "units": "feets",
      "value": 9500.0
    },
    "floor": {
      "origin": "amsl",
      "units": "feets",
      "value": 0.0
    }
  },
  "geometry": {
    "coordinates": [
      {
        "index": 0,
        "latitude": 49.67,
        "longitude": 17.6
      }
    ],
    "radius": 12964.0,
    "shape": "point"
  },
  "handle": 1363951452,
  "identifier": "LKD13",
  "name": "D13 (MILOVANY)",
  "note": {
    "lines": [
      "u010cinnostOAT lety UA (bez mou017enosti vyhnutu00ed se ostatnu00edmu provozu)"
    ]
  },
  "validFrom": "0001-01-01T00:00:00",
  "validTo": "0001-01-01T00:00:00",
  "schedule": {
    "lines": []
  },
  "thumbprint": "dcebd8c05718cee7e6b07ead4e2f2508d46065861ba6131cbc4bd7f97bdc1c69",
  "web": []
},
{
  "elevationRange": {
    "ceiling": {
      "origin": "amsl",
      "units": "feets",
      "value": 9500.0
    },
    "floor": {
      "origin": "amsl",
      "units": "feets",
      "value": 0.0
    }
  },
  "geometry": {
    "coordinates": [
      {
        "index": 0,
        "latitude": 48.88,
        "longitude": 14.07
      }
    ],
    "radius": 12964.0,
    "shape": "point"
  },
  "handle": 2224784175,
  "identifier": "LKD11",
  "name": "D11 (CHLUM)",
  "note": {
    "lines": [
      "u010cinnostOAT lety UA (bez mou017enosti vyhnutu00ed se ostatnu00edmu provozu)"
    ]
  },
  "validFrom": "0001-01-01T00:00:00",
  "validTo": "0001-01-01T00:00:00",
  "schedule": {
    "lines": []
  },
  "thumbprint": "d8042dc264f7a1f8a954b7b50be48b8f398e5774086dc4916d301a38b4fdca36",
  "web": []
},
{
  "elevationRange": {
    "ceiling": {
      "origin": "amsl",
      "units": "feets",
      "value": 1000.0
    },
    "floor": {
      "origin": "amsl",
      "units": "feets",
      "value": 0.0
    }
  },
  "geometry": {
    "coordinates": [
      {
        "index": 0,
        "latitude": 48.78,
        "longitude": 16.94
      }
    ],
    "radius": 1481.6,
    "shape": "point"
  },
  "handle": 3274178915,
  "identifier": "LKD3",
  "name": "D3 (BRECLAV)",
  "note": {
    "lines": [
      "Vypouu0161tu011bnu00ed plynu. Nebezpeu010du00ed vu00fdbuchu.H 24"
    ]
  },
  "validFrom": "0001-01-01T00:00:00",
  "validTo": "0001-01-01T00:00:00",
  "schedule": {
    "lines": []
  },
  "thumbprint": "5166968ae10ae37413487244ee3a5e0e03f75f9f345504f8fadf3074974bc9e1",
  "web": []
},
{
  "elevationRange": {
    "ceiling": {
      "origin": "amsl",
      "units": "feets",
      "value": 1000.0
    },
    "floor": {
      "origin": "amsl",
      "units": "feets",
      "value": 0.0
    }
  },
  "geometry": {
    "coordinates": [
      {
        "index": 0,
        "latitude": 50.02,
        "longitude": 14.93
      }
    ],
    "radius": 1481.6,
    "shape": "point"
  },
  "handle": 1408485827,
  "identifier": "LKD2",
  "name": "D2 (KOURIM)",
  "note": {
    "lines": [
      "Vypouu0161tu011bnu00ed plynu. Nebezpeu010du00ed vu00fdbuchu.H 24"
    ]
  },
  "validFrom": "0001-01-01T00:00:00",
  "validTo": "0001-01-01T00:00:00",
  "schedule": {
    "lines": []
  },
  "thumbprint": "9711b809635e295d2073a2484531de65a3b6da1c15284b6f0da2da46266a9389",
  "web": []
},
{
  "elevationRange": {
    "ceiling": {
      "origin": "amsl",
      "units": "feets",
      "value": 1000.0
    },
    "floor": {
      "origin": "amsl",
      "units": "feets",
      "value": 0.0
    }
  },
  "geometry": {
    "coordinates": [
      {
        "index": 1,
        "latitude": 48.9,
        "longitude": 16.61
      },
      {
        "index": 2,
        "latitude": 48.84,
        "longitude": 16.55
      },
      {
        "index": 3,
        "latitude": 48.82,
        "longitude": 16.59
      },
      {
        "index": 4,
        "latitude": 48.89,
        "longitude": 16.65
      },
      {
        "index": 5,
        "latitude": 48.9,
        "longitude": 16.61
      }
    ],
    "radius": 0.0,
    "shape": "polygon"
  },
  "handle": 3366392045,
  "identifier": "LKD10",
  "name": "D10 (DOLNu00cd DUNAJOVICE)",
  "note": {
    "lines": [
      "Vypouu0161tu011bnu00ed plynu. Nebezpeu010du00ed vu00fdbuchu.H 24"
    ]
  },
  "validFrom": "0001-01-01T00:00:00",
  "validTo": "0001-01-01T00:00:00",
  "schedule": {
    "lines": []
  },
  "thumbprint": "537cefc4447ec88444464e77c9ac02fc2a54a7b6d0198c5fafa983a4fcefc815",
  "web": []
},
{
  "elevationRange": {
    "ceiling": {
      "origin": "amsl",
      "units": "feets",
      "value": 9500.0
    },
    "floor": {
      "origin": "amsl",
      "units": "feets",
      "value": 0.0
    }
  },
  "geometry": {
    "coordinates": [
      {
        "index": 0,
        "latitude": 50.3,
        "longitude": 13.14
      }
    ],
    "radius": 12964.0,
    "shape": "point"
  },
  "handle": 1157007814,
  "identifier": "LKD14",
  "name": "D14 (LESNu00c1)",
  "note": {
    "lines": [
      "u010cinnostOAT lety UA (bez mou017enosti vyhnutu00ed se ostatnu00edmu provozu)"
    ]
  },
  "validFrom": "0001-01-01T00:00:00",
  "validTo": "0001-01-01T00:00:00",
  "schedule": {
    "lines": []
  },
  "thumbprint": "2a487e7f58aa15f58091a15d33883fafb718688b8ade7ccd4d31307e322e3102",
  "web": []
}
]