[
{
  "elevationRange": {
    "ceiling": {
      "origin": "amsl",
      "units": "feets",
      "value": 4000.0
    },
    "floor": {
      "origin": "amsl",
      "units": "feets",
      "value": 0.0
    }
  },
  "geometry": {
    "coordinates": [
      {
        "index": 0,
        "latitude": 49.44,
        "longitude": 14.62
      }
    ],
    "radius": 1852.0,
    "shape": "point"
  },
  "handle": 2577462924,
  "identifier": "Vu0161echov",
  "name": "PGZ Vu0161echov",
  "note": {
    "lines": []
  },
  "validFrom": "0001-01-01T00:00:00",
  "validTo": "0001-01-01T00:00:00",
  "thumbprint": "9c5388e391d2cbb50eb85f75e9928a956867f4fdf0cc3efce4d256c4fd1f708e",
  "web": []
},
{
  "elevationRange": {
    "ceiling": {
      "origin": "amsl",
      "units": "feets",
      "value": 4000.0
    },
    "floor": {
      "origin": "amsl",
      "units": "feets",
      "value": 0.0
    }
  },
  "geometry": {
    "coordinates": [
      {
        "index": 0,
        "latitude": 49.09,
        "longitude": 15.64
      }
    ],
    "radius": 1852.0,
    "shape": "point"
  },
  "handle": 444521611,
  "identifier": "Radkovice u Budu010de",
  "name": "PGZ Radkovice u Budu010de",
  "note": {
    "lines": []
  },
  "validFrom": "0001-01-01T00:00:00",
  "validTo": "0001-01-01T00:00:00",
  "thumbprint": "83b0cb7959a5695729c3ed2fd10288a9fb8889a14a30e17a2954f6f327967ef5",
  "web": []
},
{
  "elevationRange": {
    "ceiling": {
      "origin": "amsl",
      "units": "feets",
      "value": 4000.0
    },
    "floor": {
      "origin": "amsl",
      "units": "feets",
      "value": 0.0
    }
  },
  "geometry": {
    "coordinates": [
      {
        "index": 0,
        "latitude": 49.77,
        "longitude": 16.52
      }
    ],
    "radius": 1852.0,
    "shape": "point"
  },
  "handle": 3291465206,
  "identifier": "Koclu00edu0159ov",
  "name": "PGZ Koclu00edu0159ov",
  "note": {
    "lines": []
  },
  "validFrom": "0001-01-01T00:00:00",
  "validTo": "0001-01-01T00:00:00",
  "thumbprint": "aea446355c42905c8ed9c556bd13d52936b57d05f0aab1fccf1c1406ea9b17e1",
  "web": []
},
{
  "elevationRange": {
    "ceiling": {
      "origin": "amsl",
      "units": "feets",
      "value": 4000.0
    },
    "floor": {
      "origin": "amsl",
      "units": "feets",
      "value": 0.0
    }
  },
  "geometry": {
    "coordinates": [
      {
        "index": 0,
        "latitude": 49.11,
        "longitude": 15.47
      }
    ],
    "radius": 1852.0,
    "shape": "point"
  },
  "handle": 174080251,
  "identifier": "Malu00fd Pu011bu010du00edn",
  "name": "PGZ Malu00fd Pu011bu010du00edn",
  "note": {
    "lines": []
  },
  "validFrom": "0001-01-01T00:00:00",
  "validTo": "0001-01-01T00:00:00",
  "thumbprint": "3fd04863f1fba75a4cac4b45110689828f7651dbca755200d6f89042d1c8d50a",
  "web": []
},
{
  "elevationRange": {
    "ceiling": {
      "origin": "amsl",
      "units": "feets",
      "value": 4000.0
    },
    "floor": {
      "origin": "amsl",
      "units": "feets",
      "value": 0.0
    }
  },
  "geometry": {
    "coordinates": [
      {
        "index": 0,
        "latitude": 50.62,
        "longitude": 14.73
      }
    ],
    "radius": 1852.0,
    "shape": "point"
  },
  "handle": 3313597011,
  "identifier": "Hradu010dany",
  "name": "PGZ Hradu010dany",
  "note": {
    "lines": []
  },
  "validFrom": "0001-01-01T00:00:00",
  "validTo": "0001-01-01T00:00:00",
  "thumbprint": "31728b586b0b828a61288c3af34baa342b37d8d80da3245648201834041f5aa7",
  "web": []
},
{
  "elevationRange": {
    "ceiling": {
      "origin": "amsl",
      "units": "feets",
      "value": 4000.0
    },
    "floor": {
      "origin": "amsl",
      "units": "feets",
      "value": 0.0
    }
  },
  "geometry": {
    "coordinates": [
      {
        "index": 0,
        "latitude": 49.83,
        "longitude": 16.21
      }
    ],
    "radius": 1852.0,
    "shape": "point"
  },
  "handle": 2314159560,
  "identifier": "Vidlatu00e1 Seu010d",
  "name": "PGZ Vidlatu00e1 Seu010d",
  "note": {
    "lines": []
  },
  "validFrom": "0001-01-01T00:00:00",
  "validTo": "0001-01-01T00:00:00",
  "thumbprint": "29f395b1c052417b43aaf2d8ae9b27227c2a16780fdbe4c351559ee2d0fc000f",
  "web": []
},
{
  "elevationRange": {
    "ceiling": {
      "origin": "amsl",
      "units": "feets",
      "value": 4000.0
    },
    "floor": {
      "origin": "amsl",
      "units": "feets",
      "value": 0.0
    }
  },
  "geometry": {
    "coordinates": [
      {
        "index": 0,
        "latitude": 49.43,
        "longitude": 13.8
      }
    ],
    "radius": 1852.0,
    "shape": "point"
  },
  "handle": 367387764,
  "identifier": "Tchou0159ovice",
  "name": "PGZ Tchou0159ovice",
  "note": {
    "lines": []
  },
  "validFrom": "0001-01-01T00:00:00",
  "validTo": "0001-01-01T00:00:00",
  "thumbprint": "47e672d7ac778812b6392b4d26f407b4af00a1cb3f81661c653d10ee0adc3005",
  "web": []
},
{
  "elevationRange": {
    "ceiling": {
      "origin": "amsl",
      "units": "feets",
      "value": 4000.0
    },
    "floor": {
      "origin": "amsl",
      "units": "feets",
      "value": 0.0
    }
  },
  "geometry": {
    "coordinates": [
      {
        "index": 0,
        "latitude": 50.45,
        "longitude": 14.04
      }
    ],
    "radius": 1852.0,
    "shape": "point"
  },
  "handle": 30500942,
  "identifier": "u010cerniv",
  "name": "PGZ u010cerniv",
  "note": {
    "lines": []
  },
  "validFrom": "0001-01-01T00:00:00",
  "validTo": "0001-01-01T00:00:00",
  "thumbprint": "b511c707a8a62365debb8a2172f3cdd07a95848cb4c82b59bb8f165e3f5a4e5d",
  "web": []
},
{
  "elevationRange": {
    "ceiling": {
      "origin": "amsl",
      "units": "feets",
      "value": 4000.0
    },
    "floor": {
      "origin": "amsl",
      "units": "feets",
      "value": 0.0
    }
  },
  "geometry": {
    "coordinates": [
      {
        "index": 0,
        "latitude": 49.42,
        "longitude": 16.85
      }
    ],
    "radius": 1852.0,
    "shape": "point"
  },
  "handle": 1029201828,
  "identifier": "Niva",
  "name": "PGZ Niva",
  "note": {
    "lines": []
  },
  "validFrom": "0001-01-01T00:00:00",
  "validTo": "0001-01-01T00:00:00",
  "thumbprint": "97c41fbde7b32c74903bca23b06e4258f877524ca1d8c0df2353916fe414a2e8",
  "web": []
},
{
  "elevationRange": {
    "ceiling": {
      "origin": "amsl",
      "units": "feets",
      "value": 4000.0
    },
    "floor": {
      "origin": "amsl",
      "units": "feets",
      "value": 0.0
    }
  },
  "geometry": {
    "coordinates": [
      {
        "index": 0,
        "latitude": 48.99,
        "longitude": 14.75
      }
    ],
    "radius": 1852.0,
    "shape": "point"
  },
  "handle": 4184157175,
  "identifier": "Tu0159ebou0148",
  "name": "PGZ Tu0159ebou0148",
  "note": {
    "lines": []
  },
  "validFrom": "0001-01-01T00:00:00",
  "validTo": "0001-01-01T00:00:00",
  "thumbprint": "5f736437e7991b6a0c9e056d7dc70376857e21e4e70c866bf5ad7df1bf118489",
  "web": []
},
{
  "elevationRange": {
    "ceiling": {
      "origin": "amsl",
      "units": "feets",
      "value": 4000.0
    },
    "floor": {
      "origin": "amsl",
      "units": "feets",
      "value": 0.0
    }
  },
  "geometry": {
    "coordinates": [
      {
        "index": 0,
        "latitude": 49.27,
        "longitude": 17.13
      }
    ],
    "radius": 1852.0,
    "shape": "point"
  },
  "handle": 1890751978,
  "identifier": "u0160vu00e1benice",
  "name": "PGZ u0160vu00e1benice",
  "note": {
    "lines": []
  },
  "validFrom": "0001-01-01T00:00:00",
  "validTo": "0001-01-01T00:00:00",
  "thumbprint": "734a5ac6a916cbb92b9f5fcdb131554499e0cd0b5a279f6f770124e0f14439a4",
  "web": []
},
{
  "elevationRange": {
    "ceiling": {
      "origin": "amsl",
      "units": "feets",
      "value": 4000.0
    },
    "floor": {
      "origin": "amsl",
      "units": "feets",
      "value": 0.0
    }
  },
  "geometry": {
    "coordinates": [
      {
        "index": 0,
        "latitude": 48.85,
        "longitude": 16.24
      }
    ],
    "radius": 1852.0,
    "shape": "point"
  },
  "handle": 1362569107,
  "identifier": "Borotice",
  "name": "PGZ Borotice",
  "note": {
    "lines": []
  },
  "validFrom": "0001-01-01T00:00:00",
  "validTo": "0001-01-01T00:00:00",
  "thumbprint": "05b2c60c47fdc15684c3498c3941cbe9a0b504e96dab10b9500f90165aeb4616",
  "web": []
},
{
  "elevationRange": {
    "ceiling": {
      "origin": "amsl",
      "units": "feets",
      "value": 4000.0
    },
    "floor": {
      "origin": "amsl",
      "units": "feets",
      "value": 0.0
    }
  },
  "geometry": {
    "coordinates": [
      {
        "index": 0,
        "latitude": 49.64,
        "longitude": 15.13
      }
    ],
    "radius": 1852.0,
    "shape": "point"
  },
  "handle": 4260117505,
  "identifier": "Loket",
  "name": "PGZ Loket",
  "note": {
    "lines": []
  },
  "validFrom": "0001-01-01T00:00:00",
  "validTo": "0001-01-01T00:00:00",
  "thumbprint": "81a9e16030af67e4cbc9aa0baeb49ff77210973cb3068719e255ffcd068e4473",
  "web": []
}
]