[
{
  "geometry": {
    "coordinates": [
      {
        "index": 0,
        "latitude": 50.31,
        "longitude": 13.93
      }
    ],
    "radius": 0.0,
    "shape": "point"
  },
  "elevationRange": {
    "ceiling": {
      "origin": "none",
      "units": "none",
      "value": 0.0
    },
    "floor": {
      "origin": "none",
      "units": "none",
      "value": 0.0
    }
  },
  "handle": 2242721877,
  "identifier": "Panensku00fd Tu00fdnec",
  "name": "PG Panensku00fd Tu00fdnec",
  "note": {
    "lines": []
  },
  "validFrom": "0001-01-01T00:00:00",
  "validTo": "0001-01-01T00:00:00",
  "thumbprint": "39e76b8bd6d2b41cf785e89a906336ae2a355355553915e713d1290dbc75ce34"
},
{
  "geometry": {
    "coordinates": [
      {
        "index": 0,
        "latitude": 49.94,
        "longitude": 15.55
      }
    ],
    "radius": 0.0,
    "shape": "point"
  },
  "elevationRange": {
    "ceiling": {
      "origin": "none",
      "units": "none",
      "value": 0.0
    },
    "floor": {
      "origin": "none",
      "units": "none",
      "value": 0.0
    }
  },
  "handle": 2685085985,
  "identifier": "Podhou0159any",
  "name": "PG Podhou0159any",
  "note": {
    "lines": []
  },
  "validFrom": "0001-01-01T00:00:00",
  "validTo": "0001-01-01T00:00:00",
  "thumbprint": "c537bf31d3c5b843de2a4f5d7ac9d750ee9d93eab0e2ced8ae1da446ab7efee0"
},
{
  "geometry": {
    "coordinates": [
      {
        "index": 0,
        "latitude": 48.95,
        "longitude": 14.43
      }
    ],
    "radius": 0.0,
    "shape": "point"
  },
  "elevationRange": {
    "ceiling": {
      "origin": "none",
      "units": "none",
      "value": 0.0
    },
    "floor": {
      "origin": "none",
      "units": "none",
      "value": 0.0
    }
  },
  "handle": 3832123966,
  "identifier": "u010cesku00e9 Budu011bjovice",
  "name": "PG u010cesku00e9 Budu011bjovice",
  "note": {
    "lines": []
  },
  "validFrom": "0001-01-01T00:00:00",
  "validTo": "0001-01-01T00:00:00",
  "thumbprint": "199ab78febf0c2c02717eefa10bfddae7d6135806f755c77c22a6facc0ef037f"
},
{
  "geometry": {
    "coordinates": [
      {
        "index": 0,
        "latitude": 49.51,
        "longitude": 18.3
      }
    ],
    "radius": 0.0,
    "shape": "point"
  },
  "elevationRange": {
    "ceiling": {
      "origin": "none",
      "units": "none",
      "value": 0.0
    },
    "floor": {
      "origin": "none",
      "units": "none",
      "value": 0.0
    }
  },
  "handle": 1969791401,
  "identifier": "Stolovu00e1 hora",
  "name": "PG Stolovu00e1 hora",
  "note": {
    "lines": []
  },
  "validFrom": "0001-01-01T00:00:00",
  "validTo": "0001-01-01T00:00:00",
  "thumbprint": "6ca05b981827a00358cceb312aa1bab2fb0e98cc2104e3b61c480a2bb9772d47"
},
{
  "geometry": {
    "coordinates": [
      {
        "index": 0,
        "latitude": 50.45,
        "longitude": 15.7
      }
    ],
    "radius": 0.0,
    "shape": "point"
  },
  "elevationRange": {
    "ceiling": {
      "origin": "none",
      "units": "none",
      "value": 0.0
    },
    "floor": {
      "origin": "none",
      "units": "none",
      "value": 0.0
    }
  },
  "handle": 3456229155,
  "identifier": "Zviu010dina",
  "name": "PG Zviu010dina",
  "note": {
    "lines": []
  },
  "validFrom": "0001-01-01T00:00:00",
  "validTo": "0001-01-01T00:00:00",
  "thumbprint": "fb33835c6da8c9ded0247c76fa4773e2d509f3b03e668708ce8885ca8d0b27b0"
},
{
  "geometry": {
    "coordinates": [
      {
        "index": 0,
        "latitude": 48.92,
        "longitude": 17.78
      }
    ],
    "radius": 0.0,
    "shape": "point"
  },
  "elevationRange": {
    "ceiling": {
      "origin": "none",
      "units": "none",
      "value": 0.0
    },
    "floor": {
      "origin": "none",
      "units": "none",
      "value": 0.0
    }
  },
  "handle": 879001502,
  "identifier": "Velku00fd Lopenu00edk",
  "name": "PG Velku00fd Lopenu00edk",
  "note": {
    "lines": []
  },
  "validFrom": "0001-01-01T00:00:00",
  "validTo": "0001-01-01T00:00:00",
  "thumbprint": "463953f5acc02f41280d9e53d287c1d0565ca7a201cd4ca8bdc59bdb0202119f"
},
{
  "geometry": {
    "coordinates": [
      {
        "index": 0,
        "latitude": 49.53,
        "longitude": 18.16
      }
    ],
    "radius": 0.0,
    "shape": "point"
  },
  "elevationRange": {
    "ceiling": {
      "origin": "none",
      "units": "none",
      "value": 0.0
    },
    "floor": {
      "origin": "none",
      "units": "none",
      "value": 0.0
    }
  },
  "handle": 456464111,
  "identifier": "Velku00fd Javornu00edk",
  "name": "PG Velku00fd Javornu00edk",
  "note": {
    "lines": []
  },
  "validFrom": "0001-01-01T00:00:00",
  "validTo": "0001-01-01T00:00:00",
  "thumbprint": "a1143229a1b0dfa492298a5e379457d22e5ab3184511df459bf4f0d45e8bd515"
},
{
  "geometry": {
    "coordinates": [
      {
        "index": 0,
        "latitude": 49.23,
        "longitude": 13.55
      }
    ],
    "radius": 0.0,
    "shape": "point"
  },
  "elevationRange": {
    "ceiling": {
      "origin": "none",
      "units": "none",
      "value": 0.0
    },
    "floor": {
      "origin": "none",
      "units": "none",
      "value": 0.0
    }
  },
  "handle": 365202566,
  "identifier": "Klatovy",
  "name": "PG Klatovy",
  "note": {
    "lines": []
  },
  "validFrom": "0001-01-01T00:00:00",
  "validTo": "0001-01-01T00:00:00",
  "thumbprint": "afafc622fda6c8f4d3e04c263923889275f1cc86485f2e54594fcf5acd0375c6"
},
{
  "geometry": {
    "coordinates": [
      {
        "index": 0,
        "latitude": 50.52,
        "longitude": 13.71
      }
    ],
    "radius": 0.0,
    "shape": "point"
  },
  "elevationRange": {
    "ceiling": {
      "origin": "none",
      "units": "none",
      "value": 0.0
    },
    "floor": {
      "origin": "none",
      "units": "none",
      "value": 0.0
    }
  },
  "handle": 3622799353,
  "identifier": "Zlatnu00edk",
  "name": "PG Zlatnu00edk",
  "note": {
    "lines": []
  },
  "validFrom": "0001-01-01T00:00:00",
  "validTo": "0001-01-01T00:00:00",
  "thumbprint": "0463d662ff8e7889b13a243df3dc99e9648ad63c2c3f6c7bbb2dbfe9b632af7d"
},
{
  "geometry": {
    "coordinates": [
      {
        "index": 0,
        "latitude": 49.51,
        "longitude": 18.37
      }
    ],
    "radius": 0.0,
    "shape": "point"
  },
  "elevationRange": {
    "ceiling": {
      "origin": "none",
      "units": "none",
      "value": 0.0
    },
    "floor": {
      "origin": "none",
      "units": "none",
      "value": 0.0
    }
  },
  "handle": 2814552875,
  "identifier": "Smrk",
  "name": "PG Smrk",
  "note": {
    "lines": []
  },
  "validFrom": "0001-01-01T00:00:00",
  "validTo": "0001-01-01T00:00:00",
  "thumbprint": "f2c86df4261c6af7bb00483884ac83790f33b6777e9730405c97a9cb3b636dd0"
},
{
  "geometry": {
    "coordinates": [
      {
        "index": 0,
        "latitude": 50.41,
        "longitude": 13.77
      }
    ],
    "radius": 0.0,
    "shape": "point"
  },
  "elevationRange": {
    "ceiling": {
      "origin": "none",
      "units": "none",
      "value": 0.0
    },
    "floor": {
      "origin": "none",
      "units": "none",
      "value": 0.0
    }
  },
  "handle": 643372028,
  "identifier": "Ranu00e1",
  "name": "PG Ranu00e1",
  "note": {
    "lines": []
  },
  "validFrom": "0001-01-01T00:00:00",
  "validTo": "0001-01-01T00:00:00",
  "thumbprint": "e99fa9e158ad2ab92d3f07759836fccbad5160ba8c6e7346e9ea8c9088d9f9cf"
},
{
  "geometry": {
    "coordinates": [
      {
        "index": 0,
        "latitude": 49.49,
        "longitude": 18.23
      }
    ],
    "radius": 0.0,
    "shape": "point"
  },
  "elevationRange": {
    "ceiling": {
      "origin": "none",
      "units": "none",
      "value": 0.0
    },
    "floor": {
      "origin": "none",
      "units": "none",
      "value": 0.0
    }
  },
  "handle": 1544604701,
  "identifier": "Radhou0161u0165",
  "name": "PG Radhou0161u0165",
  "note": {
    "lines": []
  },
  "validFrom": "0001-01-01T00:00:00",
  "validTo": "0001-01-01T00:00:00",
  "thumbprint": "0b876debe61bbf97ecdbdf7311b486b50a50f863723f3e26097c2dbcbc520e8e"
},
{
  "geometry": {
    "coordinates": [
      {
        "index": 0,
        "latitude": 50.66,
        "longitude": 15.58
      }
    ],
    "radius": 0.0,
    "shape": "point"
  },
  "elevationRange": {
    "ceiling": {
      "origin": "none",
      "units": "none",
      "value": 0.0
    },
    "floor": {
      "origin": "none",
      "units": "none",
      "value": 0.0
    }
  },
  "handle": 2362790775,
  "identifier": "Pu0159ednu00ed u017dalu00fd",
  "name": "PG Pu0159ednu00ed u017dalu00fd",
  "note": {
    "lines": []
  },
  "validFrom": "0001-01-01T00:00:00",
  "validTo": "0001-01-01T00:00:00",
  "thumbprint": "03adbd0ddb0c2dec4d0bb28c027d2472868966da3eb1a521af2f2af3314c3af3"
},
{
  "geometry": {
    "coordinates": [
      {
        "index": 0,
        "latitude": 50.71,
        "longitude": 15.62
      }
    ],
    "radius": 0.0,
    "shape": "point"
  },
  "elevationRange": {
    "ceiling": {
      "origin": "none",
      "units": "none",
      "value": 0.0
    },
    "floor": {
      "origin": "none",
      "units": "none",
      "value": 0.0
    }
  },
  "handle": 2315636021,
  "identifier": "Plu00e1u0148",
  "name": "PG Plu00e1u0148",
  "note": {
    "lines": []
  },
  "validFrom": "0001-01-01T00:00:00",
  "validTo": "0001-01-01T00:00:00",
  "thumbprint": "a54bdf06327f5929d216fd65c95931147727899a91bd6f51716d0a34d0476bb6"
},
{
  "geometry": {
    "coordinates": [
      {
        "index": 0,
        "latitude": 49.55,
        "longitude": 18.3
      }
    ],
    "radius": 0.0,
    "shape": "point"
  },
  "elevationRange": {
    "ceiling": {
      "origin": "none",
      "units": "none",
      "value": 0.0
    },
    "floor": {
      "origin": "none",
      "units": "none",
      "value": 0.0
    }
  },
  "handle": 3041997892,
  "identifier": "Ondu0159ejnu00edk Skalka",
  "name": "PG Ondu0159ejnu00edk Skalka",
  "note": {
    "lines": []
  },
  "validFrom": "0001-01-01T00:00:00",
  "validTo": "0001-01-01T00:00:00",
  "thumbprint": "eb98e3e2cfb8201ec0e53fc633913b29cdcd9d277127465338f313e47149ca6e"
},
{
  "geometry": {
    "coordinates": [
      {
        "index": 0,
        "latitude": 50.07,
        "longitude": 17.15
      }
    ],
    "radius": 0.0,
    "shape": "point"
  },
  "elevationRange": {
    "ceiling": {
      "origin": "none",
      "units": "none",
      "value": 0.0
    },
    "floor": {
      "origin": "none",
      "units": "none",
      "value": 0.0
    }
  },
  "handle": 832871970,
  "identifier": "Mraveneu010dnu00edk",
  "name": "PG Mraveneu010dnu00edk",
  "note": {
    "lines": []
  },
  "validFrom": "0001-01-01T00:00:00",
  "validTo": "0001-01-01T00:00:00",
  "thumbprint": "9cbbd62cfcffbf36b16d0c080c1883d4b8f9a9e13ed619162b88b91d56bb436f"
},
{
  "geometry": {
    "coordinates": [
      {
        "index": 0,
        "latitude": 50.74,
        "longitude": 15.58
      }
    ],
    "radius": 0.0,
    "shape": "point"
  },
  "elevationRange": {
    "ceiling": {
      "origin": "none",
      "units": "none",
      "value": 0.0
    },
    "floor": {
      "origin": "none",
      "units": "none",
      "value": 0.0
    }
  },
  "handle": 3955954431,
  "identifier": "Medvu011bdu00edn",
  "name": "PG Medvu011bdu00edn",
  "note": {
    "lines": []
  },
  "validFrom": "0001-01-01T00:00:00",
  "validTo": "0001-01-01T00:00:00",
  "thumbprint": "b61aa814e9c84c5ff86cb84705ff8043f3eae591a519df056bd2aaa43233a9d4"
},
{
  "geometry": {
    "coordinates": [
      {
        "index": 0,
        "latitude": 50.08,
        "longitude": 17.14
      }
    ],
    "radius": 0.0,
    "shape": "point"
  },
  "elevationRange": {
    "ceiling": {
      "origin": "none",
      "units": "none",
      "value": 0.0
    },
    "floor": {
      "origin": "none",
      "units": "none",
      "value": 0.0
    }
  },
  "handle": 717663093,
  "identifier": "Kamenec",
  "name": "PG Kamenec",
  "note": {
    "lines": []
  },
  "validFrom": "0001-01-01T00:00:00",
  "validTo": "0001-01-01T00:00:00",
  "thumbprint": "bc028b64848263c4f9aff415c805ed4fd9f463e0d56529ee439cf7f98c7a34f1"
},
{
  "geometry": {
    "coordinates": [
      {
        "index": 0,
        "latitude": 49.24,
        "longitude": 13.49
      }
    ],
    "radius": 0.0,
    "shape": "point"
  },
  "elevationRange": {
    "ceiling": {
      "origin": "none",
      "units": "none",
      "value": 0.0
    },
    "floor": {
      "origin": "none",
      "units": "none",
      "value": 0.0
    }
  },
  "handle": 188442267,
  "identifier": "Svatobor",
  "name": "PG Svatobor",
  "note": {
    "lines": []
  },
  "validFrom": "0001-01-01T00:00:00",
  "validTo": "0001-01-01T00:00:00",
  "thumbprint": "12549042a3fe72c41c4e12d59c0d4da9a8de8f904ae2c31176f61a6cab63d36f"
},
{
  "geometry": {
    "coordinates": [
      {
        "index": 0,
        "latitude": 49.17,
        "longitude": 13.21
      }
    ],
    "radius": 0.0,
    "shape": "point"
  },
  "elevationRange": {
    "ceiling": {
      "origin": "none",
      "units": "none",
      "value": 0.0
    },
    "floor": {
      "origin": "none",
      "units": "none",
      "value": 0.0
    }
  },
  "handle": 959824401,
  "identifier": "u0160piu010du00e1k na u0160umavu011b",
  "name": "PG u0160piu010du00e1k na u0160umavu011b",
  "note": {
    "lines": []
  },
  "validFrom": "0001-01-01T00:00:00",
  "validTo": "0001-01-01T00:00:00",
  "thumbprint": "658d4dd119895ff318fff169e1a5c3e1865c25c1967068d9e6e23cf4b3f2ba5f"
},
{
  "geometry": {
    "coordinates": [
      {
        "index": 0,
        "latitude": 50.53,
        "longitude": 14.09
      }
    ],
    "radius": 0.0,
    "shape": "point"
  },
  "elevationRange": {
    "ceiling": {
      "origin": "none",
      "units": "none",
      "value": 0.0
    },
    "floor": {
      "origin": "none",
      "units": "none",
      "value": 0.0
    }
  },
  "handle": 2364991804,
  "identifier": "Radobu00fdl",
  "name": "PG Radobu00fdl",
  "note": {
    "lines": []
  },
  "validFrom": "0001-01-01T00:00:00",
  "validTo": "0001-01-01T00:00:00",
  "thumbprint": "2b20ca4414c2c4d1b97402e01d19abc7d23c3af3e777fef6095a2f4a460e7cb8"
},
{
  "geometry": {
    "coordinates": [
      {
        "index": 0,
        "latitude": 50.75,
        "longitude": 15.49
      }
    ],
    "radius": 0.0,
    "shape": "point"
  },
  "elevationRange": {
    "ceiling": {
      "origin": "none",
      "units": "none",
      "value": 0.0
    },
    "floor": {
      "origin": "none",
      "units": "none",
      "value": 0.0
    }
  },
  "handle": 1990713030,
  "identifier": "Lysu00e1 hora",
  "name": "PG Lysu00e1 hora",
  "note": {
    "lines": []
  },
  "validFrom": "0001-01-01T00:00:00",
  "validTo": "0001-01-01T00:00:00",
  "thumbprint": "19c575ad431130f98274ceea6e2cb6fc96cfa26fb5266802c7785a6f8d6b1e4a"
},
{
  "geometry": {
    "coordinates": [
      {
        "index": 0,
        "latitude": 50.7,
        "longitude": 13.88
      }
    ],
    "radius": 0.0,
    "shape": "point"
  },
  "elevationRange": {
    "ceiling": {
      "origin": "none",
      "units": "none",
      "value": 0.0
    },
    "floor": {
      "origin": "none",
      "units": "none",
      "value": 0.0
    }
  },
  "handle": 4090018291,
  "identifier": "Krupka",
  "name": "PG Krupka",
  "note": {
    "lines": []
  },
  "validFrom": "0001-01-01T00:00:00",
  "validTo": "0001-01-01T00:00:00",
  "thumbprint": "db4becc933bd0a34b327471873afd4e11290774a886a63eb1d813846886a903d"
},
{
  "geometry": {
    "coordinates": [
      {
        "index": 0,
        "latitude": 50.59,
        "longitude": 15.26
      }
    ],
    "radius": 0.0,
    "shape": "point"
  },
  "elevationRange": {
    "ceiling": {
      "origin": "none",
      "units": "none",
      "value": 0.0
    },
    "floor": {
      "origin": "none",
      "units": "none",
      "value": 0.0
    }
  },
  "handle": 2626863127,
  "identifier": "Kozu00e1kov",
  "name": "PG Kozu00e1kov",
  "note": {
    "lines": []
  },
  "validFrom": "0001-01-01T00:00:00",
  "validTo": "0001-01-01T00:00:00",
  "thumbprint": "a3ec9f9cb23ccafacd766c4ed4b3cbf364bdbded58d4facdd7c95a2aef327eac"
},
{
  "geometry": {
    "coordinates": [
      {
        "index": 0,
        "latitude": 50.4,
        "longitude": 12.97
      }
    ],
    "radius": 0.0,
    "shape": "point"
  },
  "elevationRange": {
    "ceiling": {
      "origin": "none",
      "units": "none",
      "value": 0.0
    },
    "floor": {
      "origin": "none",
      "units": "none",
      "value": 0.0
    }
  },
  "handle": 1579980110,
  "identifier": "Klu00ednovec",
  "name": "PG Klu00ednovec",
  "note": {
    "lines": []
  },
  "validFrom": "0001-01-01T00:00:00",
  "validTo": "0001-01-01T00:00:00",
  "thumbprint": "8e1acb0fc4101e3995088fcf37140e3e51fb9d4780ab935667d47de5c98e6947"
},
{
  "geometry": {
    "coordinates": [
      {
        "index": 0,
        "latitude": 50.73,
        "longitude": 14.98
      }
    ],
    "radius": 0.0,
    "shape": "point"
  },
  "elevationRange": {
    "ceiling": {
      "origin": "none",
      "units": "none",
      "value": 0.0
    },
    "floor": {
      "origin": "none",
      "units": "none",
      "value": 0.0
    }
  },
  "handle": 2820388797,
  "identifier": "Jeu0161tu011bd",
  "name": "PG Jeu0161tu011bd",
  "note": {
    "lines": []
  },
  "validFrom": "0001-01-01T00:00:00",
  "validTo": "0001-01-01T00:00:00",
  "thumbprint": "af24fbd34565351eef243474a3165e26100f45780294cf507e53b26d5180991e"
},
{
  "geometry": {
    "coordinates": [
      {
        "index": 0,
        "latitude": 49.63,
        "longitude": 18.63
      }
    ],
    "radius": 0.0,
    "shape": "point"
  },
  "elevationRange": {
    "ceiling": {
      "origin": "none",
      "units": "none",
      "value": 0.0
    },
    "floor": {
      "origin": "none",
      "units": "none",
      "value": 0.0
    }
  },
  "handle": 3728699493,
  "identifier": "Javorovu00fd vrch",
  "name": "PG Javorovu00fd vrch",
  "note": {
    "lines": []
  },
  "validFrom": "0001-01-01T00:00:00",
  "validTo": "0001-01-01T00:00:00",
  "thumbprint": "b8ef895b388d36ca70ab0e2cfafc70cd8c50927be70958c80becd87226454e08"
},
{
  "geometry": {
    "coordinates": [
      {
        "index": 0,
        "latitude": 49.43,
        "longitude": 13.2
      }
    ],
    "radius": 0.0,
    "shape": "point"
  },
  "elevationRange": {
    "ceiling": {
      "origin": "none",
      "units": "none",
      "value": 0.0
    },
    "floor": {
      "origin": "none",
      "units": "none",
      "value": 0.0
    }
  },
  "handle": 2482027079,
  "identifier": "Doubrava",
  "name": "PG Doubrava",
  "note": {
    "lines": []
  },
  "validFrom": "0001-01-01T00:00:00",
  "validTo": "0001-01-01T00:00:00",
  "thumbprint": "0c89b427a4914d8569bd5a463ae65db3e96f78523b17ee4ad3121d0ccb4cd1f7"
},
{
  "geometry": {
    "coordinates": [
      {
        "index": 0,
        "latitude": 49.94,
        "longitude": 14.34
      }
    ],
    "radius": 0.0,
    "shape": "point"
  },
  "elevationRange": {
    "ceiling": {
      "origin": "none",
      "units": "none",
      "value": 0.0
    },
    "floor": {
      "origin": "none",
      "units": "none",
      "value": 0.0
    }
  },
  "handle": 606256005,
  "identifier": "Cukru00e1k",
  "name": "PG Cukru00e1k",
  "note": {
    "lines": []
  },
  "validFrom": "0001-01-01T00:00:00",
  "validTo": "0001-01-01T00:00:00",
  "thumbprint": "21d7fa7beb0d516500195921a94dc399c99541907c0164fccb592a969508d98d"
},
{
  "geometry": {
    "coordinates": [
      {
        "index": 0,
        "latitude": 50.76,
        "longitude": 15.43
      }
    ],
    "radius": 0.0,
    "shape": "point"
  },
  "elevationRange": {
    "ceiling": {
      "origin": "none",
      "units": "none",
      "value": 0.0
    },
    "floor": {
      "origin": "none",
      "units": "none",
      "value": 0.0
    }
  },
  "handle": 3739863671,
  "identifier": "u010certova hora",
  "name": "PG u010certova hora",
  "note": {
    "lines": []
  },
  "validFrom": "0001-01-01T00:00:00",
  "validTo": "0001-01-01T00:00:00",
  "thumbprint": "f08cc623b94882d8fcd0c699473f674762d93dae5c9a447909db7841005bdf36"
},
{
  "geometry": {
    "coordinates": [
      {
        "index": 0,
        "latitude": 50.65,
        "longitude": 15.74
      }
    ],
    "radius": 0.0,
    "shape": "point"
  },
  "elevationRange": {
    "ceiling": {
      "origin": "none",
      "units": "none",
      "value": 0.0
    },
    "floor": {
      "origin": "none",
      "units": "none",
      "value": 0.0
    }
  },
  "handle": 3179289120,
  "identifier": "u010cernu00e1 hora",
  "name": "PG u010cernu00e1 hora",
  "note": {
    "lines": []
  },
  "validFrom": "0001-01-01T00:00:00",
  "validTo": "0001-01-01T00:00:00",
  "thumbprint": "41b3bcef719039334bbba78a354c4a3bbddb81c838da55c6c0ab34d34b3565d5"
},
{
  "geometry": {
    "coordinates": [
      {
        "index": 0,
        "latitude": 49.55,
        "longitude": 18.31
      }
    ],
    "radius": 0.0,
    "shape": "point"
  },
  "elevationRange": {
    "ceiling": {
      "origin": "none",
      "units": "none",
      "value": 0.0
    },
    "floor": {
      "origin": "none",
      "units": "none",
      "value": 0.0
    }
  },
  "handle": 1319613862,
  "identifier": "u010celadnu00e1",
  "name": "PG u010celadnu00e1",
  "note": {
    "lines": [
      "training"
    ]
  },
  "validFrom": "0001-01-01T00:00:00",
  "validTo": "0001-01-01T00:00:00",
  "thumbprint": "679e831bba848b16ad3c7f4fc8b972a5047d82063f8cea1f772b4a9a793f0018"
}
]