[
  {
    "elevationRange": {},
    "note": "",
    "geometry": {
      "coordinates": [
        {
          "index": 0,
          "latitude": 50.3064,
          "longitude": 13.9342
        },
        {
          "index": 0,
          "latitude": 50.3064,
          "longitude": 13.9342
        },
        {
          "index": 0,
          "latitude": 50.3064,
          "longitude": 13.9342
        },
        {
          "index": 0,
          "latitude": 50.3064,
          "longitude": 13.9342
        }
      ],
      "radius": 0.0,
      "shape": "POINT"
    },
    "handle": 252541449,
    "identification": "Panenský Týnec",
    "name": "PG Panenský Týnec",
    "sun": {
      "astronomicalDawn": "2022-01-25T05:14:00Z",
      "astronomicalDusk": "2022-01-25T15:20:00Z",
      "civilDawn": "2022-01-25T05:50:00Z",
      "civilDusk": "2022-01-25T14:44:00Z",
      "date": "2022-01-24T23:00:00Z"
    },
    "thumbprint": "21c572e33189a9e1919cf01002207fc9ad139290f92f0ca0ad3ad0ca89e2282e"
  },
  {
    "elevationRange": {},
    "note": "",
    "geometry": {
      "coordinates": [
        {
          "index": 0,
          "latitude": 49.9392,
          "longitude": 15.5497
        },
        {
          "index": 0,
          "latitude": 49.9392,
          "longitude": 15.5497
        },
        {
          "index": 0,
          "latitude": 49.9392,
          "longitude": 15.5497
        },
        {
          "index": 0,
          "latitude": 49.9392,
          "longitude": 15.5497
        }
      ],
      "radius": 0.0,
      "shape": "POINT"
    },
    "handle": 2418431949,
    "identification": "Podhořany",
    "name": "PG Podhořany",
    "sun": {
      "astronomicalDawn": "2022-01-25T05:06:00Z",
      "astronomicalDusk": "2022-01-25T15:14:00Z",
      "civilDawn": "2022-01-25T05:42:00Z",
      "civilDusk": "2022-01-25T14:38:00Z",
      "date": "2022-01-24T23:00:00Z"
    },
    "thumbprint": "32a168e1056d85941f3f710a955d737ed1831f3f407b4b581393167dd30892f3"
  },
  {
    "elevationRange": {},
    "note": "",
    "geometry": {
      "coordinates": [
        {
          "index": 0,
          "latitude": 48.9464,
          "longitude": 14.4275
        },
        {
          "index": 0,
          "latitude": 48.9464,
          "longitude": 14.4275
        },
        {
          "index": 0,
          "latitude": 48.9464,
          "longitude": 14.4275
        },
        {
          "index": 0,
          "latitude": 48.9464,
          "longitude": 14.4275
        }
      ],
      "radius": 0.0,
      "shape": "POINT"
    },
    "handle": 2033415921,
    "identification": "České Budějovice",
    "name": "PG České Budějovice",
    "sun": {
      "astronomicalDawn": "2022-01-25T05:08:00Z",
      "astronomicalDusk": "2022-01-25T15:21:00Z",
      "civilDawn": "2022-01-25T05:43:00Z",
      "civilDusk": "2022-01-25T14:46:00Z",
      "date": "2022-01-24T23:00:00Z"
    },
    "thumbprint": "1980d2a39fec188a59fd6a9c9f41534c50a9afcd565d93185f59aa719a1f1b46"
  },
  {
    "elevationRange": {},
    "note": "",
    "geometry": {
      "coordinates": [
        {
          "index": 0,
          "latitude": 49.5133,
          "longitude": 18.2969
        },
        {
          "index": 0,
          "latitude": 49.5133,
          "longitude": 18.2969
        },
        {
          "index": 0,
          "latitude": 49.5133,
          "longitude": 18.2969
        },
        {
          "index": 0,
          "latitude": 49.5133,
          "longitude": 18.2969
        }
      ],
      "radius": 0.0,
      "shape": "POINT"
    },
    "handle": 1953797061,
    "identification": "Stolová hora",
    "name": "PG Stolová hora",
    "sun": {
      "astronomicalDawn": "2022-01-25T04:54:00Z",
      "astronomicalDusk": "2022-01-25T15:04:00Z",
      "civilDawn": "2022-01-25T05:30:00Z",
      "civilDusk": "2022-01-25T14:29:00Z",
      "date": "2022-01-24T23:00:00Z"
    },
    "thumbprint": "350c1295b44395875f327d3df14a261ccc8f8cd3c2ac27457e88328a1a93b31b"
  },
  {
    "elevationRange": {},
    "note": "",
    "geometry": {
      "coordinates": [
        {
          "index": 0,
          "latitude": 50.4533,
          "longitude": 15.6978
        },
        {
          "index": 0,
          "latitude": 50.4533,
          "longitude": 15.6978
        },
        {
          "index": 0,
          "latitude": 50.4533,
          "longitude": 15.6978
        },
        {
          "index": 0,
          "latitude": 50.4533,
          "longitude": 15.6978
        }
      ],
      "radius": 0.0,
      "shape": "POINT"
    },
    "handle": 45706476,
    "identification": "Zvičina",
    "name": "PG Zvičina",
    "sun": {
      "astronomicalDawn": "2022-01-25T05:07:00Z",
      "astronomicalDusk": "2022-01-25T15:12:00Z",
      "civilDawn": "2022-01-25T05:43:00Z",
      "civilDusk": "2022-01-25T14:36:00Z",
      "date": "2022-01-24T23:00:00Z"
    },
    "thumbprint": "3b8cb7f68ff7aabfd0d9d7b0c17c86fddeb20b91436ef40df4301cf72392de53"
  },
  {
    "elevationRange": {},
    "note": "",
    "geometry": {
      "coordinates": [
        {
          "index": 0,
          "latitude": 50.5158,
          "longitude": 13.7147
        },
        {
          "index": 0,
          "latitude": 50.5158,
          "longitude": 13.7147
        },
        {
          "index": 0,
          "latitude": 50.5158,
          "longitude": 13.7147
        },
        {
          "index": 0,
          "latitude": 50.5158,
          "longitude": 13.7147
        }
      ],
      "radius": 0.0,
      "shape": "POINT"
    },
    "handle": 3558395239,
    "identification": "Zlatník",
    "name": "PG Zlatník",
    "sun": {
      "astronomicalDawn": "2022-01-25T05:15:00Z",
      "astronomicalDusk": "2022-01-25T15:20:00Z",
      "civilDawn": "2022-01-25T05:52:00Z",
      "civilDusk": "2022-01-25T14:44:00Z",
      "date": "2022-01-24T23:00:00Z"
    },
    "thumbprint": "9f8d426c45e25c700a8ab6a9dde07f41b5c160ca337e230ac24bdb2ee4cc1864"
  },
  {
    "elevationRange": {},
    "note": "",
    "geometry": {
      "coordinates": [
        {
          "index": 0,
          "latitude": 48.9225,
          "longitude": 17.7828
        },
        {
          "index": 0,
          "latitude": 48.9225,
          "longitude": 17.7828
        },
        {
          "index": 0,
          "latitude": 48.9225,
          "longitude": 17.7828
        },
        {
          "index": 0,
          "latitude": 48.9225,
          "longitude": 17.7828
        }
      ],
      "radius": 0.0,
      "shape": "POINT"
    },
    "handle": 1411218016,
    "identification": "Velký Lopeník",
    "name": "PG Velký Lopeník",
    "sun": {
      "astronomicalDawn": "2022-01-25T04:55:00Z",
      "astronomicalDusk": "2022-01-25T15:08:00Z",
      "civilDawn": "2022-01-25T05:30:00Z",
      "civilDusk": "2022-01-25T14:33:00Z",
      "date": "2022-01-24T23:00:00Z"
    },
    "thumbprint": "751ddae0d7ebad12a68feebbeaeca5bf474dae6ac753fb973d870017ecf9abc1"
  },
  {
    "elevationRange": {},
    "note": "",
    "geometry": {
      "coordinates": [
        {
          "index": 0,
          "latitude": 49.5267,
          "longitude": 18.1617
        },
        {
          "index": 0,
          "latitude": 49.5267,
          "longitude": 18.1617
        },
        {
          "index": 0,
          "latitude": 49.5267,
          "longitude": 18.1617
        },
        {
          "index": 0,
          "latitude": 49.5267,
          "longitude": 18.1617
        }
      ],
      "radius": 0.0,
      "shape": "POINT"
    },
    "handle": 1685027192,
    "identification": "Velký Javorník",
    "name": "PG Velký Javorník",
    "sun": {
      "astronomicalDawn": "2022-01-25T04:55:00Z",
      "astronomicalDusk": "2022-01-25T15:05:00Z",
      "civilDawn": "2022-01-25T05:30:00Z",
      "civilDusk": "2022-01-25T14:29:00Z",
      "date": "2022-01-24T23:00:00Z"
    },
    "thumbprint": "47cceed0b803d0ae5cc416c25a1e139d23d245a548f537015e6882ffddc81970"
  },
  {
    "elevationRange": {},
    "note": "",
    "geometry": {
      "coordinates": [
        {
          "index": 0,
          "latitude": 49.2369,
          "longitude": 13.4886
        },
        {
          "index": 0,
          "latitude": 49.2369,
          "longitude": 13.4886
        },
        {
          "index": 0,
          "latitude": 49.2369,
          "longitude": 13.4886
        },
        {
          "index": 0,
          "latitude": 49.2369,
          "longitude": 13.4886
        }
      ],
      "radius": 0.0,
      "shape": "POINT"
    },
    "handle": 1536905925,
    "identification": "Svatobor",
    "name": "PG Svatobor",
    "sun": {
      "astronomicalDawn": "2022-01-25T05:13:00Z",
      "astronomicalDusk": "2022-01-25T15:24:00Z",
      "civilDawn": "2022-01-25T05:48:00Z",
      "civilDusk": "2022-01-25T14:49:00Z",
      "date": "2022-01-24T23:00:00Z"
    },
    "thumbprint": "8706dfe18b1086df1eab8da089a26a7b5a10405f95674dd5a913cd2034e296f3"
  },
  {
    "elevationRange": {},
    "note": "",
    "geometry": {
      "coordinates": [
        {
          "index": 0,
          "latitude": 49.1722,
          "longitude": 13.2103
        },
        {
          "index": 0,
          "latitude": 49.1722,
          "longitude": 13.2103
        },
        {
          "index": 0,
          "latitude": 49.1722,
          "longitude": 13.2103
        },
        {
          "index": 0,
          "latitude": 49.1722,
          "longitude": 13.2103
        }
      ],
      "radius": 0.0,
      "shape": "POINT"
    },
    "handle": 2799437804,
    "identification": "Špičák na Šumavě",
    "name": "PG Špičák na Šumavě",
    "sun": {
      "astronomicalDawn": "2022-01-25T05:14:00Z",
      "astronomicalDusk": "2022-01-25T15:25:00Z",
      "civilDawn": "2022-01-25T05:49:00Z",
      "civilDusk": "2022-01-25T14:50:00Z",
      "date": "2022-01-24T23:00:00Z"
    },
    "thumbprint": "ca1b28b5e25eff1cad7ebb1f19607983d788b74d06c5e5324db91e1072b79a0d"
  },
  {
    "elevationRange": {},
    "note": "",
    "geometry": {
      "coordinates": [
        {
          "index": 0,
          "latitude": 49.5086,
          "longitude": 18.3717
        },
        {
          "index": 0,
          "latitude": 49.5086,
          "longitude": 18.3717
        },
        {
          "index": 0,
          "latitude": 49.5086,
          "longitude": 18.3717
        },
        {
          "index": 0,
          "latitude": 49.5086,
          "longitude": 18.3717
        }
      ],
      "radius": 0.0,
      "shape": "POINT"
    },
    "handle": 1919635393,
    "identification": "Smrk",
    "name": "PG Smrk",
    "sun": {
      "astronomicalDawn": "2022-01-25T04:54:00Z",
      "astronomicalDusk": "2022-01-25T15:04:00Z",
      "civilDawn": "2022-01-25T05:29:00Z",
      "civilDusk": "2022-01-25T14:29:00Z",
      "date": "2022-01-24T23:00:00Z"
    },
    "thumbprint": "42cb2bf10b1bbeb8dc64cef8f02acefe227365ad46cee23dab3eb4a765ebe9cc"
  },
  {
    "elevationRange": {},
    "note": "",
    "geometry": {
      "coordinates": [
        {
          "index": 0,
          "latitude": 50.4069,
          "longitude": 13.7719
        },
        {
          "index": 0,
          "latitude": 50.4069,
          "longitude": 13.7719
        },
        {
          "index": 0,
          "latitude": 50.4069,
          "longitude": 13.7719
        },
        {
          "index": 0,
          "latitude": 50.4069,
          "longitude": 13.7719
        }
      ],
      "radius": 0.0,
      "shape": "POINT"
    },
    "handle": 997343617,
    "identification": "Raná",
    "name": "PG Raná",
    "sun": {
      "astronomicalDawn": "2022-01-25T05:15:00Z",
      "astronomicalDusk": "2022-01-25T15:20:00Z",
      "civilDawn": "2022-01-25T05:51:00Z",
      "civilDusk": "2022-01-25T14:44:00Z",
      "date": "2022-01-24T23:00:00Z"
    },
    "thumbprint": "e828d87b13051029caec33b9c30c3d3965da5865912f82c04da2fdf613b1db06"
  },
  {
    "elevationRange": {},
    "note": "",
    "geometry": {
      "coordinates": [
        {
          "index": 0,
          "latitude": 50.53,
          "longitude": 14.0931
        },
        {
          "index": 0,
          "latitude": 50.53,
          "longitude": 14.0931
        },
        {
          "index": 0,
          "latitude": 50.53,
          "longitude": 14.0931
        },
        {
          "index": 0,
          "latitude": 50.53,
          "longitude": 14.0931
        }
      ],
      "radius": 0.0,
      "shape": "POINT"
    },
    "handle": 1067978062,
    "identification": "Radobýl",
    "name": "PG Radobýl",
    "sun": {
      "astronomicalDawn": "2022-01-25T05:14:00Z",
      "astronomicalDusk": "2022-01-25T15:18:00Z",
      "civilDawn": "2022-01-25T05:50:00Z",
      "civilDusk": "2022-01-25T14:42:00Z",
      "date": "2022-01-24T23:00:00Z"
    },
    "thumbprint": "01cb0d2b5763efcb0713075397ba8238f37a69ba79ebe681f66c8974b6d381ec"
  },
  {
    "elevationRange": {},
    "note": "",
    "geometry": {
      "coordinates": [
        {
          "index": 0,
          "latitude": 49.4878,
          "longitude": 18.2267
        },
        {
          "index": 0,
          "latitude": 49.4878,
          "longitude": 18.2267
        },
        {
          "index": 0,
          "latitude": 49.4878,
          "longitude": 18.2267
        },
        {
          "index": 0,
          "latitude": 49.4878,
          "longitude": 18.2267
        }
      ],
      "radius": 0.0,
      "shape": "POINT"
    },
    "handle": 249844702,
    "identification": "Radhošť",
    "name": "PG Radhošť",
    "sun": {
      "astronomicalDawn": "2022-01-25T04:54:00Z",
      "astronomicalDusk": "2022-01-25T15:05:00Z",
      "civilDawn": "2022-01-25T05:30:00Z",
      "civilDusk": "2022-01-25T14:29:00Z",
      "date": "2022-01-24T23:00:00Z"
    },
    "thumbprint": "499500785b7e7cb7496a4b4165f71a3c4fa6ff31307bf8383e0e6abba757b8f1"
  },
  {
    "elevationRange": {},
    "note": "",
    "geometry": {
      "coordinates": [
        {
          "index": 0,
          "latitude": 50.6575,
          "longitude": 15.5761
        },
        {
          "index": 0,
          "latitude": 50.6575,
          "longitude": 15.5761
        },
        {
          "index": 0,
          "latitude": 50.6575,
          "longitude": 15.5761
        },
        {
          "index": 0,
          "latitude": 50.6575,
          "longitude": 15.5761
        }
      ],
      "radius": 0.0,
      "shape": "POINT"
    },
    "handle": 3846616083,
    "identification": "Přední Žalý",
    "name": "PG Přední Žalý",
    "sun": {
      "astronomicalDawn": "2022-01-25T05:08:00Z",
      "astronomicalDusk": "2022-01-25T15:12:00Z",
      "civilDawn": "2022-01-25T05:45:00Z",
      "civilDusk": "2022-01-25T14:36:00Z",
      "date": "2022-01-24T23:00:00Z"
    },
    "thumbprint": "5f0324a8d81e4394fbbe39df2b3f136c29b32227c9473f7d484ca443f88d5f85"
  },
  {
    "elevationRange": {},
    "note": "",
    "geometry": {
      "coordinates": [
        {
          "index": 0,
          "latitude": 50.7061,
          "longitude": 15.6181
        },
        {
          "index": 0,
          "latitude": 50.7061,
          "longitude": 15.6181
        },
        {
          "index": 0,
          "latitude": 50.7061,
          "longitude": 15.6181
        },
        {
          "index": 0,
          "latitude": 50.7061,
          "longitude": 15.6181
        }
      ],
      "radius": 0.0,
      "shape": "POINT"
    },
    "handle": 3211484582,
    "identification": "Pláň",
    "name": "PG Pláň",
    "sun": {
      "astronomicalDawn": "2022-01-25T05:08:00Z",
      "astronomicalDusk": "2022-01-25T15:12:00Z",
      "civilDawn": "2022-01-25T05:45:00Z",
      "civilDusk": "2022-01-25T14:35:00Z",
      "date": "2022-01-24T23:00:00Z"
    },
    "thumbprint": "1ad892c2304c5dc03123ef27e53d9eb5b32647311855f7e41e8352f72a37e459"
  },
  {
    "elevationRange": {},
    "note": "",
    "geometry": {
      "coordinates": [
        {
          "index": 0,
          "latitude": 49.5539,
          "longitude": 18.2989
        },
        {
          "index": 0,
          "latitude": 49.5539,
          "longitude": 18.2989
        },
        {
          "index": 0,
          "latitude": 49.5539,
          "longitude": 18.2989
        },
        {
          "index": 0,
          "latitude": 49.5539,
          "longitude": 18.2989
        }
      ],
      "radius": 0.0,
      "shape": "POINT"
    },
    "handle": 3513433564,
    "identification": "Ondřejník Skalka",
    "name": "PG Ondřejník Skalka",
    "sun": {
      "astronomicalDawn": "2022-01-25T04:54:00Z",
      "astronomicalDusk": "2022-01-25T15:04:00Z",
      "civilDawn": "2022-01-25T05:30:00Z",
      "civilDusk": "2022-01-25T14:29:00Z",
      "date": "2022-01-24T23:00:00Z"
    },
    "thumbprint": "fab8d90835f52fe30519673248b4ecd1ee121a68a6e56628b3617ffecbe8ad97"
  },
  {
    "elevationRange": {},
    "note": "",
    "geometry": {
      "coordinates": [
        {
          "index": 0,
          "latitude": 50.0714,
          "longitude": 17.1456
        },
        {
          "index": 0,
          "latitude": 50.0714,
          "longitude": 17.1456
        },
        {
          "index": 0,
          "latitude": 50.0714,
          "longitude": 17.1456
        },
        {
          "index": 0,
          "latitude": 50.0714,
          "longitude": 17.1456
        }
      ],
      "radius": 0.0,
      "shape": "POINT"
    },
    "handle": 2174511635,
    "identification": "Mravenečník",
    "name": "PG Mravenečník",
    "sun": {
      "astronomicalDawn": "2022-01-25T05:00:00Z",
      "astronomicalDusk": "2022-01-25T15:07:00Z",
      "civilDawn": "2022-01-25T05:36:00Z",
      "civilDusk": "2022-01-25T14:31:00Z",
      "date": "2022-01-24T23:00:00Z"
    },
    "thumbprint": "2ae3571face56ae00771110ce016216eafafb0d80d4cda7cebb47990ea15969a"
  },
  {
    "elevationRange": {},
    "note": "",
    "geometry": {
      "coordinates": [
        {
          "index": 0,
          "latitude": 50.7408,
          "longitude": 15.5828
        },
        {
          "index": 0,
          "latitude": 50.7408,
          "longitude": 15.5828
        },
        {
          "index": 0,
          "latitude": 50.7408,
          "longitude": 15.5828
        },
        {
          "index": 0,
          "latitude": 50.7408,
          "longitude": 15.5828
        }
      ],
      "radius": 0.0,
      "shape": "POINT"
    },
    "handle": 3725549033,
    "identification": "Medvědín",
    "name": "PG Medvědín",
    "sun": {
      "astronomicalDawn": "2022-01-25T05:08:00Z",
      "astronomicalDusk": "2022-01-25T15:12:00Z",
      "civilDawn": "2022-01-25T05:45:00Z",
      "civilDusk": "2022-01-25T14:35:00Z",
      "date": "2022-01-24T23:00:00Z"
    },
    "thumbprint": "eb81dab1818879ebaaded6a9a8e26a72e4d31aa143e1fec5c894b1fe172b4097"
  },
  {
    "elevationRange": {},
    "note": "",
    "geometry": {
      "coordinates": [
        {
          "index": 0,
          "latitude": 50.7508,
          "longitude": 15.4906
        },
        {
          "index": 0,
          "latitude": 50.7508,
          "longitude": 15.4906
        },
        {
          "index": 0,
          "latitude": 50.7508,
          "longitude": 15.4906
        },
        {
          "index": 0,
          "latitude": 50.7508,
          "longitude": 15.4906
        }
      ],
      "radius": 0.0,
      "shape": "POINT"
    },
    "handle": 3144840838,
    "identification": "Lysá hora",
    "name": "PG Lysá hora",
    "sun": {
      "astronomicalDawn": "2022-01-25T05:09:00Z",
      "astronomicalDusk": "2022-01-25T15:12:00Z",
      "civilDawn": "2022-01-25T05:45:00Z",
      "civilDusk": "2022-01-25T14:36:00Z",
      "date": "2022-01-24T23:00:00Z"
    },
    "thumbprint": "36084f9906acd9e577b74795ffa219cf67fdac999bcb15e903f88b4be5d510f7"
  },
  {
    "elevationRange": {},
    "note": "",
    "geometry": {
      "coordinates": [
        {
          "index": 0,
          "latitude": 50.6961,
          "longitude": 13.8758
        },
        {
          "index": 0,
          "latitude": 50.6961,
          "longitude": 13.8758
        },
        {
          "index": 0,
          "latitude": 50.6961,
          "longitude": 13.8758
        },
        {
          "index": 0,
          "latitude": 50.6961,
          "longitude": 13.8758
        }
      ],
      "radius": 0.0,
      "shape": "POINT"
    },
    "handle": 26994522,
    "identification": "Krupka",
    "name": "PG Krupka",
    "sun": {
      "astronomicalDawn": "2022-01-25T05:15:00Z",
      "astronomicalDusk": "2022-01-25T15:19:00Z",
      "civilDawn": "2022-01-25T05:52:00Z",
      "civilDusk": "2022-01-25T14:42:00Z",
      "date": "2022-01-24T23:00:00Z"
    },
    "thumbprint": "904af26919fa4c74f5b8c4790d6ec0ee36c4d30f062f6de77045199add83786c"
  },
  {
    "elevationRange": {},
    "note": "",
    "geometry": {
      "coordinates": [
        {
          "index": 0,
          "latitude": 50.5933,
          "longitude": 15.2633
        },
        {
          "index": 0,
          "latitude": 50.5933,
          "longitude": 15.2633
        },
        {
          "index": 0,
          "latitude": 50.5933,
          "longitude": 15.2633
        },
        {
          "index": 0,
          "latitude": 50.5933,
          "longitude": 15.2633
        }
      ],
      "radius": 0.0,
      "shape": "POINT"
    },
    "handle": 2668898656,
    "identification": "Kozákov",
    "name": "PG Kozákov",
    "sun": {
      "astronomicalDawn": "2022-01-25T05:09:00Z",
      "astronomicalDusk": "2022-01-25T15:14:00Z",
      "civilDawn": "2022-01-25T05:46:00Z",
      "civilDusk": "2022-01-25T14:37:00Z",
      "date": "2022-01-24T23:00:00Z"
    },
    "thumbprint": "fadcfe8b24598e8c73ec892c15cc899feb2c90576c619aaa5319c5ed69baad1b"
  },
  {
    "elevationRange": {},
    "note": "",
    "geometry": {
      "coordinates": [
        {
          "index": 0,
          "latitude": 50.4003,
          "longitude": 12.9653
        },
        {
          "index": 0,
          "latitude": 50.4003,
          "longitude": 12.9653
        },
        {
          "index": 0,
          "latitude": 50.4003,
          "longitude": 12.9653
        },
        {
          "index": 0,
          "latitude": 50.4003,
          "longitude": 12.9653
        }
      ],
      "radius": 0.0,
      "shape": "POINT"
    },
    "handle": 4163160439,
    "identification": "Klínovec",
    "name": "PG Klínovec",
    "sun": {
      "astronomicalDawn": "2022-01-25T05:18:00Z",
      "astronomicalDusk": "2022-01-25T15:23:00Z",
      "civilDawn": "2022-01-25T05:54:00Z",
      "civilDusk": "2022-01-25T14:47:00Z",
      "date": "2022-01-24T23:00:00Z"
    },
    "thumbprint": "5a204c97ca3c1d70be97bb2140ef86c869efbc6a8f0a31f18ee1ab845d59871f"
  },
  {
    "elevationRange": {},
    "note": "",
    "geometry": {
      "coordinates": [
        {
          "index": 0,
          "latitude": 49.2331,
          "longitude": 13.5458
        },
        {
          "index": 0,
          "latitude": 49.2331,
          "longitude": 13.5458
        },
        {
          "index": 0,
          "latitude": 49.2331,
          "longitude": 13.5458
        },
        {
          "index": 0,
          "latitude": 49.2331,
          "longitude": 13.5458
        }
      ],
      "radius": 0.0,
      "shape": "POINT"
    },
    "handle": 1768782861,
    "identification": "Klatovy",
    "name": "PG Klatovy",
    "sun": {
      "astronomicalDawn": "2022-01-25T05:13:00Z",
      "astronomicalDusk": "2022-01-25T15:24:00Z",
      "civilDawn": "2022-01-25T05:48:00Z",
      "civilDusk": "2022-01-25T14:49:00Z",
      "date": "2022-01-24T23:00:00Z"
    },
    "thumbprint": "38421dadc8f796b44076ef3833dd58c62cd8c6c548355abefc8fe025d4b0a9ef"
  },
  {
    "elevationRange": {},
    "note": "",
    "geometry": {
      "coordinates": [
        {
          "index": 0,
          "latitude": 50.0808,
          "longitude": 17.1381
        },
        {
          "index": 0,
          "latitude": 50.0808,
          "longitude": 17.1381
        },
        {
          "index": 0,
          "latitude": 50.0808,
          "longitude": 17.1381
        },
        {
          "index": 0,
          "latitude": 50.0808,
          "longitude": 17.1381
        }
      ],
      "radius": 0.0,
      "shape": "POINT"
    },
    "handle": 2801640998,
    "identification": "Kamenec",
    "name": "PG Kamenec",
    "sun": {
      "astronomicalDawn": "2022-01-25T05:00:00Z",
      "astronomicalDusk": "2022-01-25T15:07:00Z",
      "civilDawn": "2022-01-25T05:36:00Z",
      "civilDusk": "2022-01-25T14:31:00Z",
      "date": "2022-01-24T23:00:00Z"
    },
    "thumbprint": "b96792bdb26b4b670a98f12c7612ba26014f65aeca89cf23b311eb98c0e185ad"
  },
  {
    "elevationRange": {},
    "note": "",
    "geometry": {
      "coordinates": [
        {
          "index": 0,
          "latitude": 50.7328,
          "longitude": 14.9839
        },
        {
          "index": 0,
          "latitude": 50.7328,
          "longitude": 14.9839
        },
        {
          "index": 0,
          "latitude": 50.7328,
          "longitude": 14.9839
        },
        {
          "index": 0,
          "latitude": 50.7328,
          "longitude": 14.9839
        }
      ],
      "radius": 0.0,
      "shape": "POINT"
    },
    "handle": 2708418689,
    "identification": "Ještěd",
    "name": "PG Ještěd",
    "sun": {
      "astronomicalDawn": "2022-01-25T05:11:00Z",
      "astronomicalDusk": "2022-01-25T15:14:00Z",
      "civilDawn": "2022-01-25T05:47:00Z",
      "civilDusk": "2022-01-25T14:38:00Z",
      "date": "2022-01-24T23:00:00Z"
    },
    "thumbprint": "09596529eb02ca9e6a3d373a08e497513da694c65c1a9ed604a87116acaf84ee"
  },
  {
    "elevationRange": {},
    "note": "",
    "geometry": {
      "coordinates": [
        {
          "index": 0,
          "latitude": 49.6292,
          "longitude": 18.6275
        },
        {
          "index": 0,
          "latitude": 49.6292,
          "longitude": 18.6275
        },
        {
          "index": 0,
          "latitude": 49.6292,
          "longitude": 18.6275
        },
        {
          "index": 0,
          "latitude": 49.6292,
          "longitude": 18.6275
        }
      ],
      "radius": 0.0,
      "shape": "POINT"
    },
    "handle": 1796573694,
    "identification": "Javorový vrch",
    "name": "PG Javorový vrch",
    "sun": {
      "astronomicalDawn": "2022-01-25T04:53:00Z",
      "astronomicalDusk": "2022-01-25T15:03:00Z",
      "civilDawn": "2022-01-25T05:29:00Z",
      "civilDusk": "2022-01-25T14:27:00Z",
      "date": "2022-01-24T23:00:00Z"
    },
    "thumbprint": "8dc315c2be8a0f8695fb063ca48da9edf6672089625799c63c3300018e2e2b63"
  },
  {
    "elevationRange": {},
    "note": "",
    "geometry": {
      "coordinates": [
        {
          "index": 0,
          "latitude": 49.4322,
          "longitude": 13.2031
        },
        {
          "index": 0,
          "latitude": 49.4322,
          "longitude": 13.2031
        },
        {
          "index": 0,
          "latitude": 49.4322,
          "longitude": 13.2031
        },
        {
          "index": 0,
          "latitude": 49.4322,
          "longitude": 13.2031
        }
      ],
      "radius": 0.0,
      "shape": "POINT"
    },
    "handle": 2835301959,
    "identification": "Doubrava",
    "name": "PG Doubrava",
    "sun": {
      "astronomicalDawn": "2022-01-25T05:14:00Z",
      "astronomicalDusk": "2022-01-25T15:25:00Z",
      "civilDawn": "2022-01-25T05:50:00Z",
      "civilDusk": "2022-01-25T14:50:00Z",
      "date": "2022-01-24T23:00:00Z"
    },
    "thumbprint": "6172248bae097d97b57449c020298699f1786d41050d10a8c016c86c738abd1b"
  },
  {
    "elevationRange": {},
    "note": "",
    "geometry": {
      "coordinates": [
        {
          "index": 0,
          "latitude": 49.9381,
          "longitude": 14.3353
        },
        {
          "index": 0,
          "latitude": 49.9381,
          "longitude": 14.3353
        },
        {
          "index": 0,
          "latitude": 49.9381,
          "longitude": 14.3353
        },
        {
          "index": 0,
          "latitude": 49.9381,
          "longitude": 14.3353
        }
      ],
      "radius": 0.0,
      "shape": "POINT"
    },
    "handle": 2728502360,
    "identification": "Cukrák",
    "name": "PG Cukrák",
    "sun": {
      "astronomicalDawn": "2022-01-25T05:11:00Z",
      "astronomicalDusk": "2022-01-25T15:19:00Z",
      "civilDawn": "2022-01-25T05:47:00Z",
      "civilDusk": "2022-01-25T14:43:00Z",
      "date": "2022-01-24T23:00:00Z"
    },
    "thumbprint": "bfd3612ef77aa5732d7360eaa28bff8879e3330f6c0f346a4187cb78b7e08804"
  },
  {
    "elevationRange": {},
    "note": "",
    "geometry": {
      "coordinates": [
        {
          "index": 0,
          "latitude": 50.7619,
          "longitude": 15.4308
        },
        {
          "index": 0,
          "latitude": 50.7619,
          "longitude": 15.4308
        },
        {
          "index": 0,
          "latitude": 50.7619,
          "longitude": 15.4308
        },
        {
          "index": 0,
          "latitude": 50.7619,
          "longitude": 15.4308
        }
      ],
      "radius": 0.0,
      "shape": "POINT"
    },
    "handle": 1386968794,
    "identification": "Čertova hora",
    "name": "PG Čertova hora",
    "sun": {
      "astronomicalDawn": "2022-01-25T05:09:00Z",
      "astronomicalDusk": "2022-01-25T15:12:00Z",
      "civilDawn": "2022-01-25T05:46:00Z",
      "civilDusk": "2022-01-25T14:36:00Z",
      "date": "2022-01-24T23:00:00Z"
    },
    "thumbprint": "9d0abd2dd3cd03d7b8b7010b0ebe3d89df607a0dd44f324460ec5a073400fb92"
  },
  {
    "elevationRange": {},
    "note": "",
    "geometry": {
      "coordinates": [
        {
          "index": 0,
          "latitude": 50.6503,
          "longitude": 15.7381
        },
        {
          "index": 0,
          "latitude": 50.6503,
          "longitude": 15.7381
        },
        {
          "index": 0,
          "latitude": 50.6503,
          "longitude": 15.7381
        },
        {
          "index": 0,
          "latitude": 50.6503,
          "longitude": 15.7381
        }
      ],
      "radius": 0.0,
      "shape": "POINT"
    },
    "handle": 1351101753,
    "identification": "Černá hora",
    "name": "PG Černá hora",
    "sun": {
      "astronomicalDawn": "2022-01-25T05:08:00Z",
      "astronomicalDusk": "2022-01-25T15:12:00Z",
      "civilDawn": "2022-01-25T05:44:00Z",
      "civilDusk": "2022-01-25T14:35:00Z",
      "date": "2022-01-24T23:00:00Z"
    },
    "thumbprint": "a8b63193d5e5b3e505ffd6d5d688b78800bc4dbb46f134c24a405b1583015bef"
  },
  {
    "elevationRange": {},
    "note": "training",
    "geometry": {
      "coordinates": [
        {
          "index": 0,
          "latitude": 49.5531,
          "longitude": 18.3131
        },
        {
          "index": 0,
          "latitude": 49.5531,
          "longitude": 18.3131
        },
        {
          "index": 0,
          "latitude": 49.5531,
          "longitude": 18.3131
        },
        {
          "index": 0,
          "latitude": 49.5531,
          "longitude": 18.3131
        },
        {
          "index": 0,
          "latitude": 49.5531,
          "longitude": 18.3131
        }
      ],
      "radius": 0.0,
      "shape": "POINT"
    },
    "handle": 84380491,
    "identification": "Čeladná",
    "name": "PG Čeladná",
    "sun": {
      "astronomicalDawn": "2022-01-25T04:54:00Z",
      "astronomicalDusk": "2022-01-25T15:04:00Z",
      "civilDawn": "2022-01-25T05:30:00Z",
      "civilDusk": "2022-01-25T14:29:00Z",
      "date": "2022-01-24T23:00:00Z"
    },
    "thumbprint": "9633938a0075c6e58eedeb9371e2f032a6c657cb4a6566a5486413d81a9b7c14"
  }
]