[
{
  "elevationRange": {
    "ceiling": {
      "origin": "amsl",
      "units": "feets",
      "value": 5000.0
    },
    "floor": {
      "origin": "amsl",
      "units": "feets",
      "value": 0.0
    }
  },
  "geometry": {
    "coordinates": [
      {
        "index": 0,
        "latitude": 49.68,
        "longitude": 16.28
      }
    ],
    "radius": 1481.6,
    "shape": "point"
  },
  "handle": 747859940,
  "identifier": "LKP7",
  "name": "P7 (POLICKA)",
  "note": {
    "lines": []
  },
  "validFrom": "0001-01-01T00:00:00",
  "validTo": "0001-01-01T00:00:00",
  "thumbprint": "4edec1e0f2b2ca73e48f4a749faa29bc34534b1584d03771d1abb4494913c8af",
  "web": []
},
{
  "elevationRange": {
    "ceiling": {
      "origin": "amsl",
      "units": "feets",
      "value": 5000.0
    },
    "floor": {
      "origin": "amsl",
      "units": "feets",
      "value": 0.0
    }
  },
  "geometry": {
    "coordinates": [
      {
        "index": 0,
        "latitude": 49.18,
        "longitude": 14.38
      }
    ],
    "radius": 2037.2,
    "shape": "point"
  },
  "handle": 2072843048,
  "identifier": "LKP2",
  "name": "P2 (TEMELIN)",
  "note": {
    "lines": []
  },
  "validFrom": "0001-01-01T00:00:00",
  "validTo": "0001-01-01T00:00:00",
  "thumbprint": "d382a4aebfd6424fe78cde1f2c237c194c19d03187474b1ab006b2713499461e",
  "web": []
},
{
  "elevationRange": {
    "ceiling": {
      "origin": "amsl",
      "units": "feets",
      "value": 4000.0
    },
    "floor": {
      "origin": "amsl",
      "units": "feets",
      "value": 0.0
    }
  },
  "geometry": {
    "coordinates": [
      {
        "index": 0,
        "latitude": 50.66,
        "longitude": 14.02
      }
    ],
    "radius": 926.0,
    "shape": "point"
  },
  "handle": 937529677,
  "identifier": "LKP10",
  "name": "P10 (USTI NAD LABEM)",
  "note": {
    "lines": []
  },
  "validFrom": "0001-01-01T00:00:00",
  "validTo": "0001-01-01T00:00:00",
  "thumbprint": "e35bcddd05397c909e0d6b7a2edd40bdb93c207dca65449d9b130cb0776bd640",
  "web": []
},
{
  "elevationRange": {
    "ceiling": {
      "origin": "amsl",
      "units": "feets",
      "value": 5000.0
    },
    "floor": {
      "origin": "amsl",
      "units": "feets",
      "value": 0.0
    }
  },
  "geometry": {
    "coordinates": [
      {
        "index": 0,
        "latitude": 50.09,
        "longitude": 14.4
      }
    ],
    "radius": 1111.2,
    "shape": "point"
  },
  "handle": 2354828335,
  "identifier": "LKP1",
  "name": "P1 (PRAu017dSKu00dd HRAD)",
  "note": {
    "lines": []
  },
  "validFrom": "0001-01-01T00:00:00",
  "validTo": "0001-01-01T00:00:00",
  "thumbprint": "6501426dc8c6ba7f39752533684deee92bb192e5bb0a48f445bea3e9517c18dc",
  "web": []
},
{
  "elevationRange": {
    "ceiling": {
      "origin": "amsl",
      "units": "feets",
      "value": 2000.0
    },
    "floor": {
      "origin": "amsl",
      "units": "feets",
      "value": 0.0
    }
  },
  "geometry": {
    "coordinates": [
      {
        "index": 0,
        "latitude": 50.18,
        "longitude": 14.36
      }
    ],
    "radius": 1481.6,
    "shape": "point"
  },
  "handle": 1767767158,
  "identifier": "LKP12",
  "name": "P12 (REZ)",
  "note": {
    "lines": []
  },
  "validFrom": "0001-01-01T00:00:00",
  "validTo": "0001-01-01T00:00:00",
  "thumbprint": "79d0933483f03ac13af484a01b0292ddb63ac17f320a1f5279b205ba5cf7a003",
  "web": []
},
{
  "elevationRange": {
    "ceiling": {
      "origin": "amsl",
      "units": "feets",
      "value": 2000.0
    },
    "floor": {
      "origin": "amsl",
      "units": "feets",
      "value": 0.0
    }
  },
  "geometry": {
    "coordinates": [
      {
        "index": 0,
        "latitude": 50.28,
        "longitude": 14.52
      }
    ],
    "radius": 1481.6,
    "shape": "point"
  },
  "handle": 870899307,
  "identifier": "LKP11",
  "name": "P11 (NERATOVICE)",
  "note": {
    "lines": []
  },
  "validFrom": "0001-01-01T00:00:00",
  "validTo": "0001-01-01T00:00:00",
  "thumbprint": "9765baeda476c2e788327c37246aca00c49201238e58de9a16936d7d67705bf8",
  "web": []
},
{
  "elevationRange": {
    "ceiling": {
      "origin": "amsl",
      "units": "feets",
      "value": 5000.0
    },
    "floor": {
      "origin": "amsl",
      "units": "feets",
      "value": 0.0
    }
  },
  "geometry": {
    "coordinates": [
      {
        "index": 0,
        "latitude": 49.09,
        "longitude": 16.15
      }
    ],
    "radius": 2037.2,
    "shape": "point"
  },
  "handle": 2510608134,
  "identifier": "LKP9",
  "name": "P9 (DUKOVANY)",
  "note": {
    "lines": []
  },
  "validFrom": "0001-01-01T00:00:00",
  "validTo": "0001-01-01T00:00:00",
  "thumbprint": "b935af9a1a71aead3ca24059af03740e8bd01720a5e64caccff0f84f12848588",
  "web": []
},
{
  "elevationRange": {
    "ceiling": {
      "origin": "amsl",
      "units": "feets",
      "value": 3000.0
    },
    "floor": {
      "origin": "amsl",
      "units": "feets",
      "value": 0.0
    }
  },
  "geometry": {
    "coordinates": [
      {
        "index": 0,
        "latitude": 50.07,
        "longitude": 15.71
      }
    ],
    "radius": 2129.8,
    "shape": "point"
  },
  "handle": 2264777966,
  "identifier": "LKP6",
  "name": "P6 (SEMTu00cdN)",
  "note": {
    "lines": []
  },
  "validFrom": "0001-01-01T00:00:00",
  "validTo": "0001-01-01T00:00:00",
  "thumbprint": "6804b9ffeb6df947d5e473d64f096ba0c38e3f29ad73b810d0500ffa173ce7e7",
  "web": []
},
{
  "elevationRange": {
    "ceiling": {
      "origin": "amsl",
      "units": "feets",
      "value": 5000.0
    },
    "floor": {
      "origin": "amsl",
      "units": "feets",
      "value": 0.0
    }
  },
  "geometry": {
    "coordinates": [
      {
        "index": 1,
        "latitude": 49.71,
        "longitude": 14.9
      },
      {
        "index": 2,
        "latitude": 49.68,
        "longitude": 14.97
      },
      {
        "index": 3,
        "latitude": 49.66,
        "longitude": 14.93
      },
      {
        "index": 4,
        "latitude": 49.71,
        "longitude": 14.9
      }
    ],
    "radius": 0.0,
    "shape": "polygon"
  },
  "handle": 1532903157,
  "identifier": "LKP4",
  "name": "P4 (VLASIM)",
  "note": {
    "lines": []
  },
  "validFrom": "0001-01-01T00:00:00",
  "validTo": "0001-01-01T00:00:00",
  "thumbprint": "62d35d252168168f5016b9caf94af77ee197dcb436e273558892a55dee517770",
  "web": []
},
{
  "elevationRange": {
    "ceiling": {
      "origin": "amsl",
      "units": "feets",
      "value": 4000.0
    },
    "floor": {
      "origin": "amsl",
      "units": "feets",
      "value": 0.0
    }
  },
  "geometry": {
    "coordinates": [
      {
        "index": 0,
        "latitude": 50.56,
        "longitude": 13.6
      }
    ],
    "radius": 2500.2,
    "shape": "point"
  },
  "handle": 1576556545,
  "identifier": "LKP8",
  "name": "P8 (MOST)",
  "note": {
    "lines": []
  },
  "validFrom": "0001-01-01T00:00:00",
  "validTo": "0001-01-01T00:00:00",
  "thumbprint": "17659635fde4856d83f1a7b49ab157ff8f4a0db517037ab6bb2d3e62821b4d55",
  "web": []
},
{
  "elevationRange": {
    "ceiling": {
      "origin": "amsl",
      "units": "feets",
      "value": 5000.0
    },
    "floor": {
      "origin": "amsl",
      "units": "feets",
      "value": 0.0
    }
  },
  "geometry": {
    "coordinates": [
      {
        "index": 0,
        "latitude": 49.59,
        "longitude": 14.52
      }
    ],
    "radius": 2778.0,
    "shape": "point"
  },
  "handle": 3750068570,
  "identifier": "LKP5",
  "name": "P5 (PRCICE)",
  "note": {
    "lines": []
  },
  "validFrom": "0001-01-01T00:00:00",
  "validTo": "0001-01-01T00:00:00",
  "thumbprint": "eddf5d0534f90e686c7052969004c5281b0703fabae4f38223ee8e8b41a89f35",
  "web": []
}
]