[
  {
    "elevationRange": {
      "ceiling": {
        "origin": "AMSL",
        "units": "FEETS",
        "value": 4000.0
      },
      "floor": {
        "origin": "GND",
        "units": "NONE",
        "value": 0.0
      }
    },
    "geometry": {
      "coordinates": [
        {
          "index": 0,
          "latitude": 50.6564,
          "longitude": 14.0202
        }
      ],
      "radius": 926.0,
      "shape": "POINT"
    },
    "handle": 277291939,
    "identification": "LKP10",
    "name": "USTI NAD LABEM",
    "sun": {
      "astronomicalDawn": "2022-01-25T05:14:00Z",
      "astronomicalDusk": "2022-01-25T15:18:00Z",
      "civilDawn": "2022-01-25T05:51:00Z",
      "civilDusk": "2022-01-25T14:42:00Z",
      "date": "2022-01-24T23:00:00Z"
    },
    "thumbprint": "bec739bc27a4e55c7bebde6e462305a31c774d963b11a514dcae749d98eb4403"
  },
  {
    "elevationRange": {
      "ceiling": {
        "origin": "AMSL",
        "units": "FEETS",
        "value": 5000.0
      },
      "floor": {
        "origin": "GND",
        "units": "NONE",
        "value": 0.0
      }
    },
    "geometry": {
      "coordinates": [
        {
          "index": 0,
          "latitude": 50.0908,
          "longitude": 14.4005
        }
      ],
      "radius": 1111.2,
      "shape": "POINT"
    },
    "handle": 2905252055,
    "identification": "LKP1",
    "name": "PRAŽSKÝ HRAD",
    "sun": {
      "astronomicalDawn": "2022-01-25T05:11:00Z",
      "astronomicalDusk": "2022-01-25T15:18:00Z",
      "civilDawn": "2022-01-25T05:47:00Z",
      "civilDusk": "2022-01-25T14:42:00Z",
      "date": "2022-01-24T23:00:00Z"
    },
    "thumbprint": "909076b9caac0c8449c705f6995c640d820c6446b2981f1caae573c71f8de4a9"
  },
  {
    "elevationRange": {
      "ceiling": {
        "origin": "AMSL",
        "units": "FEETS",
        "value": 5000.0
      },
      "floor": {
        "origin": "GND",
        "units": "NONE",
        "value": 0.0
      }
    },
    "geometry": {
      "coordinates": [
        {
          "index": 0,
          "latitude": 49.6794,
          "longitude": 16.2778
        }
      ],
      "radius": 1481.6,
      "shape": "POINT"
    },
    "handle": 2200890514,
    "identification": "LKP7",
    "name": "POLICKA",
    "sun": {
      "astronomicalDawn": "2022-01-25T05:03:00Z",
      "astronomicalDusk": "2022-01-25T15:12:00Z",
      "civilDawn": "2022-01-25T05:38:00Z",
      "civilDusk": "2022-01-25T14:36:00Z",
      "date": "2022-01-24T23:00:00Z"
    },
    "thumbprint": "63e58536e3fca25f4159d4c5b14d09be5910279b21efba88adddbd04fc87abaf"
  },
  {
    "elevationRange": {
      "ceiling": {
        "origin": "AMSL",
        "units": "FEETS",
        "value": 2000.0
      },
      "floor": {
        "origin": "GND",
        "units": "NONE",
        "value": 0.0
      }
    },
    "geometry": {
      "coordinates": [
        {
          "index": 0,
          "latitude": 50.1791,
          "longitude": 14.3635
        }
      ],
      "radius": 1481.6,
      "shape": "POINT"
    },
    "handle": 2986430715,
    "identification": "LKP12",
    "name": "REZ",
    "sun": {
      "astronomicalDawn": "2022-01-25T05:12:00Z",
      "astronomicalDusk": "2022-01-25T15:18:00Z",
      "civilDawn": "2022-01-25T05:48:00Z",
      "civilDusk": "2022-01-25T14:42:00Z",
      "date": "2022-01-24T23:00:00Z"
    },
    "thumbprint": "fded24f658f8d11c566534352e45def6310f57da79c48945e62b1a694ae27701"
  },
  {
    "elevationRange": {
      "ceiling": {
        "origin": "AMSL",
        "units": "FEETS",
        "value": 2000.0
      },
      "floor": {
        "origin": "GND",
        "units": "NONE",
        "value": 0.0
      }
    },
    "geometry": {
      "coordinates": [
        {
          "index": 0,
          "latitude": 50.275,
          "longitude": 14.5194
        }
      ],
      "radius": 1481.6,
      "shape": "POINT"
    },
    "handle": 846957885,
    "identification": "LKP11",
    "name": "NERATOVICE",
    "sun": {
      "astronomicalDawn": "2022-01-25T05:11:00Z",
      "astronomicalDusk": "2022-01-25T15:17:00Z",
      "civilDawn": "2022-01-25T05:48:00Z",
      "civilDusk": "2022-01-25T14:41:00Z",
      "date": "2022-01-24T23:00:00Z"
    },
    "thumbprint": "9aaea794f54cacc8e12309d3e43fb453c0d392b5813c74ac6abee3113171d4d5"
  },
  {
    "elevationRange": {
      "ceiling": {
        "origin": "AMSL",
        "units": "FEETS",
        "value": 5000.0
      },
      "floor": {
        "origin": "GND",
        "units": "NONE",
        "value": 0.0
      }
    },
    "geometry": {
      "coordinates": [
        {
          "index": 0,
          "latitude": 49.1802,
          "longitude": 14.3755
        }
      ],
      "radius": 2037.2,
      "shape": "POINT"
    },
    "handle": 2139450874,
    "identification": "LKP2",
    "name": "TEMELIN",
    "sun": {
      "astronomicalDawn": "2022-01-25T05:09:00Z",
      "astronomicalDusk": "2022-01-25T15:21:00Z",
      "civilDawn": "2022-01-25T05:44:00Z",
      "civilDusk": "2022-01-25T14:46:00Z",
      "date": "2022-01-24T23:00:00Z"
    },
    "thumbprint": "403229aa48fe0a578bec7be914b154dc563d0147303bef0b6850a612c3f73394"
  },
  {
    "elevationRange": {
      "ceiling": {
        "origin": "AMSL",
        "units": "FEETS",
        "value": 5000.0
      },
      "floor": {
        "origin": "GND",
        "units": "NONE",
        "value": 0.0
      }
    },
    "geometry": {
      "coordinates": [
        {
          "index": 0,
          "latitude": 49.0858,
          "longitude": 16.1458
        }
      ],
      "radius": 2037.2,
      "shape": "POINT"
    },
    "handle": 3566190468,
    "identification": "LKP9",
    "name": "DUKOVANY",
    "sun": {
      "astronomicalDawn": "2022-01-25T05:02:00Z",
      "astronomicalDusk": "2022-01-25T15:14:00Z",
      "civilDawn": "2022-01-25T05:37:00Z",
      "civilDusk": "2022-01-25T14:39:00Z",
      "date": "2022-01-24T23:00:00Z"
    },
    "thumbprint": "433fc1eb277abd82f0dd555783679a0a16074704a685561415e0f7026e8c249e"
  },
  {
    "elevationRange": {
      "ceiling": {
        "origin": "AMSL",
        "units": "FEETS",
        "value": 3000.0
      },
      "floor": {
        "origin": "GND",
        "units": "NONE",
        "value": 0.0
      }
    },
    "geometry": {
      "coordinates": [
        {
          "index": 0,
          "latitude": 50.068,
          "longitude": 15.7115
        }
      ],
      "radius": 2129.8,
      "shape": "POINT"
    },
    "handle": 2282976608,
    "identification": "LKP6",
    "name": "SEMTÍN",
    "sun": {
      "astronomicalDawn": "2022-01-25T05:06:00Z",
      "astronomicalDusk": "2022-01-25T15:13:00Z",
      "civilDawn": "2022-01-25T05:42:00Z",
      "civilDusk": "2022-01-25T14:37:00Z",
      "date": "2022-01-24T23:00:00Z"
    },
    "thumbprint": "9bf3589559cb62af966ba400996aa7aac0324084b037838b5c43cad39d050ee0"
  },
  {
    "elevationRange": {
      "ceiling": {
        "origin": "AMSL",
        "units": "FEETS",
        "value": 5000.0
      },
      "floor": {
        "origin": "GND",
        "units": "NONE",
        "value": 0.0
      }
    },
    "geometry": {
      "coordinates": [
        {
          "index": 0,
          "latitude": 49.7066,
          "longitude": 14.8991
        },
        {
          "index": 1,
          "latitude": 49.6815,
          "longitude": 14.966
        },
        {
          "index": 2,
          "latitude": 49.6613,
          "longitude": 14.9319
        },
        {
          "index": 3,
          "latitude": 49.7066,
          "longitude": 14.8991
        }
      ],
      "radius": 0.0,
      "shape": "POLYGON"
    },
    "handle": 1384839565,
    "identification": "LKP4",
    "name": "VLASIM",
    "sun": {
      "astronomicalDawn": "2022-01-25T05:08:00Z",
      "astronomicalDusk": "2022-01-25T15:17:00Z",
      "civilDawn": "2022-01-25T05:44:00Z",
      "civilDusk": "2022-01-25T14:42:00Z",
      "date": "2022-01-24T23:00:00Z"
    },
    "thumbprint": "975f56547d7da86a36ae9e421d538b4b886e142be7e2b3d936ee103ba77bee04"
  },
  {
    "elevationRange": {
      "ceiling": {
        "origin": "AMSL",
        "units": "FEETS",
        "value": 4000.0
      },
      "floor": {
        "origin": "GND",
        "units": "NONE",
        "value": 0.0
      }
    },
    "geometry": {
      "coordinates": [
        {
          "index": 0,
          "latitude": 50.5634,
          "longitude": 13.6034
        }
      ],
      "radius": 2500.2,
      "shape": "POINT"
    },
    "handle": 2813053568,
    "identification": "LKP8",
    "name": "MOST",
    "sun": {
      "astronomicalDawn": "2022-01-25T05:16:00Z",
      "astronomicalDusk": "2022-01-25T15:20:00Z",
      "civilDawn": "2022-01-25T05:52:00Z",
      "civilDusk": "2022-01-25T14:44:00Z",
      "date": "2022-01-24T23:00:00Z"
    },
    "thumbprint": "d23cfa515dfdba524e2f6e49e7ceb3a6b4b520be5bb038460c7fef4128e92070"
  },
  {
    "elevationRange": {
      "ceiling": {
        "origin": "AMSL",
        "units": "FEETS",
        "value": 5000.0
      },
      "floor": {
        "origin": "GND",
        "units": "NONE",
        "value": 0.0
      }
    },
    "geometry": {
      "coordinates": [
        {
          "index": 0,
          "latitude": 49.5927,
          "longitude": 14.5233
        }
      ],
      "radius": 2778.0,
      "shape": "POINT"
    },
    "handle": 3391061996,
    "identification": "LKP5",
    "name": "PRCICE",
    "sun": {
      "astronomicalDawn": "2022-01-25T05:10:00Z",
      "astronomicalDusk": "2022-01-25T15:19:00Z",
      "civilDawn": "2022-01-25T05:45:00Z",
      "civilDusk": "2022-01-25T14:43:00Z",
      "date": "2022-01-24T23:00:00Z"
    },
    "thumbprint": "2cc2efd3e0e8d02b0903a540f5f7ee3c9016bd7b990773a7a34fc2df35363380"
  },
  {
    "elevationRange": {
      "ceiling": {
        "origin": "AMSL",
        "units": "FEETS",
        "value": 5000.0
      },
      "floor": {
        "origin": "GND",
        "units": "FEETS",
        "value": 0.0
      }
    },
    "geometry": {
      "coordinates": [],
      "radius": 0.0,
      "shape": "NONE"
    },
    "handle": 2827573336,
    "identification": "LKP9 DUKOVANY",
    "name": "LKP9 DUKOVANY",
    "sun": {
      "astronomicalDawn": "0001-01-01T00:00:00Z",
      "astronomicalDusk": "0001-01-01T00:00:00Z",
      "civilDawn": "0001-01-01T00:00:00Z",
      "civilDusk": "0001-01-01T00:00:00Z",
      "date": "0001-01-01T00:00:00Z"
    },
    "thumbprint": "85dad7058ed348f586565ae05fe1f3a6c3b5ce699b571887384f007896267351"
  },
  {
    "elevationRange": {
      "ceiling": {
        "origin": "AMSL",
        "units": "FEETS",
        "value": 3000.0
      },
      "floor": {
        "origin": "GND",
        "units": "FEETS",
        "value": 0.0
      }
    },
    "geometry": {
      "coordinates": [],
      "radius": 0.0,
      "shape": "NONE"
    },
    "handle": 1466065304,
    "identification": "LKP6 SEMTÍN",
    "name": "LKP6 SEMTÍN",
    "sun": {
      "astronomicalDawn": "0001-01-01T00:00:00Z",
      "astronomicalDusk": "0001-01-01T00:00:00Z",
      "civilDawn": "0001-01-01T00:00:00Z",
      "civilDusk": "0001-01-01T00:00:00Z",
      "date": "0001-01-01T00:00:00Z"
    },
    "thumbprint": "ee50ef6b4626dd6eaf1e23a874fbb7d3a07fa31439f2ad5ec8eaa36793bb50a9"
  },
  {
    "elevationRange": {
      "ceiling": {
        "origin": "AMSL",
        "units": "FEETS",
        "value": 5000.0
      },
      "floor": {
        "origin": "GND",
        "units": "FEETS",
        "value": 0.0
      }
    },
    "geometry": {
      "coordinates": [],
      "radius": 0.0,
      "shape": "NONE"
    },
    "handle": 2453813564,
    "identification": "LZP29 JASLOVSKÉ BOHUNICE",
    "name": "LZP29 JASLOVSKÉ BOHUNICE",
    "sun": {
      "astronomicalDawn": "0001-01-01T00:00:00Z",
      "astronomicalDusk": "0001-01-01T00:00:00Z",
      "civilDawn": "0001-01-01T00:00:00Z",
      "civilDusk": "0001-01-01T00:00:00Z",
      "date": "0001-01-01T00:00:00Z"
    },
    "thumbprint": "170cfc9311b200fe98f1b2e187bb09c367abe449082dbfa8e9beea9a743f6433"
  },
  {
    "elevationRange": {
      "ceiling": {
        "origin": "AMSL",
        "units": "FEETS",
        "value": 5000.0
      },
      "floor": {
        "origin": "GND",
        "units": "FEETS",
        "value": 0.0
      }
    },
    "geometry": {
      "coordinates": [],
      "radius": 0.0,
      "shape": "NONE"
    },
    "handle": 3898181597,
    "identification": "LZP1 MOCHOVCE",
    "name": "LZP1 MOCHOVCE",
    "sun": {
      "astronomicalDawn": "0001-01-01T00:00:00Z",
      "astronomicalDusk": "0001-01-01T00:00:00Z",
      "civilDawn": "0001-01-01T00:00:00Z",
      "civilDusk": "0001-01-01T00:00:00Z",
      "date": "0001-01-01T00:00:00Z"
    },
    "thumbprint": "c83be4724edce3b69af2eba39f7385b9314919757588e30a9f6c3e666cd25c15"
  },
  {
    "elevationRange": {
      "ceiling": {
        "origin": "AMSL",
        "units": "FEETS",
        "value": 5000.0
      },
      "floor": {
        "origin": "GND",
        "units": "FEETS",
        "value": 0.0
      }
    },
    "geometry": {
      "coordinates": [
        {
          "index": 0,
          "latitude": 49.70660833,
          "longitude": 14.8991
        },
        {
          "index": 1,
          "latitude": 49.68147222,
          "longitude": 14.96604444
        },
        {
          "index": 2,
          "latitude": 49.66131667,
          "longitude": 14.93187778
        },
        {
          "index": 3,
          "latitude": 49.70660833,
          "longitude": 14.8991
        }
      ],
      "radius": 0.0,
      "shape": "NONE"
    },
    "handle": 705926816,
    "identification": "LKP4 VLASIM",
    "name": "LKP4 VLASIM",
    "sun": {
      "astronomicalDawn": "0001-01-01T00:00:00Z",
      "astronomicalDusk": "0001-01-01T00:00:00Z",
      "civilDawn": "0001-01-01T00:00:00Z",
      "civilDusk": "0001-01-01T00:00:00Z",
      "date": "0001-01-01T00:00:00Z"
    },
    "thumbprint": "235f229a0a08edaa779be526efe76a3c2776a12910a0899ac9b7c54da29aee06"
  },
  {
    "elevationRange": {
      "ceiling": {
        "origin": "AMSL",
        "units": "FEETS",
        "value": 3500.0
      },
      "floor": {
        "origin": "GND",
        "units": "FEETS",
        "value": 0.0
      }
    },
    "geometry": {
      "coordinates": [],
      "radius": 0.0,
      "shape": "NONE"
    },
    "handle": 856354695,
    "identification": "LHP2 / CSILLEBÉRC",
    "name": "LHP2 / CSILLEBÉRC",
    "sun": {
      "astronomicalDawn": "0001-01-01T00:00:00Z",
      "astronomicalDusk": "0001-01-01T00:00:00Z",
      "civilDawn": "0001-01-01T00:00:00Z",
      "civilDusk": "0001-01-01T00:00:00Z",
      "date": "0001-01-01T00:00:00Z"
    },
    "thumbprint": "82b9e865629a428f435990f7a40dd5c6143997b0623329735e1d804e33706c01"
  },
  {
    "elevationRange": {
      "ceiling": {
        "origin": "AMSL",
        "units": "FEETS",
        "value": 2000.0
      },
      "floor": {
        "origin": "GND",
        "units": "FEETS",
        "value": 0.0
      }
    },
    "geometry": {
      "coordinates": [],
      "radius": 0.0,
      "shape": "NONE"
    },
    "handle": 885648433,
    "identification": "LKP11 NERATOVICE",
    "name": "LKP11 NERATOVICE",
    "sun": {
      "astronomicalDawn": "0001-01-01T00:00:00Z",
      "astronomicalDusk": "0001-01-01T00:00:00Z",
      "civilDawn": "0001-01-01T00:00:00Z",
      "civilDusk": "0001-01-01T00:00:00Z",
      "date": "0001-01-01T00:00:00Z"
    },
    "thumbprint": "629f5768c8993501edc5095f15d8311e3d72421fce711990187d97e742196876"
  },
  {
    "elevationRange": {
      "ceiling": {
        "origin": "AMSL",
        "units": "FEETS",
        "value": 2000.0
      },
      "floor": {
        "origin": "GND",
        "units": "FEETS",
        "value": 0.0
      }
    },
    "geometry": {
      "coordinates": [],
      "radius": 0.0,
      "shape": "NONE"
    },
    "handle": 3442538138,
    "identification": "LKP12 REZ",
    "name": "LKP12 REZ",
    "sun": {
      "astronomicalDawn": "0001-01-01T00:00:00Z",
      "astronomicalDusk": "0001-01-01T00:00:00Z",
      "civilDawn": "0001-01-01T00:00:00Z",
      "civilDusk": "0001-01-01T00:00:00Z",
      "date": "0001-01-01T00:00:00Z"
    },
    "thumbprint": "b677ffe731cf0eccafa3fcc66e640194fc8d5a6abecd3b3bee59e6611c75cb09"
  },
  {
    "elevationRange": {
      "ceiling": {
        "origin": "AMSL",
        "units": "FEETS",
        "value": 5000.0
      },
      "floor": {
        "origin": "GND",
        "units": "FEETS",
        "value": 0.0
      }
    },
    "geometry": {
      "coordinates": [],
      "radius": 0.0,
      "shape": "NONE"
    },
    "handle": 4078531010,
    "identification": "LKP1 PRAZSKÝ HRAD",
    "name": "LKP1 PRAZSKÝ HRAD",
    "sun": {
      "astronomicalDawn": "0001-01-01T00:00:00Z",
      "astronomicalDusk": "0001-01-01T00:00:00Z",
      "civilDawn": "0001-01-01T00:00:00Z",
      "civilDusk": "0001-01-01T00:00:00Z",
      "date": "0001-01-01T00:00:00Z"
    },
    "thumbprint": "7d06a2c1359184900fd0340b3a638309e38b4cbe6ac34dfc89f4a83819eac2d8"
  },
  {
    "elevationRange": {
      "ceiling": {
        "origin": "AMSL",
        "units": "FEETS",
        "value": 5000.0
      },
      "floor": {
        "origin": "GND",
        "units": "FEETS",
        "value": 0.0
      }
    },
    "geometry": {
      "coordinates": [],
      "radius": 0.0,
      "shape": "NONE"
    },
    "handle": 1205784974,
    "identification": "LKP5 PRCICE",
    "name": "LKP5 PRCICE",
    "sun": {
      "astronomicalDawn": "0001-01-01T00:00:00Z",
      "astronomicalDusk": "0001-01-01T00:00:00Z",
      "civilDawn": "0001-01-01T00:00:00Z",
      "civilDusk": "0001-01-01T00:00:00Z",
      "date": "0001-01-01T00:00:00Z"
    },
    "thumbprint": "64f8ed190de8b135cc603403bd3143662b0d83c136182562270411bb323a487d"
  },
  {
    "elevationRange": {
      "ceiling": {
        "origin": "AMSL",
        "units": "FEETS",
        "value": 5000.0
      },
      "floor": {
        "origin": "GND",
        "units": "FEETS",
        "value": 0.0
      }
    },
    "geometry": {
      "coordinates": [],
      "radius": 0.0,
      "shape": "NONE"
    },
    "handle": 957070854,
    "identification": "LKP2 TEMELÍN",
    "name": "LKP2 TEMELÍN",
    "sun": {
      "astronomicalDawn": "0001-01-01T00:00:00Z",
      "astronomicalDusk": "0001-01-01T00:00:00Z",
      "civilDawn": "0001-01-01T00:00:00Z",
      "civilDusk": "0001-01-01T00:00:00Z",
      "date": "0001-01-01T00:00:00Z"
    },
    "thumbprint": "e6c327b0ac413e0f8d147a6bd9b4faa436bbb34d0e5acaae3dbbd521a926ce72"
  },
  {
    "elevationRange": {
      "ceiling": {
        "origin": "AMSL",
        "units": "FEETS",
        "value": 4000.0
      },
      "floor": {
        "origin": "GND",
        "units": "FEETS",
        "value": 0.0
      }
    },
    "geometry": {
      "coordinates": [],
      "radius": 0.0,
      "shape": "NONE"
    },
    "handle": 212894245,
    "identification": "LKP10 ÚSTÍ NAD LABEM",
    "name": "LKP10 ÚSTÍ NAD LABEM",
    "sun": {
      "astronomicalDawn": "0001-01-01T00:00:00Z",
      "astronomicalDusk": "0001-01-01T00:00:00Z",
      "civilDawn": "0001-01-01T00:00:00Z",
      "civilDusk": "0001-01-01T00:00:00Z",
      "date": "0001-01-01T00:00:00Z"
    },
    "thumbprint": "05780a0033ab04fc47194cc2a7d8ab1945bf67f9cc48cd5a850a28730a7980ce"
  },
  {
    "elevationRange": {
      "ceiling": {
        "origin": "AMSL",
        "units": "FEETS",
        "value": 4000.0
      },
      "floor": {
        "origin": "GND",
        "units": "FEETS",
        "value": 0.0
      }
    },
    "geometry": {
      "coordinates": [],
      "radius": 0.0,
      "shape": "NONE"
    },
    "handle": 2591383783,
    "identification": "LZP23 ŠAĽA",
    "name": "LZP23 ŠAĽA",
    "sun": {
      "astronomicalDawn": "0001-01-01T00:00:00Z",
      "astronomicalDusk": "0001-01-01T00:00:00Z",
      "civilDawn": "0001-01-01T00:00:00Z",
      "civilDusk": "0001-01-01T00:00:00Z",
      "date": "0001-01-01T00:00:00Z"
    },
    "thumbprint": "f5f4cd21ade6e09de6c800b0dca6db3aa5cf040add894ee25e4a76bfa3047790"
  },
  {
    "elevationRange": {
      "ceiling": {
        "origin": "AMSL",
        "units": "FEETS",
        "value": 1500.0
      },
      "floor": {
        "origin": "GND",
        "units": "FEETS",
        "value": 0.0
      }
    },
    "geometry": {
      "coordinates": [],
      "radius": 0.0,
      "shape": "NONE"
    },
    "handle": 4102054036,
    "identification": "EP P12 STARE KIEJKUTY",
    "name": "EP P12 STARE KIEJKUTY",
    "sun": {
      "astronomicalDawn": "0001-01-01T00:00:00Z",
      "astronomicalDusk": "0001-01-01T00:00:00Z",
      "civilDawn": "0001-01-01T00:00:00Z",
      "civilDusk": "0001-01-01T00:00:00Z",
      "date": "0001-01-01T00:00:00Z"
    },
    "thumbprint": "e24768a5b8e43d3caeb670db55fcca0fe4e9eec05a0df739c7ff0ab0c515ea6d"
  },
  {
    "elevationRange": {
      "ceiling": {
        "origin": "AMSL",
        "units": "FEETS",
        "value": 1000.0
      },
      "floor": {
        "origin": "GND",
        "units": "FEETS",
        "value": 0.0
      }
    },
    "geometry": {
      "coordinates": [
        {
          "index": 0,
          "latitude": 52.17555556,
          "longitude": 21.13666667
        },
        {
          "index": 1,
          "latitude": 52.17972222,
          "longitude": 21.15194444
        },
        {
          "index": 2,
          "latitude": 52.16777778,
          "longitude": 21.16416667
        },
        {
          "index": 3,
          "latitude": 52.16138889,
          "longitude": 21.15055556
        },
        {
          "index": 4,
          "latitude": 52.17555556,
          "longitude": 21.13666667
        }
      ],
      "radius": 0.0,
      "shape": "NONE"
    },
    "handle": 2387489713,
    "identification": "EP P9 WARSZAWA",
    "name": "EP P9 WARSZAWA",
    "sun": {
      "astronomicalDawn": "0001-01-01T00:00:00Z",
      "astronomicalDusk": "0001-01-01T00:00:00Z",
      "civilDawn": "0001-01-01T00:00:00Z",
      "civilDusk": "0001-01-01T00:00:00Z",
      "date": "0001-01-01T00:00:00Z"
    },
    "thumbprint": "27c2447d68eae505df375cad364e563c438258afec0964439f57423c0ba318d1"
  },
  {
    "elevationRange": {
      "ceiling": {
        "origin": "AMSL",
        "units": "FEETS",
        "value": 3500.0
      },
      "floor": {
        "origin": "GND",
        "units": "FEETS",
        "value": 0.0
      }
    },
    "geometry": {
      "coordinates": [],
      "radius": 0.0,
      "shape": "NONE"
    },
    "handle": 3278498970,
    "identification": "EP P5 OŚWIĘCIM",
    "name": "EP P5 OŚWIĘCIM",
    "sun": {
      "astronomicalDawn": "0001-01-01T00:00:00Z",
      "astronomicalDusk": "0001-01-01T00:00:00Z",
      "civilDawn": "0001-01-01T00:00:00Z",
      "civilDusk": "0001-01-01T00:00:00Z",
      "date": "0001-01-01T00:00:00Z"
    },
    "thumbprint": "201890bc7a5493078d314d5e4cbb441ff68747e900cea089562c503c8fb95298"
  },
  {
    "elevationRange": {
      "ceiling": {
        "origin": "FL",
        "units": "FEETS",
        "value": 195.0
      },
      "floor": {
        "origin": "GND",
        "units": "FEETS",
        "value": 0.0
      }
    },
    "geometry": {
      "coordinates": [],
      "radius": 0.0,
      "shape": "NONE"
    },
    "handle": 37607312,
    "identification": "LHP1 / PAKS",
    "name": "LHP1 / PAKS",
    "sun": {
      "astronomicalDawn": "0001-01-01T00:00:00Z",
      "astronomicalDusk": "0001-01-01T00:00:00Z",
      "civilDawn": "0001-01-01T00:00:00Z",
      "civilDusk": "0001-01-01T00:00:00Z",
      "date": "0001-01-01T00:00:00Z"
    },
    "thumbprint": "be14a74fe22f29c5ed389284687b092bbc734037897dd40e4f3fe09805a90893"
  },
  {
    "elevationRange": {
      "ceiling": {
        "origin": "AMSL",
        "units": "FEETS",
        "value": 3500.0
      },
      "floor": {
        "origin": "GND",
        "units": "FEETS",
        "value": 0.0
      }
    },
    "geometry": {
      "coordinates": [],
      "radius": 0.0,
      "shape": "NONE"
    },
    "handle": 4291138360,
    "identification": "EP P31 LOTOS INFRASTRUKTURA",
    "name": "EP P31 LOTOS INFRASTRUKTURA",
    "sun": {
      "astronomicalDawn": "0001-01-01T00:00:00Z",
      "astronomicalDusk": "0001-01-01T00:00:00Z",
      "civilDawn": "0001-01-01T00:00:00Z",
      "civilDusk": "0001-01-01T00:00:00Z",
      "date": "0001-01-01T00:00:00Z"
    },
    "thumbprint": "4781ee49b793551d43f87a0447c988425a6b396f7c1bded72e7131b6234e2b11"
  },
  {
    "elevationRange": {
      "ceiling": {
        "origin": "AMSL",
        "units": "FEETS",
        "value": 2700.0
      },
      "floor": {
        "origin": "GND",
        "units": "FEETS",
        "value": 0.0
      }
    },
    "geometry": {
      "coordinates": [],
      "radius": 0.0,
      "shape": "NONE"
    },
    "handle": 3128108754,
    "identification": "EP P18 EMÓW",
    "name": "EP P18 EMÓW",
    "sun": {
      "astronomicalDawn": "0001-01-01T00:00:00Z",
      "astronomicalDusk": "0001-01-01T00:00:00Z",
      "civilDawn": "0001-01-01T00:00:00Z",
      "civilDusk": "0001-01-01T00:00:00Z",
      "date": "0001-01-01T00:00:00Z"
    },
    "thumbprint": "266598b0109d3c57a8a1d4bd69f79716a4a97a5ca917a9d309c31d536f8fb576"
  },
  {
    "elevationRange": {
      "ceiling": {
        "origin": "AMSL",
        "units": "FEETS",
        "value": 2700.0
      },
      "floor": {
        "origin": "GND",
        "units": "FEETS",
        "value": 0.0
      }
    },
    "geometry": {
      "coordinates": [],
      "radius": 0.0,
      "shape": "NONE"
    },
    "handle": 2176518662,
    "identification": "EP P10 ŚWIERK",
    "name": "EP P10 ŚWIERK",
    "sun": {
      "astronomicalDawn": "0001-01-01T00:00:00Z",
      "astronomicalDusk": "0001-01-01T00:00:00Z",
      "civilDawn": "0001-01-01T00:00:00Z",
      "civilDusk": "0001-01-01T00:00:00Z",
      "date": "0001-01-01T00:00:00Z"
    },
    "thumbprint": "64249af365bb4e169893bf784b8c3071dbf2362236b86bebeb035049d49ca16f"
  },
  {
    "elevationRange": {
      "ceiling": {
        "origin": "AMSL",
        "units": "FEETS",
        "value": 3000.0
      },
      "floor": {
        "origin": "GND",
        "units": "FEETS",
        "value": 0.0
      }
    },
    "geometry": {
      "coordinates": [],
      "radius": 0.0,
      "shape": "NONE"
    },
    "handle": 3575526477,
    "identification": "EP P11 BRZEG DOLNY 1",
    "name": "EP P11 BRZEG DOLNY 1",
    "sun": {
      "astronomicalDawn": "0001-01-01T00:00:00Z",
      "astronomicalDusk": "0001-01-01T00:00:00Z",
      "civilDawn": "0001-01-01T00:00:00Z",
      "civilDusk": "0001-01-01T00:00:00Z",
      "date": "0001-01-01T00:00:00Z"
    },
    "thumbprint": "ef51bc68908f97ef611454c7cb0d1a87d0885691500ac0dfbda721bf99c12206"
  },
  {
    "elevationRange": {
      "ceiling": {
        "origin": "AMSL",
        "units": "FEETS",
        "value": 5000.0
      },
      "floor": {
        "origin": "GND",
        "units": "FEETS",
        "value": 0.0
      }
    },
    "geometry": {
      "coordinates": [],
      "radius": 0.0,
      "shape": "NONE"
    },
    "handle": 103693673,
    "identification": "LKP7 POLICKA",
    "name": "LKP7 POLICKA",
    "sun": {
      "astronomicalDawn": "0001-01-01T00:00:00Z",
      "astronomicalDusk": "0001-01-01T00:00:00Z",
      "civilDawn": "0001-01-01T00:00:00Z",
      "civilDusk": "0001-01-01T00:00:00Z",
      "date": "0001-01-01T00:00:00Z"
    },
    "thumbprint": "78eb21706b62f167cea58d1dd2844114bf65a03c9055268d016097bb0b17274d"
  },
  {
    "elevationRange": {
      "ceiling": {
        "origin": "AMSL",
        "units": "FEETS",
        "value": 4000.0
      },
      "floor": {
        "origin": "GND",
        "units": "FEETS",
        "value": 0.0
      }
    },
    "geometry": {
      "coordinates": [],
      "radius": 0.0,
      "shape": "NONE"
    },
    "handle": 527191577,
    "identification": "LKP8 MOST",
    "name": "LKP8 MOST",
    "sun": {
      "astronomicalDawn": "0001-01-01T00:00:00Z",
      "astronomicalDusk": "0001-01-01T00:00:00Z",
      "civilDawn": "0001-01-01T00:00:00Z",
      "civilDusk": "0001-01-01T00:00:00Z",
      "date": "0001-01-01T00:00:00Z"
    },
    "thumbprint": "5f2ae71a37d8ef40cfd9114fadb0768ab4627aa6d1fafa86da171d011bdd7ce9"
  },
  {
    "elevationRange": {
      "ceiling": {
        "origin": "AMSL",
        "units": "FEETS",
        "value": 3000.0
      },
      "floor": {
        "origin": "GND",
        "units": "FEETS",
        "value": 0.0
      }
    },
    "geometry": {
      "coordinates": [],
      "radius": 0.0,
      "shape": "NONE"
    },
    "handle": 277799054,
    "identification": "EP P24 JEDLICZE",
    "name": "EP P24 JEDLICZE",
    "sun": {
      "astronomicalDawn": "0001-01-01T00:00:00Z",
      "astronomicalDusk": "0001-01-01T00:00:00Z",
      "civilDawn": "0001-01-01T00:00:00Z",
      "civilDusk": "0001-01-01T00:00:00Z",
      "date": "0001-01-01T00:00:00Z"
    },
    "thumbprint": "a1aff6c3674fe9e9e18426dbda0f2ad4e33062fd68cf87c4becb1fb5da5f10f4"
  },
  {
    "elevationRange": {
      "ceiling": {
        "origin": "AMSL",
        "units": "FEETS",
        "value": 1300.0
      },
      "floor": {
        "origin": "GND",
        "units": "FEETS",
        "value": 0.0
      }
    },
    "geometry": {
      "coordinates": [],
      "radius": 0.0,
      "shape": "NONE"
    },
    "handle": 1992060750,
    "identification": "EP P28 KOZIENICE",
    "name": "EP P28 KOZIENICE",
    "sun": {
      "astronomicalDawn": "0001-01-01T00:00:00Z",
      "astronomicalDusk": "0001-01-01T00:00:00Z",
      "civilDawn": "0001-01-01T00:00:00Z",
      "civilDusk": "0001-01-01T00:00:00Z",
      "date": "0001-01-01T00:00:00Z"
    },
    "thumbprint": "ba80f74a253dad48f0e4382476690d9f385ece82b09070112d245320e10e5d8e"
  },
  {
    "elevationRange": {
      "ceiling": {
        "origin": "AMSL",
        "units": "FEETS",
        "value": 3500.0
      },
      "floor": {
        "origin": "GND",
        "units": "FEETS",
        "value": 0.0
      }
    },
    "geometry": {
      "coordinates": [],
      "radius": 0.0,
      "shape": "NONE"
    },
    "handle": 2387078225,
    "identification": "EP P1 PIONKI",
    "name": "EP P1 PIONKI",
    "sun": {
      "astronomicalDawn": "0001-01-01T00:00:00Z",
      "astronomicalDusk": "0001-01-01T00:00:00Z",
      "civilDawn": "0001-01-01T00:00:00Z",
      "civilDusk": "0001-01-01T00:00:00Z",
      "date": "0001-01-01T00:00:00Z"
    },
    "thumbprint": "42def01b68215486e62d2b27a211891b3ce7ddd8ec02adc03de211ceab0486eb"
  },
  {
    "elevationRange": {
      "ceiling": {
        "origin": "AMSL",
        "units": "FEETS",
        "value": 1000.0
      },
      "floor": {
        "origin": "GND",
        "units": "FEETS",
        "value": 0.0
      }
    },
    "geometry": {
      "coordinates": [],
      "radius": 0.0,
      "shape": "NONE"
    },
    "handle": 4070972622,
    "identification": "EP P29 LEGIONOWO",
    "name": "EP P29 LEGIONOWO",
    "sun": {
      "astronomicalDawn": "0001-01-01T00:00:00Z",
      "astronomicalDusk": "0001-01-01T00:00:00Z",
      "civilDawn": "0001-01-01T00:00:00Z",
      "civilDusk": "0001-01-01T00:00:00Z",
      "date": "0001-01-01T00:00:00Z"
    },
    "thumbprint": "e1527ef3be8b8b3d9e9e9e0793225bf22a9cc754d672438b513a3eee6ce34bbd"
  },
  {
    "elevationRange": {
      "ceiling": {
        "origin": "AMSL",
        "units": "FEETS",
        "value": 2000.0
      },
      "floor": {
        "origin": "GND",
        "units": "FEETS",
        "value": 0.0
      }
    },
    "geometry": {
      "coordinates": [
        {
          "index": 0,
          "latitude": 50.81638889,
          "longitude": 19.08555556
        },
        {
          "index": 1,
          "latitude": 50.81583333,
          "longitude": 19.10444444
        },
        {
          "index": 2,
          "latitude": 50.80805556,
          "longitude": 19.10388889
        },
        {
          "index": 3,
          "latitude": 50.80861111,
          "longitude": 19.0825
        },
        {
          "index": 4,
          "latitude": 50.81638889,
          "longitude": 19.08555556
        }
      ],
      "radius": 0.0,
      "shape": "NONE"
    },
    "handle": 2139387851,
    "identification": "EP P22 JASNA GÓRA",
    "name": "EP P22 JASNA GÓRA",
    "sun": {
      "astronomicalDawn": "0001-01-01T00:00:00Z",
      "astronomicalDusk": "0001-01-01T00:00:00Z",
      "civilDawn": "0001-01-01T00:00:00Z",
      "civilDusk": "0001-01-01T00:00:00Z",
      "date": "0001-01-01T00:00:00Z"
    },
    "thumbprint": "e9cfc960aeab16168b57efbac89d37fa30318fcaea9e5cf919e534821f7bacd8"
  },
  {
    "elevationRange": {
      "ceiling": {
        "origin": "AMSL",
        "units": "FEETS",
        "value": 3500.0
      },
      "floor": {
        "origin": "GND",
        "units": "FEETS",
        "value": 0.0
      }
    },
    "geometry": {
      "coordinates": [],
      "radius": 0.0,
      "shape": "NONE"
    },
    "handle": 1023632572,
    "identification": "EP P20 MUZEUM AUSCHWITZ",
    "name": "EP P20 MUZEUM AUSCHWITZ",
    "sun": {
      "astronomicalDawn": "0001-01-01T00:00:00Z",
      "astronomicalDusk": "0001-01-01T00:00:00Z",
      "civilDawn": "0001-01-01T00:00:00Z",
      "civilDusk": "0001-01-01T00:00:00Z",
      "date": "0001-01-01T00:00:00Z"
    },
    "thumbprint": "1e071f5bf6b493d455c4073e4145ce8e069c19cb82ac3484a7f021dfabc574ce"
  },
  {
    "elevationRange": {
      "ceiling": {
        "origin": "AMSL",
        "units": "FEETS",
        "value": 5000.0
      },
      "floor": {
        "origin": "GND",
        "units": "FEETS",
        "value": 0.0
      }
    },
    "geometry": {
      "coordinates": [],
      "radius": 0.0,
      "shape": "NONE"
    },
    "handle": 1445939579,
    "identification": "EP P4 BIERUŃ",
    "name": "EP P4 BIERUŃ",
    "sun": {
      "astronomicalDawn": "0001-01-01T00:00:00Z",
      "astronomicalDusk": "0001-01-01T00:00:00Z",
      "civilDawn": "0001-01-01T00:00:00Z",
      "civilDusk": "0001-01-01T00:00:00Z",
      "date": "0001-01-01T00:00:00Z"
    },
    "thumbprint": "8f480d16096837e6228c47cb83bef1e876b8cd72f254a72b2506853c7085141c"
  },
  {
    "elevationRange": {
      "ceiling": {
        "origin": "AMSL",
        "units": "FEETS",
        "value": 3500.0
      },
      "floor": {
        "origin": "GND",
        "units": "FEETS",
        "value": 0.0
      }
    },
    "geometry": {
      "coordinates": [
        {
          "index": 0,
          "latitude": 49.91472222,
          "longitude": 19.005
        },
        {
          "index": 1,
          "latitude": 49.91638889,
          "longitude": 19.02027778
        },
        {
          "index": 2,
          "latitude": 49.89722222,
          "longitude": 19.03666667
        },
        {
          "index": 3,
          "latitude": 49.89416667,
          "longitude": 19.02555556
        },
        {
          "index": 4,
          "latitude": 49.90444444,
          "longitude": 19.0075
        },
        {
          "index": 5,
          "latitude": 49.91472222,
          "longitude": 19.005
        }
      ],
      "radius": 0.0,
      "shape": "NONE"
    },
    "handle": 1388360879,
    "identification": "EP P30 LOTOS TERMINALE S.A.",
    "name": "EP P30 LOTOS TERMINALE S.A.",
    "sun": {
      "astronomicalDawn": "0001-01-01T00:00:00Z",
      "astronomicalDusk": "0001-01-01T00:00:00Z",
      "civilDawn": "0001-01-01T00:00:00Z",
      "civilDusk": "0001-01-01T00:00:00Z",
      "date": "0001-01-01T00:00:00Z"
    },
    "thumbprint": "b92c20b2197296a96f3c4ed435ddd8c95d7f8ee6a87eb3053bd51e33598b5bd7"
  },
  {
    "elevationRange": {
      "ceiling": {
        "origin": "AMSL",
        "units": "FEETS",
        "value": 2700.0
      },
      "floor": {
        "origin": "GND",
        "units": "FEETS",
        "value": 0.0
      }
    },
    "geometry": {
      "coordinates": [
        {
          "index": 0,
          "latitude": 52.70611111,
          "longitude": 18.94722222
        },
        {
          "index": 1,
          "latitude": 52.72583333,
          "longitude": 18.96944444
        },
        {
          "index": 2,
          "latitude": 52.69027778,
          "longitude": 18.98833333
        },
        {
          "index": 3,
          "latitude": 52.70611111,
          "longitude": 18.94722222
        }
      ],
      "radius": 0.0,
      "shape": "NONE"
    },
    "handle": 3839825464,
    "identification": "EP P19 WŁOCŁAWEK",
    "name": "EP P19 WŁOCŁAWEK",
    "sun": {
      "astronomicalDawn": "0001-01-01T00:00:00Z",
      "astronomicalDusk": "0001-01-01T00:00:00Z",
      "civilDawn": "0001-01-01T00:00:00Z",
      "civilDusk": "0001-01-01T00:00:00Z",
      "date": "0001-01-01T00:00:00Z"
    },
    "thumbprint": "376fe3604d0461a0d406549b6d7169502afc6f8e19209e80852c1c019e622b98"
  },
  {
    "elevationRange": {
      "ceiling": {
        "origin": "AMSL",
        "units": "FEETS",
        "value": 2700.0
      },
      "floor": {
        "origin": "GND",
        "units": "FEETS",
        "value": 0.0
      }
    },
    "geometry": {
      "coordinates": [
        {
          "index": 0,
          "latitude": 54.35444444,
          "longitude": 18.72333333
        },
        {
          "index": 1,
          "latitude": 54.35027778,
          "longitude": 18.76083333
        },
        {
          "index": 2,
          "latitude": 54.33722222,
          "longitude": 18.75638889
        },
        {
          "index": 3,
          "latitude": 54.34138889,
          "longitude": 18.71972222
        },
        {
          "index": 4,
          "latitude": 54.35444444,
          "longitude": 18.72333333
        }
      ],
      "radius": 0.0,
      "shape": "NONE"
    },
    "handle": 2589917988,
    "identification": "EP P15 GDAŃSK",
    "name": "EP P15 GDAŃSK",
    "sun": {
      "astronomicalDawn": "0001-01-01T00:00:00Z",
      "astronomicalDusk": "0001-01-01T00:00:00Z",
      "civilDawn": "0001-01-01T00:00:00Z",
      "civilDusk": "0001-01-01T00:00:00Z",
      "date": "0001-01-01T00:00:00Z"
    },
    "thumbprint": "87b4dbab21a5123d6ecd8d3c2191fb7cba3a03686d326c198f865e9f15605aea"
  },
  {
    "elevationRange": {
      "ceiling": {
        "origin": "AMSL",
        "units": "FEETS",
        "value": 3500.0
      },
      "floor": {
        "origin": "GND",
        "units": "FEETS",
        "value": 0.0
      }
    },
    "geometry": {
      "coordinates": [],
      "radius": 0.0,
      "shape": "NONE"
    },
    "handle": 2800062511,
    "identification": "EP P6 TARNÓW",
    "name": "EP P6 TARNÓW",
    "sun": {
      "astronomicalDawn": "0001-01-01T00:00:00Z",
      "astronomicalDusk": "0001-01-01T00:00:00Z",
      "civilDawn": "0001-01-01T00:00:00Z",
      "civilDusk": "0001-01-01T00:00:00Z",
      "date": "0001-01-01T00:00:00Z"
    },
    "thumbprint": "98e4cd5cd9ae334d96563baaf8f664be28881c97e40a26be7228764a201dae6b"
  },
  {
    "elevationRange": {
      "ceiling": {
        "origin": "AMSL",
        "units": "FEETS",
        "value": 3000.0
      },
      "floor": {
        "origin": "GND",
        "units": "FEETS",
        "value": 0.0
      }
    },
    "geometry": {
      "coordinates": [],
      "radius": 0.0,
      "shape": "NONE"
    },
    "handle": 481023143,
    "identification": "EP P23 TRZEBINIA",
    "name": "EP P23 TRZEBINIA",
    "sun": {
      "astronomicalDawn": "0001-01-01T00:00:00Z",
      "astronomicalDusk": "0001-01-01T00:00:00Z",
      "civilDawn": "0001-01-01T00:00:00Z",
      "civilDusk": "0001-01-01T00:00:00Z",
      "date": "0001-01-01T00:00:00Z"
    },
    "thumbprint": "647d675ab96394064576c2afc66cadc6fe9bfa6a429c45124801b38fbaa9cdef"
  },
  {
    "elevationRange": {
      "ceiling": {
        "origin": "AMSL",
        "units": "FEETS",
        "value": 3500.0
      },
      "floor": {
        "origin": "GND",
        "units": "FEETS",
        "value": 0.0
      }
    },
    "geometry": {
      "coordinates": [],
      "radius": 0.0,
      "shape": "NONE"
    },
    "handle": 3584848078,
    "identification": "EP P2 KRUPSKI MŁYN",
    "name": "EP P2 KRUPSKI MŁYN",
    "sun": {
      "astronomicalDawn": "0001-01-01T00:00:00Z",
      "astronomicalDusk": "0001-01-01T00:00:00Z",
      "civilDawn": "0001-01-01T00:00:00Z",
      "civilDusk": "0001-01-01T00:00:00Z",
      "date": "0001-01-01T00:00:00Z"
    },
    "thumbprint": "8e6d8f503d2a67864dcaf678562bf4b12828a4c242bf5d0d0377adb875cbf362"
  },
  {
    "elevationRange": {
      "ceiling": {
        "origin": "AMSL",
        "units": "FEETS",
        "value": 3500.0
      },
      "floor": {
        "origin": "GND",
        "units": "FEETS",
        "value": 0.0
      }
    },
    "geometry": {
      "coordinates": [
        {
          "index": 0,
          "latitude": 50.32194444,
          "longitude": 18.24388889
        },
        {
          "index": 1,
          "latitude": 50.31916667,
          "longitude": 18.27027778
        },
        {
          "index": 2,
          "latitude": 50.28277778,
          "longitude": 18.28861111
        },
        {
          "index": 3,
          "latitude": 50.29083333,
          "longitude": 18.25777778
        },
        {
          "index": 4,
          "latitude": 50.30861111,
          "longitude": 18.24055556
        },
        {
          "index": 5,
          "latitude": 50.32194444,
          "longitude": 18.24388889
        }
      ],
      "radius": 0.0,
      "shape": "NONE"
    },
    "handle": 3161986135,
    "identification": "EP P32 ZAKŁADY AZOTOWE „KĘDZIERZYN” S.A.",
    "name": "EP P32 ZAKŁADY AZOTOWE „KĘDZIERZYN” S.A.",
    "sun": {
      "astronomicalDawn": "0001-01-01T00:00:00Z",
      "astronomicalDusk": "0001-01-01T00:00:00Z",
      "civilDawn": "0001-01-01T00:00:00Z",
      "civilDusk": "0001-01-01T00:00:00Z",
      "date": "0001-01-01T00:00:00Z"
    },
    "thumbprint": "22196d6281a57e0df9d967e2085f67d86a5f3806b2122d69068c376c6db46cb7"
  },
  {
    "elevationRange": {
      "ceiling": {
        "origin": "FL",
        "units": "FEETS",
        "value": 95.0
      },
      "floor": {
        "origin": "GND",
        "units": "FEETS",
        "value": 0.0
      }
    },
    "geometry": {
      "coordinates": [
        {
          "index": 0,
          "latitude": 50.69944444,
          "longitude": 18.295
        },
        {
          "index": 1,
          "latitude": 50.75611111,
          "longitude": 18.18333333
        },
        {
          "index": 2,
          "latitude": 50.81638889,
          "longitude": 18.165
        },
        {
          "index": 3,
          "latitude": 50.86638889,
          "longitude": 18.215
        },
        {
          "index": 4,
          "latitude": 50.86194444,
          "longitude": 18.33861111
        },
        {
          "index": 5,
          "latitude": 50.81166667,
          "longitude": 18.41138889
        },
        {
          "index": 6,
          "latitude": 50.70833333,
          "longitude": 18.36388889
        },
        {
          "index": 7,
          "latitude": 50.69944444,
          "longitude": 18.295
        }
      ],
      "radius": 0.0,
      "shape": "NONE"
    },
    "handle": 201212271,
    "identification": "EP P13 OLESNO",
    "name": "EP P13 OLESNO",
    "sun": {
      "astronomicalDawn": "0001-01-01T00:00:00Z",
      "astronomicalDusk": "0001-01-01T00:00:00Z",
      "civilDawn": "0001-01-01T00:00:00Z",
      "civilDusk": "0001-01-01T00:00:00Z",
      "date": "0001-01-01T00:00:00Z"
    },
    "thumbprint": "12376d90eb4406f7d41371bb6b87e3bd1d4ee5a7d32fa74b30ef24d0a4981bf3"
  },
  {
    "elevationRange": {
      "ceiling": {
        "origin": "AMSL",
        "units": "FEETS",
        "value": 5000.0
      },
      "floor": {
        "origin": "GND",
        "units": "FEETS",
        "value": 0.0
      }
    },
    "geometry": {
      "coordinates": [],
      "radius": 0.0,
      "shape": "NONE"
    },
    "handle": 2840779996,
    "identification": "EP P3 PUŁAWY",
    "name": "EP P3 PUŁAWY",
    "sun": {
      "astronomicalDawn": "0001-01-01T00:00:00Z",
      "astronomicalDusk": "0001-01-01T00:00:00Z",
      "civilDawn": "0001-01-01T00:00:00Z",
      "civilDusk": "0001-01-01T00:00:00Z",
      "date": "0001-01-01T00:00:00Z"
    },
    "thumbprint": "a4acda3566cc3163162aca079136501d9772797afbeb01dc4a151c899b59fa4d"
  },
  {
    "elevationRange": {
      "ceiling": {
        "origin": "AMSL",
        "units": "FEETS",
        "value": 2000.0
      },
      "floor": {
        "origin": "GND",
        "units": "FEETS",
        "value": 0.0
      }
    },
    "geometry": {
      "coordinates": [],
      "radius": 0.0,
      "shape": "NONE"
    },
    "handle": 2642470681,
    "identification": "EP P26 FRONTEX",
    "name": "EP P26 FRONTEX",
    "sun": {
      "astronomicalDawn": "0001-01-01T00:00:00Z",
      "astronomicalDusk": "0001-01-01T00:00:00Z",
      "civilDawn": "0001-01-01T00:00:00Z",
      "civilDusk": "0001-01-01T00:00:00Z",
      "date": "0001-01-01T00:00:00Z"
    },
    "thumbprint": "557d6e3afc3c2860b0640ee598acb20107959e62f6585157600b155d208c748a"
  },
  {
    "elevationRange": {
      "ceiling": {
        "origin": "AMSL",
        "units": "FEETS",
        "value": 2000.0
      },
      "floor": {
        "origin": "GND",
        "units": "FEETS",
        "value": 0.0
      }
    },
    "geometry": {
      "coordinates": [
        {
          "index": 0,
          "latitude": 52.25722222,
          "longitude": 21.00666667
        },
        {
          "index": 1,
          "latitude": 52.24916667,
          "longitude": 21.02222222
        },
        {
          "index": 2,
          "latitude": 52.23611111,
          "longitude": 21.04222222
        },
        {
          "index": 3,
          "latitude": 52.22138889,
          "longitude": 21.05361111
        },
        {
          "index": 4,
          "latitude": 52.20722222,
          "longitude": 21.04888889
        },
        {
          "index": 5,
          "latitude": 52.20166667,
          "longitude": 21.03527778
        },
        {
          "index": 6,
          "latitude": 52.21138889,
          "longitude": 21.01277778
        },
        {
          "index": 7,
          "latitude": 52.22972222,
          "longitude": 21.01166667
        },
        {
          "index": 8,
          "latitude": 52.24194444,
          "longitude": 20.99361111
        },
        {
          "index": 9,
          "latitude": 52.25722222,
          "longitude": 21.00666667
        }
      ],
      "radius": 0.0,
      "shape": "NONE"
    },
    "handle": 619856553,
    "identification": "EP P21 WARSZAWA II",
    "name": "EP P21 WARSZAWA II",
    "sun": {
      "astronomicalDawn": "0001-01-01T00:00:00Z",
      "astronomicalDusk": "0001-01-01T00:00:00Z",
      "civilDawn": "0001-01-01T00:00:00Z",
      "civilDusk": "0001-01-01T00:00:00Z",
      "date": "0001-01-01T00:00:00Z"
    },
    "thumbprint": "1a6667164a533c768a6291e5bc0fa3c7e1cd121b6bb5ec689acccaea9ea67926"
  },
  {
    "elevationRange": {
      "ceiling": {
        "origin": "AMSL",
        "units": "FEETS",
        "value": 5000.0
      },
      "floor": {
        "origin": "GND",
        "units": "FEETS",
        "value": 0.0
      }
    },
    "geometry": {
      "coordinates": [],
      "radius": 0.0,
      "shape": "NONE"
    },
    "handle": 3145480967,
    "identification": "EP P14 SKARŻYSKO KAMIENNA",
    "name": "EP P14 SKARŻYSKO KAMIENNA",
    "sun": {
      "astronomicalDawn": "0001-01-01T00:00:00Z",
      "astronomicalDusk": "0001-01-01T00:00:00Z",
      "civilDawn": "0001-01-01T00:00:00Z",
      "civilDusk": "0001-01-01T00:00:00Z",
      "date": "0001-01-01T00:00:00Z"
    },
    "thumbprint": "6fc740e9ca4155c833f2093bc3ac40375de3975816dc92319fa4dd2424b8d4ca"
  },
  {
    "elevationRange": {
      "ceiling": {
        "origin": "AMSL",
        "units": "FEETS",
        "value": 3000.0
      },
      "floor": {
        "origin": "GND",
        "units": "FEETS",
        "value": 0.0
      }
    },
    "geometry": {
      "coordinates": [
        {
          "index": 0,
          "latitude": 52.5725,
          "longitude": 19.64638889
        },
        {
          "index": 1,
          "latitude": 52.60222222,
          "longitude": 19.65138889
        },
        {
          "index": 2,
          "latitude": 52.60166667,
          "longitude": 19.71111111
        },
        {
          "index": 3,
          "latitude": 52.59361111,
          "longitude": 19.71777778
        },
        {
          "index": 4,
          "latitude": 52.57111111,
          "longitude": 19.68694444
        },
        {
          "index": 5,
          "latitude": 52.5725,
          "longitude": 19.64638889
        }
      ],
      "radius": 0.0,
      "shape": "NONE"
    },
    "handle": 2107610942,
    "identification": "EP P7 PŁOCK",
    "name": "EP P7 PŁOCK",
    "sun": {
      "astronomicalDawn": "0001-01-01T00:00:00Z",
      "astronomicalDusk": "0001-01-01T00:00:00Z",
      "civilDawn": "0001-01-01T00:00:00Z",
      "civilDusk": "0001-01-01T00:00:00Z",
      "date": "0001-01-01T00:00:00Z"
    },
    "thumbprint": "2bc02cf33703b30b1477da56417ce9dbf9dacdcab7a9cd604886b063ba9e0569"
  },
  {
    "elevationRange": {
      "ceiling": {
        "origin": "AMSL",
        "units": "FEETS",
        "value": 3500.0
      },
      "floor": {
        "origin": "GND",
        "units": "FEETS",
        "value": 0.0
      }
    },
    "geometry": {
      "coordinates": [
        {
          "index": 0,
          "latitude": 51.26944444,
          "longitude": 15.56555556
        },
        {
          "index": 1,
          "latitude": 51.27916667,
          "longitude": 15.56805556
        },
        {
          "index": 2,
          "latitude": 51.27833333,
          "longitude": 15.58416667
        },
        {
          "index": 3,
          "latitude": 51.26861111,
          "longitude": 15.57777778
        },
        {
          "index": 4,
          "latitude": 51.26944444,
          "longitude": 15.56555556
        }
      ],
      "radius": 0.0,
      "shape": "NONE"
    },
    "handle": 2079208378,
    "identification": "EP P33 BOLESŁAWIEC",
    "name": "EP P33 BOLESŁAWIEC",
    "sun": {
      "astronomicalDawn": "0001-01-01T00:00:00Z",
      "astronomicalDusk": "0001-01-01T00:00:00Z",
      "civilDawn": "0001-01-01T00:00:00Z",
      "civilDusk": "0001-01-01T00:00:00Z",
      "date": "0001-01-01T00:00:00Z"
    },
    "thumbprint": "9197895b5b48d8a2d9edbd8c16aaea82280dfebb55effc1de5c978c5103f3554"
  },
  {
    "elevationRange": {
      "ceiling": {
        "origin": "AMSL",
        "units": "FEETS",
        "value": 2000.0
      },
      "floor": {
        "origin": "GND",
        "units": "FEETS",
        "value": 0.0
      }
    },
    "geometry": {
      "coordinates": [
        {
          "index": 0,
          "latitude": 50.93333333,
          "longitude": 14.9
        },
        {
          "index": 1,
          "latitude": 50.93861111,
          "longitude": 14.93861111
        },
        {
          "index": 2,
          "latitude": 50.88361111,
          "longitude": 14.95138889
        },
        {
          "index": 3,
          "latitude": 50.87638889,
          "longitude": 14.90027778
        },
        {
          "index": 4,
          "latitude": 50.8925,
          "longitude": 14.85111111
        },
        {
          "index": 5,
          "latitude": 50.93333333,
          "longitude": 14.9
        }
      ],
      "radius": 0.0,
      "shape": "NONE"
    },
    "handle": 272223510,
    "identification": "EP P25 TURÓW",
    "name": "EP P25 TURÓW",
    "sun": {
      "astronomicalDawn": "0001-01-01T00:00:00Z",
      "astronomicalDusk": "0001-01-01T00:00:00Z",
      "civilDawn": "0001-01-01T00:00:00Z",
      "civilDusk": "0001-01-01T00:00:00Z",
      "date": "0001-01-01T00:00:00Z"
    },
    "thumbprint": "aceec90f4776680aa5a84c9c4af11fe056c532825aa0ba3b16ecbdb1071d965d"
  },
  {
    "elevationRange": {
      "ceiling": {
        "origin": "AMSL",
        "units": "FEETS",
        "value": 3000.0
      },
      "floor": {
        "origin": "GND",
        "units": "FEETS",
        "value": 0.0
      }
    },
    "geometry": {
      "coordinates": [
        {
          "index": 0,
          "latitude": 53.54583333,
          "longitude": 14.61555556
        },
        {
          "index": 1,
          "latitude": 53.58694444,
          "longitude": 14.58555556
        },
        {
          "index": 2,
          "latitude": 53.59277778,
          "longitude": 14.53777778
        },
        {
          "index": 3,
          "latitude": 53.56222222,
          "longitude": 14.49444444
        },
        {
          "index": 4,
          "latitude": 53.54638889,
          "longitude": 14.50416667
        },
        {
          "index": 5,
          "latitude": 53.54583333,
          "longitude": 14.61555556
        }
      ],
      "radius": 0.0,
      "shape": "NONE"
    },
    "handle": 3457689238,
    "identification": "EP P27 POLICE",
    "name": "EP P27 POLICE",
    "sun": {
      "astronomicalDawn": "0001-01-01T00:00:00Z",
      "astronomicalDusk": "0001-01-01T00:00:00Z",
      "civilDawn": "0001-01-01T00:00:00Z",
      "civilDusk": "0001-01-01T00:00:00Z",
      "date": "0001-01-01T00:00:00Z"
    },
    "thumbprint": "ee767e13728c6eb716a794495d77ac999f0e70f1bd82cb78b2bf8922fc6bb81e"
  },
  {
    "elevationRange": {
      "ceiling": {
        "origin": "AMSL",
        "units": "FEETS",
        "value": 1500.0
      },
      "floor": {
        "origin": "GND",
        "units": "FEETS",
        "value": 0.0
      }
    },
    "geometry": {
      "coordinates": [
        {
          "index": 0,
          "latitude": 53.90583333,
          "longitude": 14.28722222
        },
        {
          "index": 1,
          "latitude": 53.92694444,
          "longitude": 14.28444444
        },
        {
          "index": 2,
          "latitude": 53.9275,
          "longitude": 14.30333333
        },
        {
          "index": 3,
          "latitude": 53.90277778,
          "longitude": 14.30166667
        },
        {
          "index": 4,
          "latitude": 53.90583333,
          "longitude": 14.28722222
        }
      ],
      "radius": 0.0,
      "shape": "NONE"
    },
    "handle": 155916189,
    "identification": "EP P34 ŚWINOUJŚCIE",
    "name": "EP P34 ŚWINOUJŚCIE",
    "sun": {
      "astronomicalDawn": "0001-01-01T00:00:00Z",
      "astronomicalDusk": "0001-01-01T00:00:00Z",
      "civilDawn": "0001-01-01T00:00:00Z",
      "civilDusk": "0001-01-01T00:00:00Z",
      "date": "0001-01-01T00:00:00Z"
    },
    "thumbprint": "a4bdac8739906e03db57a07daa3afc0598d53a8f0d800b70c6f68fdb0e8dd59f"
  }
]