[
{
  "elevationRange": {
    "ceiling": {
      "origin": "amsl",
      "units": "feets",
      "value": 5000.0
    },
    "floor": {
      "origin": "amsl",
      "units": "feets",
      "value": 0.0
    }
  },
  "geometry": {
    "coordinates": [
      {
        "index": 0,
        "latitude": 50.08,
        "longitude": 14.44
      }
    ],
    "radius": 5556.0,
    "shape": "point"
  },
  "handle": 4233188139,
  "identifier": "LKR9",
  "name": "R9 (PRAHA)",
  "note": {
    "lines": [
      "u010cinnost: Ochrannu00fd prostorDoba: H24Podmu00ednky vstupu: viz AIP"
    ]
  },
  "validFrom": "0001-01-01T00:00:00",
  "validTo": "0001-01-01T00:00:00",
  "thumbprint": "41d8f28269ab7d94baee1f2158aa579c364d93af881e207b5ced8daf8fd6e09d",
  "web": []
},
{
  "elevationRange": {
    "ceiling": {
      "origin": "amsl",
      "units": "feets",
      "value": 1000.0
    },
    "floor": {
      "origin": "amsl",
      "units": "feets",
      "value": 0.0
    }
  },
  "geometry": {
    "coordinates": [
      {
        "index": 1,
        "latitude": 50.93,
        "longitude": 14.46
      },
      {
        "index": 2,
        "latitude": 50.86,
        "longitude": 14.45
      },
      {
        "index": 3,
        "latitude": 50.85,
        "longitude": 14.4
      },
      {
        "index": 4,
        "latitude": 50.84,
        "longitude": 14.33
      },
      {
        "index": 5,
        "latitude": 50.85,
        "longitude": 14.33
      },
      {
        "index": 6,
        "latitude": 50.87,
        "longitude": 14.23
      },
      {
        "index": 7,
        "latitude": 50.87,
        "longitude": 14.23
      },
      {
        "index": 8,
        "latitude": 50.87,
        "longitude": 14.23
      },
      {
        "index": 9,
        "latitude": 50.87,
        "longitude": 14.23
      },
      {
        "index": 10,
        "latitude": 50.88,
        "longitude": 14.24
      },
      {
        "index": 11,
        "latitude": 50.89,
        "longitude": 14.23
      },
      {
        "index": 12,
        "latitude": 50.89,
        "longitude": 14.24
      },
      {
        "index": 13,
        "latitude": 50.89,
        "longitude": 14.25
      },
      {
        "index": 14,
        "latitude": 50.89,
        "longitude": 14.26
      },
      {
        "index": 15,
        "latitude": 50.9,
        "longitude": 14.27
      },
      {
        "index": 16,
        "latitude": 50.89,
        "longitude": 14.28
      },
      {
        "index": 17,
        "latitude": 50.89,
        "longitude": 14.29
      },
      {
        "index": 18,
        "latitude": 50.89,
        "longitude": 14.29
      },
      {
        "index": 19,
        "latitude": 50.88,
        "longitude": 14.3
      },
      {
        "index": 20,
        "latitude": 50.89,
        "longitude": 14.32
      },
      {
        "index": 21,
        "latitude": 50.89,
        "longitude": 14.33
      },
      {
        "index": 22,
        "latitude": 50.89,
        "longitude": 14.35
      },
      {
        "index": 23,
        "latitude": 50.9,
        "longitude": 14.35
      },
      {
        "index": 24,
        "latitude": 50.9,
        "longitude": 14.35
      },
      {
        "index": 25,
        "latitude": 50.9,
        "longitude": 14.35
      },
      {
        "index": 26,
        "latitude": 50.9,
        "longitude": 14.36
      },
      {
        "index": 27,
        "latitude": 50.9,
        "longitude": 14.37
      },
      {
        "index": 28,
        "latitude": 50.9,
        "longitude": 14.38
      },
      {
        "index": 29,
        "latitude": 50.9,
        "longitude": 14.39
      },
      {
        "index": 30,
        "latitude": 50.9,
        "longitude": 14.39
      },
      {
        "index": 31,
        "latitude": 50.91,
        "longitude": 14.39
      },
      {
        "index": 32,
        "latitude": 50.91,
        "longitude": 14.39
      },
      {
        "index": 33,
        "latitude": 50.92,
        "longitude": 14.39
      },
      {
        "index": 34,
        "latitude": 50.92,
        "longitude": 14.39
      },
      {
        "index": 35,
        "latitude": 50.92,
        "longitude": 14.39
      },
      {
        "index": 36,
        "latitude": 50.92,
        "longitude": 14.39
      },
      {
        "index": 37,
        "latitude": 50.93,
        "longitude": 14.4
      },
      {
        "index": 38,
        "latitude": 50.92,
        "longitude": 14.4
      },
      {
        "index": 39,
        "latitude": 50.93,
        "longitude": 14.46
      }
    ],
    "radius": 0.0,
    "shape": "polygon"
  },
  "handle": 3342128111,
  "identifier": "LKR2",
  "name": "R2 (u010cESKu00c9 u0160Vu00ddCARSKO)",
  "note": {
    "lines": [
      "u010cinnost:Ochrannu00fd prostor nad nu00e1rodnu00edm parkem u010cesku00e9 u0160vu00fdcarsko.Doba: H24Omezenu00ed letu016f: Minimu00e1lnu00ed vu00fdu0161ka letu je 1000 ft (300 m) nad nejvyu0161u0161u00ed pu0159eku00e1u017ekou v okruhu 600 m od letadlaDetaily viz AIP."
    ]
  },
  "validFrom": "0001-01-01T00:00:00",
  "validTo": "0001-01-01T00:00:00",
  "thumbprint": "83c95e1f1fa1d627e92e7610d9bdf76847027b535a2ff8ee82e3775c88b9c340",
  "web": []
},
{
  "elevationRange": {
    "ceiling": {
      "origin": "amsl",
      "units": "feets",
      "value": 1000.0
    },
    "floor": {
      "origin": "amsl",
      "units": "feets",
      "value": 0.0
    }
  },
  "geometry": {
    "coordinates": [
      {
        "index": 1,
        "latitude": 48.91,
        "longitude": 15.84
      },
      {
        "index": 2,
        "latitude": 48.9,
        "longitude": 15.88
      },
      {
        "index": 3,
        "latitude": 48.88,
        "longitude": 15.9
      },
      {
        "index": 4,
        "latitude": 48.87,
        "longitude": 15.89
      },
      {
        "index": 5,
        "latitude": 48.87,
        "longitude": 15.91
      },
      {
        "index": 6,
        "latitude": 48.86,
        "longitude": 15.91
      },
      {
        "index": 7,
        "latitude": 48.85,
        "longitude": 15.92
      },
      {
        "index": 8,
        "latitude": 48.85,
        "longitude": 15.94
      },
      {
        "index": 9,
        "latitude": 48.84,
        "longitude": 15.94
      },
      {
        "index": 10,
        "latitude": 48.84,
        "longitude": 15.98
      },
      {
        "index": 11,
        "latitude": 48.86,
        "longitude": 15.99
      },
      {
        "index": 12,
        "latitude": 48.85,
        "longitude": 16.04
      },
      {
        "index": 13,
        "latitude": 48.84,
        "longitude": 16.04
      },
      {
        "index": 14,
        "latitude": 48.83,
        "longitude": 16.01
      },
      {
        "index": 15,
        "latitude": 48.82,
        "longitude": 16.01
      },
      {
        "index": 16,
        "latitude": 48.8,
        "longitude": 15.99
      },
      {
        "index": 17,
        "latitude": 48.81,
        "longitude": 15.98
      },
      {
        "index": 18,
        "latitude": 48.81,
        "longitude": 15.97
      },
      {
        "index": 19,
        "latitude": 48.8,
        "longitude": 15.97
      },
      {
        "index": 20,
        "latitude": 48.8,
        "longitude": 15.97
      },
      {
        "index": 21,
        "latitude": 48.8,
        "longitude": 15.96
      },
      {
        "index": 22,
        "latitude": 48.81,
        "longitude": 15.95
      },
      {
        "index": 23,
        "latitude": 48.81,
        "longitude": 15.95
      },
      {
        "index": 24,
        "latitude": 48.82,
        "longitude": 15.96
      },
      {
        "index": 25,
        "latitude": 48.82,
        "longitude": 15.96
      },
      {
        "index": 26,
        "latitude": 48.82,
        "longitude": 15.96
      },
      {
        "index": 27,
        "latitude": 48.83,
        "longitude": 15.95
      },
      {
        "index": 28,
        "latitude": 48.83,
        "longitude": 15.95
      },
      {
        "index": 29,
        "latitude": 48.83,
        "longitude": 15.94
      },
      {
        "index": 30,
        "latitude": 48.82,
        "longitude": 15.94
      },
      {
        "index": 31,
        "latitude": 48.82,
        "longitude": 15.93
      },
      {
        "index": 32,
        "latitude": 48.82,
        "longitude": 15.92
      },
      {
        "index": 33,
        "latitude": 48.83,
        "longitude": 15.93
      },
      {
        "index": 34,
        "latitude": 48.84,
        "longitude": 15.92
      },
      {
        "index": 35,
        "latitude": 48.84,
        "longitude": 15.92
      },
      {
        "index": 36,
        "latitude": 48.84,
        "longitude": 15.92
      },
      {
        "index": 37,
        "latitude": 48.84,
        "longitude": 15.91
      },
      {
        "index": 38,
        "latitude": 48.83,
        "longitude": 15.9
      },
      {
        "index": 39,
        "latitude": 48.83,
        "longitude": 15.89
      },
      {
        "index": 40,
        "latitude": 48.84,
        "longitude": 15.89
      },
      {
        "index": 41,
        "latitude": 48.84,
        "longitude": 15.89
      },
      {
        "index": 42,
        "latitude": 48.84,
        "longitude": 15.9
      },
      {
        "index": 43,
        "latitude": 48.84,
        "longitude": 15.9
      },
      {
        "index": 44,
        "latitude": 48.85,
        "longitude": 15.9
      },
      {
        "index": 45,
        "latitude": 48.84,
        "longitude": 15.89
      },
      {
        "index": 46,
        "latitude": 48.84,
        "longitude": 15.89
      },
      {
        "index": 47,
        "latitude": 48.84,
        "longitude": 15.88
      },
      {
        "index": 48,
        "latitude": 48.85,
        "longitude": 15.88
      },
      {
        "index": 49,
        "latitude": 48.86,
        "longitude": 15.88
      },
      {
        "index": 50,
        "latitude": 48.86,
        "longitude": 15.88
      },
      {
        "index": 51,
        "latitude": 48.86,
        "longitude": 15.87
      },
      {
        "index": 52,
        "latitude": 48.86,
        "longitude": 15.87
      },
      {
        "index": 53,
        "latitude": 48.85,
        "longitude": 15.86
      },
      {
        "index": 54,
        "latitude": 48.86,
        "longitude": 15.86
      },
      {
        "index": 55,
        "latitude": 48.86,
        "longitude": 15.85
      },
      {
        "index": 56,
        "latitude": 48.86,
        "longitude": 15.85
      },
      {
        "index": 57,
        "latitude": 48.87,
        "longitude": 15.85
      },
      {
        "index": 58,
        "latitude": 48.87,
        "longitude": 15.85
      },
      {
        "index": 59,
        "latitude": 48.88,
        "longitude": 15.84
      },
      {
        "index": 60,
        "latitude": 48.88,
        "longitude": 15.84
      },
      {
        "index": 61,
        "latitude": 48.87,
        "longitude": 15.83
      },
      {
        "index": 62,
        "latitude": 48.87,
        "longitude": 15.83
      },
      {
        "index": 63,
        "latitude": 48.87,
        "longitude": 15.82
      },
      {
        "index": 64,
        "latitude": 48.87,
        "longitude": 15.81
      },
      {
        "index": 65,
        "latitude": 48.87,
        "longitude": 15.81
      },
      {
        "index": 66,
        "latitude": 48.87,
        "longitude": 15.78
      },
      {
        "index": 67,
        "latitude": 48.87,
        "longitude": 15.78
      },
      {
        "index": 68,
        "latitude": 48.88,
        "longitude": 15.8
      },
      {
        "index": 69,
        "latitude": 48.89,
        "longitude": 15.8
      },
      {
        "index": 70,
        "latitude": 48.91,
        "longitude": 15.84
      }
    ],
    "radius": 0.0,
    "shape": "polygon"
  },
  "handle": 2713900715,
  "identifier": "LKR4",
  "name": "R4 (PODYJu00cd)",
  "note": {
    "lines": [
      "u010cinnost:Ochrannu00fd prostor nad nu00e1rodnu00edm parkem Podyju00ed.Doba: H24Omezenu00ed letu016f: Minimu00e1lnu00ed vu00fdu0161ka letu je 1000 ft (300 m) nad nejvyu0161u0161u00ed pu0159eku00e1u017ekou v okruhu 600 m od letadlaDetaily viz AIP."
    ]
  },
  "validFrom": "0001-01-01T00:00:00",
  "validTo": "0001-01-01T00:00:00",
  "thumbprint": "48cdacc32f1149dc038cccd9075b23e0e91aa1f427b447af616c1f08554ce82a",
  "web": []
},
{
  "elevationRange": {
    "ceiling": {
      "origin": "amsl",
      "units": "feets",
      "value": 1000.0
    },
    "floor": {
      "origin": "amsl",
      "units": "feets",
      "value": 0.0
    }
  },
  "geometry": {
    "coordinates": [
      {
        "index": 1,
        "latitude": 50.81,
        "longitude": 15.43
      },
      {
        "index": 2,
        "latitude": 50.81,
        "longitude": 15.42
      },
      {
        "index": 3,
        "latitude": 50.81,
        "longitude": 15.43
      },
      {
        "index": 4,
        "latitude": 50.82,
        "longitude": 15.44
      },
      {
        "index": 5,
        "latitude": 50.82,
        "longitude": 15.45
      },
      {
        "index": 6,
        "latitude": 50.8,
        "longitude": 15.45
      },
      {
        "index": 7,
        "latitude": 50.8,
        "longitude": 15.47
      },
      {
        "index": 8,
        "latitude": 50.79,
        "longitude": 15.49
      },
      {
        "index": 9,
        "latitude": 50.79,
        "longitude": 15.51
      },
      {
        "index": 10,
        "latitude": 50.79,
        "longitude": 15.51
      },
      {
        "index": 11,
        "latitude": 50.78,
        "longitude": 15.52
      },
      {
        "index": 12,
        "latitude": 50.78,
        "longitude": 15.54
      },
      {
        "index": 13,
        "latitude": 50.78,
        "longitude": 15.56
      },
      {
        "index": 14,
        "latitude": 50.78,
        "longitude": 15.58
      },
      {
        "index": 15,
        "latitude": 50.78,
        "longitude": 15.59
      },
      {
        "index": 16,
        "latitude": 50.78,
        "longitude": 15.61
      },
      {
        "index": 17,
        "latitude": 50.77,
        "longitude": 15.62
      },
      {
        "index": 18,
        "latitude": 50.76,
        "longitude": 15.63
      },
      {
        "index": 19,
        "latitude": 50.76,
        "longitude": 15.65
      },
      {
        "index": 20,
        "latitude": 50.76,
        "longitude": 15.68
      },
      {
        "index": 21,
        "latitude": 50.75,
        "longitude": 15.68
      },
      {
        "index": 22,
        "latitude": 50.74,
        "longitude": 15.7
      },
      {
        "index": 23,
        "latitude": 50.74,
        "longitude": 15.72
      },
      {
        "index": 24,
        "latitude": 50.74,
        "longitude": 15.74
      },
      {
        "index": 25,
        "latitude": 50.74,
        "longitude": 15.75
      },
      {
        "index": 26,
        "latitude": 50.75,
        "longitude": 15.76
      },
      {
        "index": 27,
        "latitude": 50.75,
        "longitude": 15.77
      },
      {
        "index": 28,
        "latitude": 50.74,
        "longitude": 15.78
      },
      {
        "index": 29,
        "latitude": 50.75,
        "longitude": 15.79
      },
      {
        "index": 30,
        "latitude": 50.75,
        "longitude": 15.79
      },
      {
        "index": 31,
        "latitude": 50.76,
        "longitude": 15.81
      },
      {
        "index": 32,
        "latitude": 50.75,
        "longitude": 15.82
      },
      {
        "index": 33,
        "latitude": 50.75,
        "longitude": 15.82
      },
      {
        "index": 34,
        "latitude": 50.74,
        "longitude": 15.83
      },
      {
        "index": 35,
        "latitude": 50.73,
        "longitude": 15.83
      },
      {
        "index": 36,
        "latitude": 50.72,
        "longitude": 15.84
      },
      {
        "index": 37,
        "latitude": 50.71,
        "longitude": 15.84
      },
      {
        "index": 38,
        "latitude": 50.71,
        "longitude": 15.85
      },
      {
        "index": 39,
        "latitude": 50.69,
        "longitude": 15.86
      },
      {
        "index": 40,
        "latitude": 50.68,
        "longitude": 15.86
      },
      {
        "index": 41,
        "latitude": 50.67,
        "longitude": 15.88
      },
      {
        "index": 42,
        "latitude": 50.68,
        "longitude": 15.89
      },
      {
        "index": 43,
        "latitude": 50.68,
        "longitude": 15.89
      },
      {
        "index": 44,
        "latitude": 50.63,
        "longitude": 15.91
      },
      {
        "index": 45,
        "latitude": 50.63,
        "longitude": 15.76
      },
      {
        "index": 46,
        "latitude": 50.66,
        "longitude": 15.57
      },
      {
        "index": 47,
        "latitude": 50.81,
        "longitude": 15.43
      }
    ],
    "radius": 0.0,
    "shape": "polygon"
  },
  "handle": 2305970013,
  "identifier": "LKR3",
  "name": "R3 (KRNAP)",
  "note": {
    "lines": [
      "u010cinnost:Ochrannu00fd prostor nad Krkonou0161sku00fdm nu00e1rodnu00edm parkem.Doba: H24Omezenu00ed letu016f: Minimu00e1lnu00ed vu00fdu0161ka letu je 1000 ft (300 m) nad nejvyu0161u0161u00ed pu0159eku00e1u017ekou v okruhu 600 m od letadlaDetaily viz AIP."
    ]
  },
  "validFrom": "0001-01-01T00:00:00",
  "validTo": "0001-01-01T00:00:00",
  "thumbprint": "c4405f91fdb8a0e0f581a40bc21906b008a5f2ec38cc9e1cdcc32959ea946123",
  "web": []
},
{
  "elevationRange": {
    "ceiling": {
      "origin": "amsl",
      "units": "feets",
      "value": 1000.0
    },
    "floor": {
      "origin": "amsl",
      "units": "feets",
      "value": 0.0
    }
  },
  "geometry": {
    "coordinates": [
      {
        "index": 1,
        "latitude": 49.19,
        "longitude": 13.31
      },
      {
        "index": 2,
        "latitude": 49.14,
        "longitude": 13.45
      },
      {
        "index": 3,
        "latitude": 49.14,
        "longitude": 13.52
      },
      {
        "index": 4,
        "latitude": 49.1,
        "longitude": 13.59
      },
      {
        "index": 5,
        "latitude": 49.03,
        "longitude": 13.67
      },
      {
        "index": 6,
        "latitude": 48.99,
        "longitude": 13.66
      },
      {
        "index": 7,
        "latitude": 48.95,
        "longitude": 13.71
      },
      {
        "index": 8,
        "latitude": 48.91,
        "longitude": 13.72
      },
      {
        "index": 9,
        "latitude": 48.92,
        "longitude": 13.8
      },
      {
        "index": 10,
        "latitude": 48.91,
        "longitude": 13.88
      },
      {
        "index": 11,
        "latitude": 48.81,
        "longitude": 13.96
      },
      {
        "index": 12,
        "latitude": 48.77,
        "longitude": 13.93
      },
      {
        "index": 13,
        "latitude": 48.74,
        "longitude": 13.97
      },
      {
        "index": 14,
        "latitude": 48.71,
        "longitude": 13.98
      },
      {
        "index": 15,
        "latitude": 48.71,
        "longitude": 13.98
      },
      {
        "index": 16,
        "latitude": 48.71,
        "longitude": 13.98
      },
      {
        "index": 17,
        "latitude": 48.71,
        "longitude": 13.98
      },
      {
        "index": 18,
        "latitude": 48.71,
        "longitude": 13.96
      },
      {
        "index": 19,
        "latitude": 48.72,
        "longitude": 13.95
      },
      {
        "index": 20,
        "latitude": 48.72,
        "longitude": 13.94
      },
      {
        "index": 21,
        "latitude": 48.72,
        "longitude": 13.94
      },
      {
        "index": 22,
        "latitude": 48.73,
        "longitude": 13.93
      },
      {
        "index": 23,
        "latitude": 48.73,
        "longitude": 13.93
      },
      {
        "index": 24,
        "latitude": 48.74,
        "longitude": 13.92
      },
      {
        "index": 25,
        "latitude": 48.74,
        "longitude": 13.92
      },
      {
        "index": 26,
        "latitude": 48.75,
        "longitude": 13.91
      },
      {
        "index": 27,
        "latitude": 48.75,
        "longitude": 13.91
      },
      {
        "index": 28,
        "latitude": 48.76,
        "longitude": 13.9
      },
      {
        "index": 29,
        "latitude": 48.76,
        "longitude": 13.89
      },
      {
        "index": 30,
        "latitude": 48.76,
        "longitude": 13.88
      },
      {
        "index": 31,
        "latitude": 48.77,
        "longitude": 13.87
      },
      {
        "index": 32,
        "latitude": 48.77,
        "longitude": 13.86
      },
      {
        "index": 33,
        "latitude": 48.77,
        "longitude": 13.86
      },
      {
        "index": 34,
        "latitude": 48.77,
        "longitude": 13.84
      },
      {
        "index": 35,
        "latitude": 48.77,
        "longitude": 13.84
      },
      {
        "index": 36,
        "latitude": 48.77,
        "longitude": 13.84
      },
      {
        "index": 37,
        "latitude": 48.77,
        "longitude": 13.84
      },
      {
        "index": 38,
        "latitude": 48.77,
        "longitude": 13.84
      },
      {
        "index": 39,
        "latitude": 48.77,
        "longitude": 13.84
      },
      {
        "index": 40,
        "latitude": 48.77,
        "longitude": 13.83
      },
      {
        "index": 41,
        "latitude": 48.77,
        "longitude": 13.81
      },
      {
        "index": 42,
        "latitude": 48.78,
        "longitude": 13.81
      },
      {
        "index": 43,
        "latitude": 48.78,
        "longitude": 13.8
      },
      {
        "index": 44,
        "latitude": 48.78,
        "longitude": 13.81
      },
      {
        "index": 45,
        "latitude": 48.79,
        "longitude": 13.81
      },
      {
        "index": 46,
        "latitude": 48.8,
        "longitude": 13.82
      },
      {
        "index": 47,
        "latitude": 48.81,
        "longitude": 13.8
      },
      {
        "index": 48,
        "latitude": 48.82,
        "longitude": 13.79
      },
      {
        "index": 49,
        "latitude": 48.82,
        "longitude": 13.79
      },
      {
        "index": 50,
        "latitude": 48.83,
        "longitude": 13.79
      },
      {
        "index": 51,
        "latitude": 48.83,
        "longitude": 13.79
      },
      {
        "index": 52,
        "latitude": 48.83,
        "longitude": 13.78
      },
      {
        "index": 53,
        "latitude": 48.83,
        "longitude": 13.78
      },
      {
        "index": 54,
        "latitude": 48.83,
        "longitude": 13.77
      },
      {
        "index": 55,
        "latitude": 48.83,
        "longitude": 13.77
      },
      {
        "index": 56,
        "latitude": 48.84,
        "longitude": 13.76
      },
      {
        "index": 57,
        "latitude": 48.85,
        "longitude": 13.76
      },
      {
        "index": 58,
        "latitude": 48.85,
        "longitude": 13.75
      },
      {
        "index": 59,
        "latitude": 48.86,
        "longitude": 13.75
      },
      {
        "index": 60,
        "latitude": 48.87,
        "longitude": 13.75
      },
      {
        "index": 61,
        "latitude": 48.87,
        "longitude": 13.75
      },
      {
        "index": 62,
        "latitude": 48.87,
        "longitude": 13.74
      },
      {
        "index": 63,
        "latitude": 48.88,
        "longitude": 13.74
      },
      {
        "index": 64,
        "latitude": 48.89,
        "longitude": 13.74
      },
      {
        "index": 65,
        "latitude": 48.89,
        "longitude": 13.74
      },
      {
        "index": 66,
        "latitude": 48.89,
        "longitude": 13.73
      },
      {
        "index": 67,
        "latitude": 48.88,
        "longitude": 13.72
      },
      {
        "index": 68,
        "latitude": 48.88,
        "longitude": 13.72
      },
      {
        "index": 69,
        "latitude": 48.88,
        "longitude": 13.7
      },
      {
        "index": 70,
        "latitude": 48.88,
        "longitude": 13.69
      },
      {
        "index": 71,
        "latitude": 48.88,
        "longitude": 13.68
      },
      {
        "index": 72,
        "latitude": 48.88,
        "longitude": 13.68
      },
      {
        "index": 73,
        "latitude": 48.88,
        "longitude": 13.67
      },
      {
        "index": 74,
        "latitude": 48.89,
        "longitude": 13.67
      },
      {
        "index": 75,
        "latitude": 48.89,
        "longitude": 13.66
      },
      {
        "index": 76,
        "latitude": 48.89,
        "longitude": 13.66
      },
      {
        "index": 77,
        "latitude": 48.91,
        "longitude": 13.65
      },
      {
        "index": 78,
        "latitude": 48.92,
        "longitude": 13.64
      },
      {
        "index": 79,
        "latitude": 48.93,
        "longitude": 13.64
      },
      {
        "index": 80,
        "latitude": 48.93,
        "longitude": 13.63
      },
      {
        "index": 81,
        "latitude": 48.94,
        "longitude": 13.62
      },
      {
        "index": 82,
        "latitude": 48.95,
        "longitude": 13.63
      },
      {
        "index": 83,
        "latitude": 48.95,
        "longitude": 13.63
      },
      {
        "index": 84,
        "latitude": 48.95,
        "longitude": 13.62
      },
      {
        "index": 85,
        "latitude": 48.95,
        "longitude": 13.62
      },
      {
        "index": 86,
        "latitude": 48.94,
        "longitude": 13.61
      },
      {
        "index": 87,
        "latitude": 48.94,
        "longitude": 13.61
      },
      {
        "index": 88,
        "latitude": 48.94,
        "longitude": 13.61
      },
      {
        "index": 89,
        "latitude": 48.94,
        "longitude": 13.6
      },
      {
        "index": 90,
        "latitude": 48.95,
        "longitude": 13.59
      },
      {
        "index": 91,
        "latitude": 48.96,
        "longitude": 13.59
      },
      {
        "index": 92,
        "latitude": 48.96,
        "longitude": 13.59
      },
      {
        "index": 93,
        "latitude": 48.97,
        "longitude": 13.58
      },
      {
        "index": 94,
        "latitude": 48.97,
        "longitude": 13.58
      },
      {
        "index": 95,
        "latitude": 48.97,
        "longitude": 13.58
      },
      {
        "index": 96,
        "latitude": 48.97,
        "longitude": 13.57
      },
      {
        "index": 97,
        "latitude": 48.97,
        "longitude": 13.56
      },
      {
        "index": 98,
        "latitude": 48.97,
        "longitude": 13.55
      },
      {
        "index": 99,
        "latitude": 48.97,
        "longitude": 13.54
      },
      {
        "index": 100,
        "latitude": 48.97,
        "longitude": 13.53
      },
      {
        "index": 101,
        "latitude": 48.97,
        "longitude": 13.52
      },
      {
        "index": 102,
        "latitude": 48.97,
        "longitude": 13.51
      },
      {
        "index": 103,
        "latitude": 48.96,
        "longitude": 13.51
      },
      {
        "index": 104,
        "latitude": 48.95,
        "longitude": 13.51
      },
      {
        "index": 105,
        "latitude": 48.94,
        "longitude": 13.51
      },
      {
        "index": 106,
        "latitude": 48.94,
        "longitude": 13.5
      },
      {
        "index": 107,
        "latitude": 48.95,
        "longitude": 13.48
      },
      {
        "index": 108,
        "latitude": 48.95,
        "longitude": 13.48
      },
      {
        "index": 109,
        "latitude": 48.95,
        "longitude": 13.48
      },
      {
        "index": 110,
        "latitude": 48.95,
        "longitude": 13.47
      },
      {
        "index": 111,
        "latitude": 48.96,
        "longitude": 13.46
      },
      {
        "index": 112,
        "latitude": 48.96,
        "longitude": 13.45
      },
      {
        "index": 113,
        "latitude": 48.97,
        "longitude": 13.44
      },
      {
        "index": 114,
        "latitude": 48.97,
        "longitude": 13.43
      },
      {
        "index": 115,
        "latitude": 48.98,
        "longitude": 13.42
      },
      {
        "index": 116,
        "latitude": 48.98,
        "longitude": 13.42
      },
      {
        "index": 117,
        "latitude": 48.99,
        "longitude": 13.4
      },
      {
        "index": 118,
        "latitude": 48.99,
        "longitude": 13.4
      },
      {
        "index": 119,
        "latitude": 48.99,
        "longitude": 13.4
      },
      {
        "index": 120,
        "latitude": 49.0,
        "longitude": 13.41
      },
      {
        "index": 121,
        "latitude": 49.01,
        "longitude": 13.41
      },
      {
        "index": 122,
        "latitude": 49.01,
        "longitude": 13.4
      },
      {
        "index": 123,
        "latitude": 49.01,
        "longitude": 13.4
      },
      {
        "index": 124,
        "latitude": 49.02,
        "longitude": 13.41
      },
      {
        "index": 125,
        "latitude": 49.02,
        "longitude": 13.41
      },
      {
        "index": 126,
        "latitude": 49.03,
        "longitude": 13.4
      },
      {
        "index": 127,
        "latitude": 49.03,
        "longitude": 13.4
      },
      {
        "index": 128,
        "latitude": 49.04,
        "longitude": 13.4
      },
      {
        "index": 129,
        "latitude": 49.04,
        "longitude": 13.39
      },
      {
        "index": 130,
        "latitude": 49.04,
        "longitude": 13.4
      },
      {
        "index": 131,
        "latitude": 49.05,
        "longitude": 13.4
      },
      {
        "index": 132,
        "latitude": 49.05,
        "longitude": 13.39
      },
      {
        "index": 133,
        "latitude": 49.05,
        "longitude": 13.39
      },
      {
        "index": 134,
        "latitude": 49.06,
        "longitude": 13.38
      },
      {
        "index": 135,
        "latitude": 49.06,
        "longitude": 13.38
      },
      {
        "index": 136,
        "latitude": 49.07,
        "longitude": 13.37
      },
      {
        "index": 137,
        "latitude": 49.07,
        "longitude": 13.37
      },
      {
        "index": 138,
        "latitude": 49.07,
        "longitude": 13.36
      },
      {
        "index": 139,
        "latitude": 49.08,
        "longitude": 13.35
      },
      {
        "index": 140,
        "latitude": 49.09,
        "longitude": 13.35
      },
      {
        "index": 141,
        "latitude": 49.09,
        "longitude": 13.34
      },
      {
        "index": 142,
        "latitude": 49.1,
        "longitude": 13.33
      },
      {
        "index": 143,
        "latitude": 49.1,
        "longitude": 13.32
      },
      {
        "index": 144,
        "latitude": 49.1,
        "longitude": 13.32
      },
      {
        "index": 145,
        "latitude": 49.12,
        "longitude": 13.29
      },
      {
        "index": 146,
        "latitude": 49.12,
        "longitude": 13.28
      },
      {
        "index": 147,
        "latitude": 49.12,
        "longitude": 13.28
      },
      {
        "index": 148,
        "latitude": 49.19,
        "longitude": 13.31
      }
    ],
    "radius": 0.0,
    "shape": "polygon"
  },
  "handle": 893274780,
  "identifier": "LKR1",
  "name": "R1 (u0160UMAVA)",
  "note": {
    "lines": [
      "u010cinnost:Ochrannu00fd prostor nad nu00e1rodnu00edm parkem u0160umava.Doba: H24Omezenu00ed letu016f: Minimu00e1lnu00ed vu00fdu0161ka letu je 1000 ft (300 m) nad nejvyu0161u0161u00ed pu0159eku00e1u017ekou v okruhu 600 m od letadlaDetaily viz AIP."
    ]
  },
  "validFrom": "0001-01-01T00:00:00",
  "validTo": "0001-01-01T00:00:00",
  "thumbprint": "8b71453308969941a130f04d1f02bd4a2fb402967e4581107c307d23463aa492",
  "web": []
}
]