[
{
  "elevationRange": {
    "ceiling": {
      "origin": "amsl",
      "units": "feets",
      "value": 66000.0
    },
    "floor": {
      "origin": "amsl",
      "units": "feets",
      "value": 0.0
    }
  },
  "geometry": {
    "coordinates": [
      {
        "index": 1,
        "latitude": 49.65,
        "longitude": 17.64
      },
      {
        "index": 2,
        "latitude": 49.57,
        "longitude": 17.63
      },
      {
        "index": 3,
        "latitude": 49.56,
        "longitude": 17.54
      },
      {
        "index": 4,
        "latitude": 49.56,
        "longitude": 17.53
      },
      {
        "index": 5,
        "latitude": 49.58,
        "longitude": 17.48
      },
      {
        "index": 6,
        "latitude": 49.6,
        "longitude": 17.54
      },
      {
        "index": 7,
        "latitude": 49.65,
        "longitude": 17.64
      }
    ],
    "radius": 0.0,
    "shape": "polygon"
  },
  "handle": 1690504075,
  "identifier": "LKTSA3B",
  "metar": {
    "lines": []
  },
  "name": "TSA3B (LIBAVA)",
  "note": {
    "lines": []
  },
  "validFrom": "0001-01-01T00:00:00",
  "validTo": "0001-01-01T00:00:00",
  "thumbprint": "6934b1199a299dd8011bb586ceec0e6ac0d93501c383c90cf2e5e87e746a31af",
  "web": []
},
{
  "elevationRange": {
    "ceiling": {
      "origin": "amsl",
      "units": "feets",
      "value": 3500.0
    },
    "floor": {
      "origin": "amsl",
      "units": "feets",
      "value": 0.0
    }
  },
  "geometry": {
    "coordinates": [
      {
        "index": 0,
        "latitude": 48.96,
        "longitude": 17.27
      }
    ],
    "radius": 555.6,
    "shape": "point"
  },
  "handle": 2936710787,
  "identifier": "LKTSA59",
  "metar": {
    "lines": []
  },
  "name": "TSA59 (BZENEC)",
  "note": {
    "lines": []
  },
  "validFrom": "0001-01-01T00:00:00",
  "validTo": "0001-01-01T00:00:00",
  "thumbprint": "58f3dfb0c0c170daa010bbb738f75c985add5afe46e406d01ea3d6b6949a3426",
  "web": []
},
{
  "elevationRange": {
    "ceiling": {
      "origin": "amsl",
      "units": "feets",
      "value": 66000.0
    },
    "floor": {
      "origin": "amsl",
      "units": "feets",
      "value": 0.0
    }
  },
  "geometry": {
    "coordinates": [
      {
        "index": 1,
        "latitude": 49.49,
        "longitude": 16.96
      },
      {
        "index": 2,
        "latitude": 49.46,
        "longitude": 16.98
      },
      {
        "index": 3,
        "latitude": 49.44,
        "longitude": 16.9
      },
      {
        "index": 4,
        "latitude": 49.47,
        "longitude": 16.88
      },
      {
        "index": 5,
        "latitude": 49.49,
        "longitude": 16.96
      }
    ],
    "radius": 0.0,
    "shape": "polygon"
  },
  "handle": 312002156,
  "identifier": "LKTSA2A",
  "metar": {
    "lines": []
  },
  "name": "TSA2A (BREZINA)",
  "note": {
    "lines": []
  },
  "validFrom": "0001-01-01T00:00:00",
  "validTo": "0001-01-01T00:00:00",
  "thumbprint": "b64bb3debb79240c23e76e5331b8ab67e3e8055b21f6642707060e06ddf5580d",
  "web": []
},
{
  "elevationRange": {
    "ceiling": {
      "origin": "amsl",
      "units": "feets",
      "value": 66000.0
    },
    "floor": {
      "origin": "amsl",
      "units": "feets",
      "value": 0.0
    }
  },
  "geometry": {
    "coordinates": [
      {
        "index": 1,
        "latitude": 49.83,
        "longitude": 13.94
      },
      {
        "index": 2,
        "latitude": 49.81,
        "longitude": 13.96
      },
      {
        "index": 3,
        "latitude": 49.76,
        "longitude": 13.85
      },
      {
        "index": 4,
        "latitude": 49.8,
        "longitude": 13.87
      },
      {
        "index": 5,
        "latitude": 49.83,
        "longitude": 13.94
      }
    ],
    "radius": 0.0,
    "shape": "polygon"
  },
  "handle": 4065001057,
  "identifier": "LKTSA7C",
  "metar": {
    "lines": []
  },
  "name": "TSA7C (JINCE)",
  "note": {
    "lines": []
  },
  "validFrom": "0001-01-01T00:00:00",
  "validTo": "0001-01-01T00:00:00",
  "thumbprint": "a48be68798295d8855d9671b2d51c9d4f08b6d69b519d94a689ea687964fab37",
  "web": []
},
{
  "elevationRange": {
    "ceiling": {
      "origin": "amsl",
      "units": "feets",
      "value": 66000.0
    },
    "floor": {
      "origin": "amsl",
      "units": "feets",
      "value": 0.0
    }
  },
  "geometry": {
    "coordinates": [
      {
        "index": 1,
        "latitude": 49.76,
        "longitude": 13.85
      },
      {
        "index": 2,
        "latitude": 49.72,
        "longitude": 13.88
      },
      {
        "index": 3,
        "latitude": 49.72,
        "longitude": 13.94
      },
      {
        "index": 4,
        "latitude": 49.68,
        "longitude": 13.91
      },
      {
        "index": 5,
        "latitude": 49.71,
        "longitude": 13.82
      },
      {
        "index": 6,
        "latitude": 49.76,
        "longitude": 13.85
      }
    ],
    "radius": 0.0,
    "shape": "polygon"
  },
  "handle": 990437941,
  "identifier": "LKTSA7A",
  "metar": {
    "lines": []
  },
  "name": "TSA7A (JINCE)",
  "note": {
    "lines": []
  },
  "validFrom": "0001-01-01T00:00:00",
  "validTo": "0001-01-01T00:00:00",
  "thumbprint": "5d3abb126d83b4adc97e910b07b40313d5cca4b5d5a2896ec7082574198fa06b",
  "web": []
},
{
  "elevationRange": {
    "ceiling": {
      "origin": "amsl",
      "units": "feets",
      "value": 66000.0
    },
    "floor": {
      "origin": "amsl",
      "units": "feets",
      "value": 0.0
    }
  },
  "geometry": {
    "coordinates": [
      {
        "index": 1,
        "latitude": 49.46,
        "longitude": 16.98
      },
      {
        "index": 2,
        "latitude": 49.39,
        "longitude": 17.02
      },
      {
        "index": 3,
        "latitude": 49.37,
        "longitude": 17.01
      },
      {
        "index": 4,
        "latitude": 49.33,
        "longitude": 16.92
      },
      {
        "index": 5,
        "latitude": 49.44,
        "longitude": 16.9
      },
      {
        "index": 6,
        "latitude": 49.46,
        "longitude": 16.98
      }
    ],
    "radius": 0.0,
    "shape": "polygon"
  },
  "handle": 3211317582,
  "identifier": "LKTSA2B",
  "metar": {
    "lines": []
  },
  "name": "TSA2B (BREZINA)",
  "note": {
    "lines": []
  },
  "validFrom": "0001-01-01T00:00:00",
  "validTo": "0001-01-01T00:00:00",
  "thumbprint": "f663d9adffe95f4bcf1f4492fdcaf6b4cd8fd48685016adda6685de03625eb7c",
  "web": []
},
{
  "elevationRange": {
    "ceiling": {
      "origin": "amsl",
      "units": "feets",
      "value": 66000.0
    },
    "floor": {
      "origin": "amsl",
      "units": "feets",
      "value": 0.0
    }
  },
  "geometry": {
    "coordinates": [
      {
        "index": 1,
        "latitude": 50.31,
        "longitude": 13.23
      },
      {
        "index": 2,
        "latitude": 50.28,
        "longitude": 13.24
      },
      {
        "index": 3,
        "latitude": 50.21,
        "longitude": 13.26
      },
      {
        "index": 4,
        "latitude": 50.19,
        "longitude": 13.18
      },
      {
        "index": 5,
        "latitude": 50.23,
        "longitude": 13.02
      },
      {
        "index": 6,
        "latitude": 50.3,
        "longitude": 13.02
      },
      {
        "index": 7,
        "latitude": 50.31,
        "longitude": 13.23
      }
    ],
    "radius": 0.0,
    "shape": "polygon"
  },
  "handle": 600763034,
  "identifier": "LKTSA4C",
  "metar": {
    "lines": []
  },
  "name": "TSA4C (HRADISTE)",
  "note": {
    "lines": []
  },
  "validFrom": "0001-01-01T00:00:00",
  "validTo": "0001-01-01T00:00:00",
  "thumbprint": "d760882b67d8a1c69387c799308d6e0a8e353248461fad30e0209214bb6fa322",
  "web": []
},
{
  "elevationRange": {
    "ceiling": {
      "origin": "amsl",
      "units": "feets",
      "value": 1000.0
    },
    "floor": {
      "origin": "amsl",
      "units": "feets",
      "value": 300.0
    }
  },
  "geometry": {
    "coordinates": [
      {
        "index": 1,
        "latitude": 49.56,
        "longitude": 16.22
      },
      {
        "index": 2,
        "latitude": 49.5,
        "longitude": 16.32
      },
      {
        "index": 3,
        "latitude": 49.45,
        "longitude": 16.2
      },
      {
        "index": 4,
        "latitude": 49.41,
        "longitude": 16.08
      },
      {
        "index": 5,
        "latitude": 49.31,
        "longitude": 15.96
      },
      {
        "index": 6,
        "latitude": 49.28,
        "longitude": 15.92
      },
      {
        "index": 7,
        "latitude": 49.32,
        "longitude": 15.78
      },
      {
        "index": 8,
        "latitude": 49.39,
        "longitude": 15.88
      },
      {
        "index": 9,
        "latitude": 49.51,
        "longitude": 16.11
      },
      {
        "index": 10,
        "latitude": 49.56,
        "longitude": 16.22
      }
    ],
    "radius": 0.0,
    "shape": "polygon"
  },
  "handle": 3067310402,
  "identifier": "LKTSA21",
  "metar": {
    "lines": []
  },
  "name": "TSA21 (MERIN)",
  "note": {
    "lines": []
  },
  "validFrom": "0001-01-01T00:00:00",
  "validTo": "0001-01-01T00:00:00",
  "thumbprint": "bd498569027492d5241efef2b0ea98178e963c8ade162623152ba083b4d193e5",
  "web": []
},
{
  "elevationRange": {
    "ceiling": {
      "origin": "amsl",
      "units": "feets",
      "value": 1000.0
    },
    "floor": {
      "origin": "amsl",
      "units": "feets",
      "value": 0.0
    }
  },
  "geometry": {
    "coordinates": [
      {
        "index": 1,
        "latitude": 49.34,
        "longitude": 14.08
      },
      {
        "index": 2,
        "latitude": 49.35,
        "longitude": 14.08
      },
      {
        "index": 3,
        "latitude": 49.35,
        "longitude": 14.08
      },
      {
        "index": 4,
        "latitude": 49.35,
        "longitude": 14.08
      },
      {
        "index": 5,
        "latitude": 49.36,
        "longitude": 14.09
      },
      {
        "index": 6,
        "latitude": 49.36,
        "longitude": 14.09
      },
      {
        "index": 7,
        "latitude": 49.36,
        "longitude": 14.1
      },
      {
        "index": 8,
        "latitude": 49.36,
        "longitude": 14.1
      },
      {
        "index": 9,
        "latitude": 49.36,
        "longitude": 14.11
      },
      {
        "index": 10,
        "latitude": 49.36,
        "longitude": 14.12
      },
      {
        "index": 11,
        "latitude": 49.36,
        "longitude": 14.12
      },
      {
        "index": 12,
        "latitude": 49.36,
        "longitude": 14.13
      },
      {
        "index": 13,
        "latitude": 49.36,
        "longitude": 14.13
      },
      {
        "index": 14,
        "latitude": 49.36,
        "longitude": 14.14
      },
      {
        "index": 15,
        "latitude": 49.35,
        "longitude": 14.14
      },
      {
        "index": 16,
        "latitude": 49.35,
        "longitude": 14.15
      },
      {
        "index": 17,
        "latitude": 49.35,
        "longitude": 14.15
      },
      {
        "index": 18,
        "latitude": 49.34,
        "longitude": 14.15
      },
      {
        "index": 19,
        "latitude": 49.34,
        "longitude": 14.15
      },
      {
        "index": 20,
        "latitude": 49.33,
        "longitude": 14.15
      },
      {
        "index": 21,
        "latitude": 49.33,
        "longitude": 14.15
      },
      {
        "index": 22,
        "latitude": 49.33,
        "longitude": 14.15
      },
      {
        "index": 23,
        "latitude": 49.32,
        "longitude": 14.14
      },
      {
        "index": 24,
        "latitude": 49.32,
        "longitude": 14.13
      },
      {
        "index": 25,
        "latitude": 49.33,
        "longitude": 14.11
      },
      {
        "index": 26,
        "latitude": 49.34,
        "longitude": 14.08
      }
    ],
    "radius": 0.0,
    "shape": "polygon"
  },
  "handle": 2520321521,
  "identifier": "LKTSA60",
  "metar": {
    "lines": []
  },
  "name": "TSA60 (Pu00cdSEK)",
  "note": {
    "lines": []
  },
  "validFrom": "0001-01-01T00:00:00",
  "validTo": "0001-01-01T00:00:00",
  "thumbprint": "593308be93bae542c4a18aa08bcc9e8aed4976d52abec1c9b2fbc9c8b684af24",
  "web": []
},
{
  "elevationRange": {
    "ceiling": {
      "origin": "amsl",
      "units": "feets",
      "value": 66000.0
    },
    "floor": {
      "origin": "amsl",
      "units": "feets",
      "value": 0.0
    }
  },
  "geometry": {
    "coordinates": [
      {
        "index": 1,
        "latitude": 50.18,
        "longitude": 13.11
      },
      {
        "index": 2,
        "latitude": 50.2,
        "longitude": 13.02
      },
      {
        "index": 3,
        "latitude": 50.2,
        "longitude": 13.02
      },
      {
        "index": 4,
        "latitude": 50.23,
        "longitude": 13.02
      },
      {
        "index": 5,
        "latitude": 50.18,
        "longitude": 13.11
      }
    ],
    "radius": 0.0,
    "shape": "polygon"
  },
  "handle": 1162887014,
  "identifier": "LKTSA4A",
  "metar": {
    "lines": []
  },
  "name": "TSA4A (HRADISTE)",
  "note": {
    "lines": []
  },
  "validFrom": "0001-01-01T00:00:00",
  "validTo": "0001-01-01T00:00:00",
  "thumbprint": "67187c7b77ea5d6c367833aef7f843ccfb2770169922415ec0e2cc9fea875243",
  "web": []
},
{
  "elevationRange": {
    "ceiling": {
      "origin": "amsl",
      "units": "feets",
      "value": 66000.0
    },
    "floor": {
      "origin": "amsl",
      "units": "feets",
      "value": 0.0
    }
  },
  "geometry": {
    "coordinates": [
      {
        "index": 1,
        "latitude": 49.37,
        "longitude": 17.01
      },
      {
        "index": 2,
        "latitude": 49.35,
        "longitude": 17.0
      },
      {
        "index": 3,
        "latitude": 49.32,
        "longitude": 16.98
      },
      {
        "index": 4,
        "latitude": 49.33,
        "longitude": 16.92
      },
      {
        "index": 5,
        "latitude": 49.37,
        "longitude": 17.01
      }
    ],
    "radius": 0.0,
    "shape": "polygon"
  },
  "handle": 3596224818,
  "identifier": "LKTSA2C",
  "metar": {
    "lines": []
  },
  "name": "TSA2C (BREZINA)",
  "note": {
    "lines": []
  },
  "validFrom": "0001-01-01T00:00:00",
  "validTo": "0001-01-01T00:00:00",
  "thumbprint": "62d11f77dde1826b4774d760e1595fc4229b11367c23f39dfdf7c94e92fbd0b2",
  "web": []
},
{
  "elevationRange": {
    "ceiling": {
      "origin": "amsl",
      "units": "feets",
      "value": 66000.0
    },
    "floor": {
      "origin": "amsl",
      "units": "feets",
      "value": 0.0
    }
  },
  "geometry": {
    "coordinates": [
      {
        "index": 1,
        "latitude": 49.81,
        "longitude": 13.96
      },
      {
        "index": 2,
        "latitude": 49.77,
        "longitude": 14.02
      },
      {
        "index": 3,
        "latitude": 49.72,
        "longitude": 13.94
      },
      {
        "index": 4,
        "latitude": 49.72,
        "longitude": 13.88
      },
      {
        "index": 5,
        "latitude": 49.76,
        "longitude": 13.85
      },
      {
        "index": 6,
        "latitude": 49.81,
        "longitude": 13.96
      }
    ],
    "radius": 0.0,
    "shape": "polygon"
  },
  "handle": 63978298,
  "identifier": "LKTSA7B",
  "metar": {
    "lines": []
  },
  "name": "TSA7B (JINCE)",
  "note": {
    "lines": []
  },
  "validFrom": "0001-01-01T00:00:00",
  "validTo": "0001-01-01T00:00:00",
  "thumbprint": "40cfd76c2285010b184b10d3c26e9266ed809de296e959ea0dd5724af4036135",
  "web": []
},
{
  "elevationRange": {
    "ceiling": {
      "origin": "amsl",
      "units": "feets",
      "value": 66000.0
    },
    "floor": {
      "origin": "amsl",
      "units": "feets",
      "value": 0.0
    }
  },
  "geometry": {
    "coordinates": [
      {
        "index": 1,
        "latitude": 49.49,
        "longitude": 16.96
      },
      {
        "index": 2,
        "latitude": 49.46,
        "longitude": 16.98
      },
      {
        "index": 3,
        "latitude": 49.39,
        "longitude": 17.02
      },
      {
        "index": 4,
        "latitude": 49.37,
        "longitude": 17.01
      },
      {
        "index": 5,
        "latitude": 49.35,
        "longitude": 17.0
      },
      {
        "index": 6,
        "latitude": 49.32,
        "longitude": 16.98
      },
      {
        "index": 7,
        "latitude": 49.33,
        "longitude": 16.92
      },
      {
        "index": 8,
        "latitude": 49.44,
        "longitude": 16.9
      },
      {
        "index": 9,
        "latitude": 49.47,
        "longitude": 16.88
      },
      {
        "index": 10,
        "latitude": 49.49,
        "longitude": 16.96
      }
    ],
    "radius": 0.0,
    "shape": "polygon"
  },
  "handle": 1974002077,
  "identifier": "LKTSA2",
  "metar": {
    "lines": []
  },
  "name": "TSA2 (BREZINA)",
  "note": {
    "lines": []
  },
  "validFrom": "0001-01-01T00:00:00",
  "validTo": "0001-01-01T00:00:00",
  "thumbprint": "7dc471c58a750b8bc212911b3ec80a59ee5ff97703b091e4efab9e2fb7456741",
  "web": []
},
{
  "elevationRange": {
    "ceiling": {
      "origin": "amsl",
      "units": "feets",
      "value": 66000.0
    },
    "floor": {
      "origin": "amsl",
      "units": "feets",
      "value": 0.0
    }
  },
  "geometry": {
    "coordinates": [
      {
        "index": 1,
        "latitude": 49.83,
        "longitude": 13.94
      },
      {
        "index": 2,
        "latitude": 49.81,
        "longitude": 13.96
      },
      {
        "index": 3,
        "latitude": 49.77,
        "longitude": 14.02
      },
      {
        "index": 4,
        "latitude": 49.72,
        "longitude": 13.94
      },
      {
        "index": 5,
        "latitude": 49.68,
        "longitude": 13.91
      },
      {
        "index": 6,
        "latitude": 49.71,
        "longitude": 13.82
      },
      {
        "index": 7,
        "latitude": 49.76,
        "longitude": 13.85
      },
      {
        "index": 8,
        "latitude": 49.8,
        "longitude": 13.87
      },
      {
        "index": 9,
        "latitude": 49.83,
        "longitude": 13.94
      }
    ],
    "radius": 0.0,
    "shape": "polygon"
  },
  "handle": 2103891040,
  "identifier": "LKTSA7",
  "metar": {
    "lines": []
  },
  "name": "TSA7 (JINCE)",
  "note": {
    "lines": []
  },
  "validFrom": "0001-01-01T00:00:00",
  "validTo": "0001-01-01T00:00:00",
  "thumbprint": "1f7ad0c5de91367d0c78a9a899448f6bcc1c4cdc7e943a3c33de787ee464c582",
  "web": []
},
{
  "elevationRange": {
    "ceiling": {
      "origin": "amsl",
      "units": "feets",
      "value": 66000.0
    },
    "floor": {
      "origin": "amsl",
      "units": "feets",
      "value": 0.0
    }
  },
  "geometry": {
    "coordinates": [
      {
        "index": 1,
        "latitude": 50.35,
        "longitude": 13.23
      },
      {
        "index": 2,
        "latitude": 50.31,
        "longitude": 13.23
      },
      {
        "index": 3,
        "latitude": 50.28,
        "longitude": 13.24
      },
      {
        "index": 4,
        "latitude": 50.21,
        "longitude": 13.26
      },
      {
        "index": 5,
        "latitude": 50.19,
        "longitude": 13.18
      },
      {
        "index": 6,
        "latitude": 50.18,
        "longitude": 13.11
      },
      {
        "index": 7,
        "latitude": 50.2,
        "longitude": 13.02
      },
      {
        "index": 8,
        "latitude": 50.2,
        "longitude": 13.02
      },
      {
        "index": 9,
        "latitude": 50.23,
        "longitude": 13.02
      },
      {
        "index": 10,
        "latitude": 50.3,
        "longitude": 13.02
      },
      {
        "index": 11,
        "latitude": 50.34,
        "longitude": 13.05
      },
      {
        "index": 12,
        "latitude": 50.36,
        "longitude": 13.1
      },
      {
        "index": 13,
        "latitude": 50.35,
        "longitude": 13.23
      }
    ],
    "radius": 0.0,
    "shape": "polygon"
  },
  "handle": 2674254688,
  "identifier": "LKTSA4",
  "metar": {
    "lines": []
  },
  "name": "TSA4 (HRADISTE)",
  "note": {
    "lines": []
  },
  "validFrom": "0001-01-01T00:00:00",
  "validTo": "0001-01-01T00:00:00",
  "thumbprint": "50d64b89624eec8f03942301dfcff8e50ca301bb7c32ec46f125d3a09d85ba80",
  "web": []
},
{
  "elevationRange": {
    "ceiling": {
      "origin": "amsl",
      "units": "feets",
      "value": 66000.0
    },
    "floor": {
      "origin": "amsl",
      "units": "feets",
      "value": 0.0
    }
  },
  "geometry": {
    "coordinates": [
      {
        "index": 1,
        "latitude": 49.76,
        "longitude": 17.68
      },
      {
        "index": 2,
        "latitude": 49.7,
        "longitude": 17.72
      },
      {
        "index": 3,
        "latitude": 49.65,
        "longitude": 17.64
      },
      {
        "index": 4,
        "latitude": 49.57,
        "longitude": 17.63
      },
      {
        "index": 5,
        "latitude": 49.56,
        "longitude": 17.54
      },
      {
        "index": 6,
        "latitude": 49.56,
        "longitude": 17.53
      },
      {
        "index": 7,
        "latitude": 49.58,
        "longitude": 17.48
      },
      {
        "index": 8,
        "latitude": 49.6,
        "longitude": 17.4
      },
      {
        "index": 9,
        "latitude": 49.63,
        "longitude": 17.41
      },
      {
        "index": 10,
        "latitude": 49.74,
        "longitude": 17.44
      },
      {
        "index": 11,
        "latitude": 49.78,
        "longitude": 17.54
      },
      {
        "index": 12,
        "latitude": 49.76,
        "longitude": 17.68
      }
    ],
    "radius": 0.0,
    "shape": "polygon"
  },
  "handle": 3103762468,
  "identifier": "LKTSA3",
  "metar": {
    "lines": []
  },
  "name": "TSA3 (LIBAVA)",
  "note": {
    "lines": []
  },
  "validFrom": "0001-01-01T00:00:00",
  "validTo": "0001-01-01T00:00:00",
  "thumbprint": "799e0c1600b8d288636084e02c97d8c06250a1e0fbf3acc750e13b662ca78ed4",
  "web": []
},
{
  "elevationRange": {
    "ceiling": {
      "origin": "amsl",
      "units": "feets",
      "value": 18500.0
    },
    "floor": {
      "origin": "amsl",
      "units": "feets",
      "value": 9500.0
    }
  },
  "geometry": {
    "coordinates": [
      {
        "index": 1,
        "latitude": 50.25,
        "longitude": 17.45
      },
      {
        "index": 2,
        "latitude": 50.25,
        "longitude": 17.45
      },
      {
        "index": 3,
        "latitude": 50.26,
        "longitude": 17.45
      },
      {
        "index": 4,
        "latitude": 50.27,
        "longitude": 17.46
      },
      {
        "index": 5,
        "latitude": 50.27,
        "longitude": 17.48
      },
      {
        "index": 6,
        "latitude": 50.27,
        "longitude": 17.51
      },
      {
        "index": 7,
        "latitude": 50.27,
        "longitude": 17.51
      },
      {
        "index": 8,
        "latitude": 50.27,
        "longitude": 17.53
      },
      {
        "index": 9,
        "latitude": 50.27,
        "longitude": 17.57
      },
      {
        "index": 10,
        "latitude": 50.27,
        "longitude": 17.58
      },
      {
        "index": 11,
        "latitude": 50.27,
        "longitude": 17.59
      },
      {
        "index": 12,
        "latitude": 50.27,
        "longitude": 17.6
      },
      {
        "index": 13,
        "latitude": 50.26,
        "longitude": 17.61
      },
      {
        "index": 14,
        "latitude": 50.27,
        "longitude": 17.62
      },
      {
        "index": 15,
        "latitude": 50.27,
        "longitude": 17.63
      },
      {
        "index": 16,
        "latitude": 50.27,
        "longitude": 17.64
      },
      {
        "index": 17,
        "latitude": 50.27,
        "longitude": 17.64
      },
      {
        "index": 18,
        "latitude": 50.2,
        "longitude": 17.73
      },
      {
        "index": 19,
        "latitude": 50.2,
        "longitude": 17.73
      },
      {
        "index": 20,
        "latitude": 50.2,
        "longitude": 17.73
      },
      {
        "index": 21,
        "latitude": 50.2,
        "longitude": 17.72
      },
      {
        "index": 22,
        "latitude": 50.19,
        "longitude": 17.71
      },
      {
        "index": 23,
        "latitude": 50.19,
        "longitude": 17.71
      },
      {
        "index": 24,
        "latitude": 50.18,
        "longitude": 17.69
      },
      {
        "index": 25,
        "latitude": 50.18,
        "longitude": 17.68
      },
      {
        "index": 26,
        "latitude": 50.18,
        "longitude": 17.67
      },
      {
        "index": 27,
        "latitude": 50.18,
        "longitude": 17.66
      },
      {
        "index": 28,
        "latitude": 50.17,
        "longitude": 17.65
      },
      {
        "index": 29,
        "latitude": 50.17,
        "longitude": 17.64
      },
      {
        "index": 30,
        "latitude": 50.17,
        "longitude": 17.61
      },
      {
        "index": 31,
        "latitude": 50.16,
        "longitude": 17.59
      },
      {
        "index": 32,
        "latitude": 50.15,
        "longitude": 17.59
      },
      {
        "index": 33,
        "latitude": 50.15,
        "longitude": 17.6
      },
      {
        "index": 34,
        "latitude": 50.12,
        "longitude": 17.65
      },
      {
        "index": 35,
        "latitude": 50.11,
        "longitude": 17.66
      },
      {
        "index": 36,
        "latitude": 50.11,
        "longitude": 17.67
      },
      {
        "index": 37,
        "latitude": 50.11,
        "longitude": 17.69
      },
      {
        "index": 38,
        "latitude": 50.11,
        "longitude": 17.69
      },
      {
        "index": 39,
        "latitude": 50.11,
        "longitude": 17.71
      },
      {
        "index": 40,
        "latitude": 50.1,
        "longitude": 17.73
      },
      {
        "index": 41,
        "latitude": 50.1,
        "longitude": 17.73
      },
      {
        "index": 42,
        "latitude": 50.09,
        "longitude": 17.74
      },
      {
        "index": 43,
        "latitude": 50.08,
        "longitude": 17.74
      },
      {
        "index": 44,
        "latitude": 50.07,
        "longitude": 17.75
      },
      {
        "index": 45,
        "latitude": 50.07,
        "longitude": 17.76
      },
      {
        "index": 46,
        "latitude": 50.06,
        "longitude": 17.76
      },
      {
        "index": 47,
        "latitude": 50.05,
        "longitude": 17.77
      },
      {
        "index": 48,
        "latitude": 50.04,
        "longitude": 17.77
      },
      {
        "index": 49,
        "latitude": 50.03,
        "longitude": 17.78
      },
      {
        "index": 50,
        "latitude": 50.02,
        "longitude": 17.78
      },
      {
        "index": 51,
        "latitude": 50.02,
        "longitude": 17.78
      },
      {
        "index": 52,
        "latitude": 50.02,
        "longitude": 17.78
      },
      {
        "index": 53,
        "latitude": 49.89,
        "longitude": 17.75
      },
      {
        "index": 54,
        "latitude": 50.01,
        "longitude": 17.62
      },
      {
        "index": 55,
        "latitude": 50.16,
        "longitude": 17.44
      },
      {
        "index": 56,
        "latitude": 50.25,
        "longitude": 17.45
      }
    ],
    "radius": 0.0,
    "shape": "polygon"
  },
  "handle": 2244184996,
  "identifier": "LKTSA49",
  "metar": {
    "lines": []
  },
  "name": "TSA49 (KRNOV)",
  "note": {
    "lines": []
  },
  "validFrom": "0001-01-01T00:00:00",
  "validTo": "0001-01-01T00:00:00",
  "thumbprint": "483a062792b6e08cf1e35e70ba3299ba0cbfae4c35dcc7038c9b4cd8b6897370",
  "web": []
},
{
  "elevationRange": {
    "ceiling": {
      "origin": "amsl",
      "units": "feets",
      "value": 66000.0
    },
    "floor": {
      "origin": "amsl",
      "units": "feets",
      "value": 0.0
    }
  },
  "geometry": {
    "coordinates": [
      {
        "index": 1,
        "latitude": 49.91,
        "longitude": 13.9
      },
      {
        "index": 2,
        "latitude": 49.91,
        "longitude": 13.97
      },
      {
        "index": 3,
        "latitude": 49.9,
        "longitude": 14.02
      },
      {
        "index": 4,
        "latitude": 49.8,
        "longitude": 14.15
      },
      {
        "index": 5,
        "latitude": 49.73,
        "longitude": 14.14
      },
      {
        "index": 6,
        "latitude": 49.67,
        "longitude": 14.05
      },
      {
        "index": 7,
        "latitude": 49.61,
        "longitude": 14.0
      },
      {
        "index": 8,
        "latitude": 49.59,
        "longitude": 13.9
      },
      {
        "index": 9,
        "latitude": 49.65,
        "longitude": 13.72
      },
      {
        "index": 10,
        "latitude": 49.7,
        "longitude": 13.69
      },
      {
        "index": 11,
        "latitude": 49.85,
        "longitude": 13.76
      },
      {
        "index": 12,
        "latitude": 49.91,
        "longitude": 13.9
      }
    ],
    "radius": 0.0,
    "shape": "polygon"
  },
  "handle": 2039010185,
  "identifier": "LKTSA7Z",
  "metar": {
    "lines": []
  },
  "name": "TSA7Z",
  "note": {
    "lines": []
  },
  "validFrom": "0001-01-01T00:00:00",
  "validTo": "0001-01-01T00:00:00",
  "thumbprint": "5ddfc97a4098f2866201b839e10893a6a0e9a327e5a8799dc9072472fc810f3f",
  "web": []
},
{
  "elevationRange": {
    "ceiling": {
      "origin": "amsl",
      "units": "feets",
      "value": 21500.0
    },
    "floor": {
      "origin": "amsl",
      "units": "feets",
      "value": 9500.0
    }
  },
  "geometry": {
    "coordinates": [
      {
        "index": 1,
        "latitude": 50.36,
        "longitude": 17.2
      },
      {
        "index": 2,
        "latitude": 50.36,
        "longitude": 17.2
      },
      {
        "index": 3,
        "latitude": 50.36,
        "longitude": 17.21
      },
      {
        "index": 4,
        "latitude": 50.34,
        "longitude": 17.23
      },
      {
        "index": 5,
        "latitude": 50.32,
        "longitude": 17.27
      },
      {
        "index": 6,
        "latitude": 50.32,
        "longitude": 17.3
      },
      {
        "index": 7,
        "latitude": 50.32,
        "longitude": 17.33
      },
      {
        "index": 8,
        "latitude": 50.33,
        "longitude": 17.34
      },
      {
        "index": 9,
        "latitude": 50.33,
        "longitude": 17.35
      },
      {
        "index": 10,
        "latitude": 50.32,
        "longitude": 17.34
      },
      {
        "index": 11,
        "latitude": 50.32,
        "longitude": 17.33
      },
      {
        "index": 12,
        "latitude": 50.31,
        "longitude": 17.34
      },
      {
        "index": 13,
        "latitude": 50.31,
        "longitude": 17.35
      },
      {
        "index": 14,
        "latitude": 50.3,
        "longitude": 17.35
      },
      {
        "index": 15,
        "latitude": 50.29,
        "longitude": 17.35
      },
      {
        "index": 16,
        "latitude": 50.28,
        "longitude": 17.34
      },
      {
        "index": 17,
        "latitude": 50.27,
        "longitude": 17.34
      },
      {
        "index": 18,
        "latitude": 50.26,
        "longitude": 17.35
      },
      {
        "index": 19,
        "latitude": 50.26,
        "longitude": 17.36
      },
      {
        "index": 20,
        "latitude": 50.26,
        "longitude": 17.36
      },
      {
        "index": 21,
        "latitude": 50.27,
        "longitude": 17.36
      },
      {
        "index": 22,
        "latitude": 50.28,
        "longitude": 17.36
      },
      {
        "index": 23,
        "latitude": 50.28,
        "longitude": 17.39
      },
      {
        "index": 24,
        "latitude": 50.29,
        "longitude": 17.4
      },
      {
        "index": 25,
        "latitude": 50.28,
        "longitude": 17.41
      },
      {
        "index": 26,
        "latitude": 50.28,
        "longitude": 17.41
      },
      {
        "index": 27,
        "latitude": 50.27,
        "longitude": 17.4
      },
      {
        "index": 28,
        "latitude": 50.27,
        "longitude": 17.41
      },
      {
        "index": 29,
        "latitude": 50.27,
        "longitude": 17.42
      },
      {
        "index": 30,
        "latitude": 50.26,
        "longitude": 17.43
      },
      {
        "index": 31,
        "latitude": 50.25,
        "longitude": 17.43
      },
      {
        "index": 32,
        "latitude": 50.25,
        "longitude": 17.43
      },
      {
        "index": 33,
        "latitude": 50.25,
        "longitude": 17.45
      },
      {
        "index": 34,
        "latitude": 50.25,
        "longitude": 17.45
      },
      {
        "index": 35,
        "latitude": 50.25,
        "longitude": 17.45
      },
      {
        "index": 36,
        "latitude": 50.16,
        "longitude": 17.44
      },
      {
        "index": 37,
        "latitude": 50.01,
        "longitude": 17.62
      },
      {
        "index": 38,
        "latitude": 50.0,
        "longitude": 17.43
      },
      {
        "index": 39,
        "latitude": 50.22,
        "longitude": 17.2
      },
      {
        "index": 40,
        "latitude": 50.36,
        "longitude": 17.2
      }
    ],
    "radius": 0.0,
    "shape": "polygon"
  },
  "handle": 1245041906,
  "identifier": "LKTSA46",
  "metar": {
    "lines": []
  },
  "name": "TSA46 (MIKULOVICE)",
  "note": {
    "lines": []
  },
  "validFrom": "0001-01-01T00:00:00",
  "validTo": "0001-01-01T00:00:00",
  "thumbprint": "f2f8844a3a52f60ec6202b4e5fa1952b5fd8371737a9caee36fe3b04c80c2d69",
  "web": []
},
{
  "elevationRange": {
    "ceiling": {
      "origin": "amsl",
      "units": "feets",
      "value": 66000.0
    },
    "floor": {
      "origin": "amsl",
      "units": "feets",
      "value": 0.0
    }
  },
  "geometry": {
    "coordinates": [
      {
        "index": 1,
        "latitude": 49.0,
        "longitude": 14.16
      },
      {
        "index": 2,
        "latitude": 48.99,
        "longitude": 14.21
      },
      {
        "index": 3,
        "latitude": 48.83,
        "longitude": 14.41
      },
      {
        "index": 4,
        "latitude": 48.74,
        "longitude": 14.37
      },
      {
        "index": 5,
        "latitude": 48.69,
        "longitude": 14.02
      },
      {
        "index": 6,
        "latitude": 48.7,
        "longitude": 13.95
      },
      {
        "index": 7,
        "latitude": 48.91,
        "longitude": 13.75
      },
      {
        "index": 8,
        "latitude": 48.99,
        "longitude": 13.81
      },
      {
        "index": 9,
        "latitude": 49.0,
        "longitude": 14.16
      }
    ],
    "radius": 0.0,
    "shape": "polygon"
  },
  "handle": 1909525117,
  "identifier": "LKTSA1Z",
  "metar": {
    "lines": []
  },
  "name": "TSA1Z",
  "note": {
    "lines": []
  },
  "validFrom": "0001-01-01T00:00:00",
  "validTo": "0001-01-01T00:00:00",
  "thumbprint": "faf104b09a7500a28fc5718700e8efce2dd7853feef1ee1798640fea55f2f5b6",
  "web": []
},
{
  "elevationRange": {
    "ceiling": {
      "origin": "amsl",
      "units": "feets",
      "value": 19500.0
    },
    "floor": {
      "origin": "amsl",
      "units": "feets",
      "value": 9500.0
    }
  },
  "geometry": {
    "coordinates": [
      {
        "index": 1,
        "latitude": 50.06,
        "longitude": 17.17
      },
      {
        "index": 2,
        "latitude": 50.1,
        "longitude": 17.64
      },
      {
        "index": 3,
        "latitude": 50.08,
        "longitude": 17.71
      },
      {
        "index": 4,
        "latitude": 49.93,
        "longitude": 17.87
      },
      {
        "index": 5,
        "latitude": 49.9,
        "longitude": 17.89
      },
      {
        "index": 6,
        "latitude": 49.74,
        "longitude": 17.85
      },
      {
        "index": 7,
        "latitude": 49.7,
        "longitude": 17.78
      },
      {
        "index": 8,
        "latitude": 49.69,
        "longitude": 17.52
      },
      {
        "index": 9,
        "latitude": 49.71,
        "longitude": 17.46
      },
      {
        "index": 10,
        "latitude": 49.97,
        "longitude": 17.12
      },
      {
        "index": 11,
        "latitude": 50.06,
        "longitude": 17.17
      }
    ],
    "radius": 0.0,
    "shape": "polygon"
  },
  "handle": 870531207,
  "identifier": "LKTSA47Z",
  "metar": {
    "lines": []
  },
  "name": "TSA47Z",
  "note": {
    "lines": []
  },
  "validFrom": "0001-01-01T00:00:00",
  "validTo": "0001-01-01T00:00:00",
  "thumbprint": "16722cd73c55f81369ff02ba2a79b3d58b04934f71fd451b24108b052ae2cfc1",
  "web": []
},
{
  "elevationRange": {
    "ceiling": {
      "origin": "amsl",
      "units": "feets",
      "value": 23500.0
    },
    "floor": {
      "origin": "amsl",
      "units": "feets",
      "value": 9500.0
    }
  },
  "geometry": {
    "coordinates": [
      {
        "index": 1,
        "latitude": 50.27,
        "longitude": 17.02
      },
      {
        "index": 2,
        "latitude": 50.26,
        "longitude": 17.13
      },
      {
        "index": 3,
        "latitude": 49.98,
        "longitude": 17.43
      },
      {
        "index": 4,
        "latitude": 49.89,
        "longitude": 17.33
      },
      {
        "index": 5,
        "latitude": 49.98,
        "longitude": 16.62
      },
      {
        "index": 6,
        "latitude": 50.09,
        "longitude": 16.58
      },
      {
        "index": 7,
        "latitude": 50.27,
        "longitude": 17.02
      }
    ],
    "radius": 0.0,
    "shape": "polygon"
  },
  "handle": 3737749181,
  "identifier": "LKTSA48Z",
  "metar": {
    "lines": []
  },
  "name": "TSA48Z",
  "note": {
    "lines": []
  },
  "validFrom": "0001-01-01T00:00:00",
  "validTo": "0001-01-01T00:00:00",
  "thumbprint": "2dbe09306d76791217bb46127ab68e551530c0264b8ea40dec9fd4519c29f319",
  "web": []
},
{
  "elevationRange": {
    "ceiling": {
      "origin": "amsl",
      "units": "feets",
      "value": 22500.0
    },
    "floor": {
      "origin": "amsl",
      "units": "feets",
      "value": 9500.0
    }
  },
  "geometry": {
    "coordinates": [
      {
        "index": 1,
        "latitude": 50.58,
        "longitude": 16.06
      },
      {
        "index": 2,
        "latitude": 50.65,
        "longitude": 16.09
      },
      {
        "index": 3,
        "latitude": 50.65,
        "longitude": 16.09
      },
      {
        "index": 4,
        "latitude": 50.66,
        "longitude": 16.1
      },
      {
        "index": 5,
        "latitude": 50.66,
        "longitude": 16.11
      },
      {
        "index": 6,
        "latitude": 50.66,
        "longitude": 16.13
      },
      {
        "index": 7,
        "latitude": 50.66,
        "longitude": 16.14
      },
      {
        "index": 8,
        "latitude": 50.65,
        "longitude": 16.16
      },
      {
        "index": 9,
        "latitude": 50.64,
        "longitude": 16.18
      },
      {
        "index": 10,
        "latitude": 50.63,
        "longitude": 16.19
      },
      {
        "index": 11,
        "latitude": 50.63,
        "longitude": 16.2
      },
      {
        "index": 12,
        "latitude": 50.64,
        "longitude": 16.22
      },
      {
        "index": 13,
        "latitude": 50.64,
        "longitude": 16.22
      },
      {
        "index": 14,
        "latitude": 50.65,
        "longitude": 16.22
      },
      {
        "index": 15,
        "latitude": 50.67,
        "longitude": 16.23
      },
      {
        "index": 16,
        "latitude": 50.67,
        "longitude": 16.24
      },
      {
        "index": 17,
        "latitude": 50.67,
        "longitude": 16.27
      },
      {
        "index": 18,
        "latitude": 50.66,
        "longitude": 16.29
      },
      {
        "index": 19,
        "latitude": 50.66,
        "longitude": 16.3
      },
      {
        "index": 20,
        "latitude": 50.67,
        "longitude": 16.32
      },
      {
        "index": 21,
        "latitude": 50.66,
        "longitude": 16.33
      },
      {
        "index": 22,
        "latitude": 50.66,
        "longitude": 16.35
      },
      {
        "index": 23,
        "latitude": 50.65,
        "longitude": 16.36
      },
      {
        "index": 24,
        "latitude": 50.64,
        "longitude": 16.38
      },
      {
        "index": 25,
        "latitude": 50.62,
        "longitude": 16.4
      },
      {
        "index": 26,
        "latitude": 50.61,
        "longitude": 16.42
      },
      {
        "index": 27,
        "latitude": 50.59,
        "longitude": 16.44
      },
      {
        "index": 28,
        "latitude": 50.59,
        "longitude": 16.44
      },
      {
        "index": 29,
        "latitude": 50.58,
        "longitude": 16.45
      },
      {
        "index": 30,
        "latitude": 50.57,
        "longitude": 16.45
      },
      {
        "index": 31,
        "latitude": 50.57,
        "longitude": 16.42
      },
      {
        "index": 32,
        "latitude": 50.57,
        "longitude": 16.41
      },
      {
        "index": 33,
        "latitude": 50.56,
        "longitude": 16.4
      },
      {
        "index": 34,
        "latitude": 50.55,
        "longitude": 16.41
      },
      {
        "index": 35,
        "latitude": 50.54,
        "longitude": 16.39
      },
      {
        "index": 36,
        "latitude": 50.54,
        "longitude": 16.39
      },
      {
        "index": 37,
        "latitude": 50.52,
        "longitude": 16.39
      },
      {
        "index": 38,
        "latitude": 50.52,
        "longitude": 16.37
      },
      {
        "index": 39,
        "latitude": 50.5,
        "longitude": 16.36
      },
      {
        "index": 40,
        "latitude": 50.5,
        "longitude": 16.35
      },
      {
        "index": 41,
        "latitude": 50.5,
        "longitude": 16.33
      },
      {
        "index": 42,
        "latitude": 50.51,
        "longitude": 16.31
      },
      {
        "index": 43,
        "latitude": 50.5,
        "longitude": 16.3
      },
      {
        "index": 44,
        "latitude": 50.5,
        "longitude": 16.31
      },
      {
        "index": 45,
        "latitude": 50.49,
        "longitude": 16.31
      },
      {
        "index": 46,
        "latitude": 50.48,
        "longitude": 16.28
      },
      {
        "index": 47,
        "latitude": 50.48,
        "longitude": 16.27
      },
      {
        "index": 48,
        "latitude": 50.48,
        "longitude": 16.26
      },
      {
        "index": 49,
        "latitude": 50.47,
        "longitude": 16.25
      },
      {
        "index": 50,
        "latitude": 50.47,
        "longitude": 16.25
      },
      {
        "index": 51,
        "latitude": 50.46,
        "longitude": 16.24
      },
      {
        "index": 52,
        "latitude": 50.46,
        "longitude": 16.22
      },
      {
        "index": 53,
        "latitude": 50.45,
        "longitude": 16.23
      },
      {
        "index": 54,
        "latitude": 50.44,
        "longitude": 16.23
      },
      {
        "index": 55,
        "latitude": 50.44,
        "longitude": 16.22
      },
      {
        "index": 56,
        "latitude": 50.45,
        "longitude": 16.21
      },
      {
        "index": 57,
        "latitude": 50.44,
        "longitude": 16.2
      },
      {
        "index": 58,
        "latitude": 50.44,
        "longitude": 16.2
      },
      {
        "index": 59,
        "latitude": 50.42,
        "longitude": 16.21
      },
      {
        "index": 60,
        "latitude": 50.41,
        "longitude": 16.21
      },
      {
        "index": 61,
        "latitude": 50.41,
        "longitude": 16.23
      },
      {
        "index": 62,
        "latitude": 50.41,
        "longitude": 16.24
      },
      {
        "index": 63,
        "latitude": 50.4,
        "longitude": 16.25
      },
      {
        "index": 64,
        "latitude": 50.39,
        "longitude": 16.25
      },
      {
        "index": 65,
        "latitude": 50.39,
        "longitude": 16.26
      },
      {
        "index": 66,
        "latitude": 50.39,
        "longitude": 16.26
      },
      {
        "index": 67,
        "latitude": 50.38,
        "longitude": 16.26
      },
      {
        "index": 68,
        "latitude": 50.38,
        "longitude": 16.27
      },
      {
        "index": 69,
        "latitude": 50.37,
        "longitude": 16.28
      },
      {
        "index": 70,
        "latitude": 50.38,
        "longitude": 16.31
      },
      {
        "index": 71,
        "latitude": 50.38,
        "longitude": 16.34
      },
      {
        "index": 72,
        "latitude": 50.38,
        "longitude": 16.36
      },
      {
        "index": 73,
        "latitude": 50.37,
        "longitude": 16.36
      },
      {
        "index": 74,
        "latitude": 50.35,
        "longitude": 16.36
      },
      {
        "index": 75,
        "latitude": 50.33,
        "longitude": 16.38
      },
      {
        "index": 76,
        "latitude": 50.32,
        "longitude": 16.39
      },
      {
        "index": 77,
        "latitude": 50.32,
        "longitude": 16.4
      },
      {
        "index": 78,
        "latitude": 50.32,
        "longitude": 16.43
      },
      {
        "index": 79,
        "latitude": 50.32,
        "longitude": 16.44
      },
      {
        "index": 80,
        "latitude": 50.3,
        "longitude": 16.45
      },
      {
        "index": 81,
        "latitude": 50.29,
        "longitude": 16.46
      },
      {
        "index": 82,
        "latitude": 50.29,
        "longitude": 16.47
      },
      {
        "index": 83,
        "latitude": 50.28,
        "longitude": 16.47
      },
      {
        "index": 84,
        "latitude": 50.27,
        "longitude": 16.49
      },
      {
        "index": 85,
        "latitude": 50.26,
        "longitude": 16.51
      },
      {
        "index": 86,
        "latitude": 50.24,
        "longitude": 16.52
      },
      {
        "index": 87,
        "latitude": 50.24,
        "longitude": 16.54
      },
      {
        "index": 88,
        "latitude": 50.24,
        "longitude": 16.54
      },
      {
        "index": 89,
        "latitude": 50.22,
        "longitude": 16.56
      },
      {
        "index": 90,
        "latitude": 50.22,
        "longitude": 16.56
      },
      {
        "index": 91,
        "latitude": 50.21,
        "longitude": 16.55
      },
      {
        "index": 92,
        "latitude": 50.19,
        "longitude": 16.49
      },
      {
        "index": 93,
        "latitude": 50.44,
        "longitude": 16.17
      },
      {
        "index": 94,
        "latitude": 50.57,
        "longitude": 16.24
      },
      {
        "index": 95,
        "latitude": 50.58,
        "longitude": 16.06
      }
    ],
    "radius": 0.0,
    "shape": "polygon"
  },
  "handle": 1597600942,
  "identifier": "LKTSA43",
  "metar": {
    "lines": []
  },
  "name": "TSA43 (ORLICKu00c9 HORY)",
  "note": {
    "lines": []
  },
  "validFrom": "0001-01-01T00:00:00",
  "validTo": "0001-01-01T00:00:00",
  "thumbprint": "8998bf460de6485cd3d6a718f9f711bcb59a75ade0810b8fc8f4701d81f8c64c",
  "web": []
},
{
  "elevationRange": {
    "ceiling": {
      "origin": "amsl",
      "units": "feets",
      "value": 22500.0
    },
    "floor": {
      "origin": "amsl",
      "units": "feets",
      "value": 9500.0
    }
  },
  "geometry": {
    "coordinates": [
      {
        "index": 1,
        "latitude": 50.87,
        "longitude": 15.54
      },
      {
        "index": 2,
        "latitude": 50.83,
        "longitude": 15.74
      },
      {
        "index": 3,
        "latitude": 50.85,
        "longitude": 15.83
      },
      {
        "index": 4,
        "latitude": 50.82,
        "longitude": 15.92
      },
      {
        "index": 5,
        "latitude": 50.77,
        "longitude": 15.95
      },
      {
        "index": 6,
        "latitude": 50.78,
        "longitude": 15.98
      },
      {
        "index": 7,
        "latitude": 50.76,
        "longitude": 16.15
      },
      {
        "index": 8,
        "latitude": 50.69,
        "longitude": 16.24
      },
      {
        "index": 9,
        "latitude": 50.52,
        "longitude": 16.18
      },
      {
        "index": 10,
        "latitude": 50.49,
        "longitude": 16.05
      },
      {
        "index": 11,
        "latitude": 50.68,
        "longitude": 15.51
      },
      {
        "index": 12,
        "latitude": 50.73,
        "longitude": 15.4
      },
      {
        "index": 13,
        "latitude": 50.79,
        "longitude": 15.38
      },
      {
        "index": 14,
        "latitude": 50.84,
        "longitude": 15.43
      },
      {
        "index": 15,
        "latitude": 50.87,
        "longitude": 15.54
      }
    ],
    "radius": 0.0,
    "shape": "polygon"
  },
  "handle": 1841114013,
  "identifier": "LKTSA42Z",
  "metar": {
    "lines": []
  },
  "name": "TSA42Z",
  "note": {
    "lines": []
  },
  "validFrom": "0001-01-01T00:00:00",
  "validTo": "0001-01-01T00:00:00",
  "thumbprint": "330408e15fc6fbae15633dbbf4a04364b64a6fda0413e07f09ef74d0c9134d78",
  "web": []
},
{
  "elevationRange": {
    "ceiling": {
      "origin": "amsl",
      "units": "feets",
      "value": 23500.0
    },
    "floor": {
      "origin": "amsl",
      "units": "feets",
      "value": 9500.0
    }
  },
  "geometry": {
    "coordinates": [
      {
        "index": 1,
        "latitude": 50.05,
        "longitude": 16.73
      },
      {
        "index": 2,
        "latitude": 50.18,
        "longitude": 17.05
      },
      {
        "index": 3,
        "latitude": 49.98,
        "longitude": 17.27
      },
      {
        "index": 4,
        "latitude": 50.05,
        "longitude": 16.73
      }
    ],
    "radius": 0.0,
    "shape": "polygon"
  },
  "handle": 2941747691,
  "identifier": "LKTSA48",
  "metar": {
    "lines": []
  },
  "name": "TSA48 (HANUu0160OVICE)",
  "note": {
    "lines": []
  },
  "validFrom": "0001-01-01T00:00:00",
  "validTo": "0001-01-01T00:00:00",
  "thumbprint": "79bfee20f266537aa91c22a433156f3141f267b712e3abbe1a16981e3a10deff",
  "web": []
},
{
  "elevationRange": {
    "ceiling": {
      "origin": "amsl",
      "units": "feets",
      "value": 1000.0
    },
    "floor": {
      "origin": "amsl",
      "units": "feets",
      "value": 300.0
    }
  },
  "geometry": {
    "coordinates": [
      {
        "index": 1,
        "latitude": 49.32,
        "longitude": 15.78
      },
      {
        "index": 2,
        "latitude": 49.28,
        "longitude": 15.92
      },
      {
        "index": 3,
        "latitude": 49.25,
        "longitude": 15.87
      },
      {
        "index": 4,
        "latitude": 49.19,
        "longitude": 15.78
      },
      {
        "index": 5,
        "latitude": 49.14,
        "longitude": 15.7
      },
      {
        "index": 6,
        "latitude": 49.11,
        "longitude": 15.53
      },
      {
        "index": 7,
        "latitude": 49.05,
        "longitude": 15.1
      },
      {
        "index": 8,
        "latitude": 49.05,
        "longitude": 14.84
      },
      {
        "index": 9,
        "latitude": 49.05,
        "longitude": 14.75
      },
      {
        "index": 10,
        "latitude": 49.12,
        "longitude": 14.78
      },
      {
        "index": 11,
        "latitude": 49.11,
        "longitude": 14.87
      },
      {
        "index": 12,
        "latitude": 49.1,
        "longitude": 15.05
      },
      {
        "index": 13,
        "latitude": 49.19,
        "longitude": 15.55
      },
      {
        "index": 14,
        "latitude": 49.27,
        "longitude": 15.71
      },
      {
        "index": 15,
        "latitude": 49.32,
        "longitude": 15.78
      }
    ],
    "radius": 0.0,
    "shape": "polygon"
  },
  "handle": 3102203655,
  "identifier": "LKTSA22",
  "metar": {
    "lines": []
  },
  "name": "TSA22 (OPATOV)",
  "note": {
    "lines": []
  },
  "validFrom": "0001-01-01T00:00:00",
  "validTo": "0001-01-01T00:00:00",
  "thumbprint": "e70b82d85da9ad265f59a85ca6cc73bf9ec09daec87b8019ce62209e0559ae56",
  "web": []
},
{
  "elevationRange": {
    "ceiling": {
      "origin": "amsl",
      "units": "feets",
      "value": 66000.0
    },
    "floor": {
      "origin": "amsl",
      "units": "feets",
      "value": 0.0
    }
  },
  "geometry": {
    "coordinates": [
      {
        "index": 1,
        "latitude": 50.19,
        "longitude": 13.18
      },
      {
        "index": 2,
        "latitude": 50.18,
        "longitude": 13.11
      },
      {
        "index": 3,
        "latitude": 50.23,
        "longitude": 13.02
      },
      {
        "index": 4,
        "latitude": 50.19,
        "longitude": 13.18
      }
    ],
    "radius": 0.0,
    "shape": "polygon"
  },
  "handle": 3342104330,
  "identifier": "LKTSA4B",
  "metar": {
    "lines": []
  },
  "name": "TSA4B (HRADISTE)",
  "note": {
    "lines": []
  },
  "validFrom": "0001-01-01T00:00:00",
  "validTo": "0001-01-01T00:00:00",
  "thumbprint": "41192209019531e6d01eceaca231ebf346a882e700a652a549c3db6b0502d792",
  "web": []
},
{
  "elevationRange": {
    "ceiling": {
      "origin": "amsl",
      "units": "feets",
      "value": 66000.0
    },
    "floor": {
      "origin": "amsl",
      "units": "feets",
      "value": 0.0
    }
  },
  "geometry": {
    "coordinates": [
      {
        "index": 1,
        "latitude": 50.35,
        "longitude": 13.23
      },
      {
        "index": 2,
        "latitude": 50.31,
        "longitude": 13.23
      },
      {
        "index": 3,
        "latitude": 50.3,
        "longitude": 13.02
      },
      {
        "index": 4,
        "latitude": 50.34,
        "longitude": 13.05
      },
      {
        "index": 5,
        "latitude": 50.36,
        "longitude": 13.1
      },
      {
        "index": 6,
        "latitude": 50.35,
        "longitude": 13.23
      }
    ],
    "radius": 0.0,
    "shape": "polygon"
  },
  "handle": 712653200,
  "identifier": "LKTSA4D",
  "metar": {
    "lines": []
  },
  "name": "TSA4D (HRADISTE)",
  "note": {
    "lines": []
  },
  "validFrom": "0001-01-01T00:00:00",
  "validTo": "0001-01-01T00:00:00",
  "thumbprint": "47b777cab0a573380873d617501b924710539fddf54ce533c0a54228f307932e",
  "web": []
},
{
  "elevationRange": {
    "ceiling": {
      "origin": "amsl",
      "units": "feets",
      "value": 66000.0
    },
    "floor": {
      "origin": "amsl",
      "units": "feets",
      "value": 0.0
    }
  },
  "geometry": {
    "coordinates": [
      {
        "index": 1,
        "latitude": 48.92,
        "longitude": 14.13
      },
      {
        "index": 2,
        "latitude": 48.81,
        "longitude": 14.27
      },
      {
        "index": 3,
        "latitude": 48.77,
        "longitude": 14.03
      },
      {
        "index": 4,
        "latitude": 48.91,
        "longitude": 13.89
      },
      {
        "index": 5,
        "latitude": 48.92,
        "longitude": 14.13
      }
    ],
    "radius": 0.0,
    "shape": "polygon"
  },
  "handle": 2712186236,
  "identifier": "LKTSA1",
  "metar": {
    "lines": []
  },
  "name": "TSA1 (BOLETICE)",
  "note": {
    "lines": []
  },
  "validFrom": "0001-01-01T00:00:00",
  "validTo": "0001-01-01T00:00:00",
  "thumbprint": "178456473fefc54bbe0fe258fbf0bea0fde27825cb2dd43da7968742d79b2a10",
  "web": []
},
{
  "elevationRange": {
    "ceiling": {
      "origin": "amsl",
      "units": "feets",
      "value": 66000.0
    },
    "floor": {
      "origin": "amsl",
      "units": "feets",
      "value": 0.0
    }
  },
  "geometry": {
    "coordinates": [
      {
        "index": 1,
        "latitude": 49.76,
        "longitude": 17.68
      },
      {
        "index": 2,
        "latitude": 49.7,
        "longitude": 17.72
      },
      {
        "index": 3,
        "latitude": 49.65,
        "longitude": 17.64
      },
      {
        "index": 4,
        "latitude": 49.6,
        "longitude": 17.54
      },
      {
        "index": 5,
        "latitude": 49.58,
        "longitude": 17.48
      },
      {
        "index": 6,
        "latitude": 49.6,
        "longitude": 17.4
      },
      {
        "index": 7,
        "latitude": 49.63,
        "longitude": 17.41
      },
      {
        "index": 8,
        "latitude": 49.74,
        "longitude": 17.44
      },
      {
        "index": 9,
        "latitude": 49.78,
        "longitude": 17.54
      },
      {
        "index": 10,
        "latitude": 49.76,
        "longitude": 17.68
      }
    ],
    "radius": 0.0,
    "shape": "polygon"
  },
  "handle": 4068390534,
  "identifier": "LKTSA3A",
  "metar": {
    "lines": []
  },
  "name": "TSA3A (LIBAVA)",
  "note": {
    "lines": []
  },
  "validFrom": "0001-01-01T00:00:00",
  "validTo": "0001-01-01T00:00:00",
  "thumbprint": "21b075c7f28d7ad6ed69f1bd7a44d490099be99ae6a42c5897526e34a4ec3f6f",
  "web": []
},
{
  "elevationRange": {
    "ceiling": {
      "origin": "amsl",
      "units": "feets",
      "value": 22500.0
    },
    "floor": {
      "origin": "amsl",
      "units": "feets",
      "value": 9500.0
    }
  },
  "geometry": {
    "coordinates": [
      {
        "index": 1,
        "latitude": 50.78,
        "longitude": 15.52
      },
      {
        "index": 2,
        "latitude": 50.78,
        "longitude": 15.52
      },
      {
        "index": 3,
        "latitude": 50.78,
        "longitude": 15.54
      },
      {
        "index": 4,
        "latitude": 50.78,
        "longitude": 15.56
      },
      {
        "index": 5,
        "latitude": 50.78,
        "longitude": 15.58
      },
      {
        "index": 6,
        "latitude": 50.78,
        "longitude": 15.59
      },
      {
        "index": 7,
        "latitude": 50.78,
        "longitude": 15.61
      },
      {
        "index": 8,
        "latitude": 50.77,
        "longitude": 15.62
      },
      {
        "index": 9,
        "latitude": 50.76,
        "longitude": 15.63
      },
      {
        "index": 10,
        "latitude": 50.76,
        "longitude": 15.65
      },
      {
        "index": 11,
        "latitude": 50.76,
        "longitude": 15.68
      },
      {
        "index": 12,
        "latitude": 50.75,
        "longitude": 15.68
      },
      {
        "index": 13,
        "latitude": 50.74,
        "longitude": 15.7
      },
      {
        "index": 14,
        "latitude": 50.74,
        "longitude": 15.72
      },
      {
        "index": 15,
        "latitude": 50.74,
        "longitude": 15.74
      },
      {
        "index": 16,
        "latitude": 50.74,
        "longitude": 15.75
      },
      {
        "index": 17,
        "latitude": 50.75,
        "longitude": 15.76
      },
      {
        "index": 18,
        "latitude": 50.75,
        "longitude": 15.77
      },
      {
        "index": 19,
        "latitude": 50.74,
        "longitude": 15.78
      },
      {
        "index": 20,
        "latitude": 50.75,
        "longitude": 15.79
      },
      {
        "index": 21,
        "latitude": 50.75,
        "longitude": 15.79
      },
      {
        "index": 22,
        "latitude": 50.76,
        "longitude": 15.81
      },
      {
        "index": 23,
        "latitude": 50.75,
        "longitude": 15.82
      },
      {
        "index": 24,
        "latitude": 50.75,
        "longitude": 15.82
      },
      {
        "index": 25,
        "latitude": 50.74,
        "longitude": 15.83
      },
      {
        "index": 26,
        "latitude": 50.73,
        "longitude": 15.83
      },
      {
        "index": 27,
        "latitude": 50.72,
        "longitude": 15.84
      },
      {
        "index": 28,
        "latitude": 50.71,
        "longitude": 15.84
      },
      {
        "index": 29,
        "latitude": 50.71,
        "longitude": 15.85
      },
      {
        "index": 30,
        "latitude": 50.69,
        "longitude": 15.86
      },
      {
        "index": 31,
        "latitude": 50.68,
        "longitude": 15.86
      },
      {
        "index": 32,
        "latitude": 50.67,
        "longitude": 15.88
      },
      {
        "index": 33,
        "latitude": 50.68,
        "longitude": 15.91
      },
      {
        "index": 34,
        "latitude": 50.69,
        "longitude": 15.93
      },
      {
        "index": 35,
        "latitude": 50.69,
        "longitude": 15.96
      },
      {
        "index": 36,
        "latitude": 50.69,
        "longitude": 15.97
      },
      {
        "index": 37,
        "latitude": 50.69,
        "longitude": 15.99
      },
      {
        "index": 38,
        "latitude": 50.69,
        "longitude": 15.99
      },
      {
        "index": 39,
        "latitude": 50.68,
        "longitude": 15.99
      },
      {
        "index": 40,
        "latitude": 50.65,
        "longitude": 16.0
      },
      {
        "index": 41,
        "latitude": 50.63,
        "longitude": 16.0
      },
      {
        "index": 42,
        "latitude": 50.62,
        "longitude": 15.99
      },
      {
        "index": 43,
        "latitude": 50.61,
        "longitude": 15.99
      },
      {
        "index": 44,
        "latitude": 50.61,
        "longitude": 16.0
      },
      {
        "index": 45,
        "latitude": 50.61,
        "longitude": 16.01
      },
      {
        "index": 46,
        "latitude": 50.61,
        "longitude": 16.03
      },
      {
        "index": 47,
        "latitude": 50.61,
        "longitude": 16.04
      },
      {
        "index": 48,
        "latitude": 50.62,
        "longitude": 16.06
      },
      {
        "index": 49,
        "latitude": 50.63,
        "longitude": 16.06
      },
      {
        "index": 50,
        "latitude": 50.64,
        "longitude": 16.07
      },
      {
        "index": 51,
        "latitude": 50.65,
        "longitude": 16.09
      },
      {
        "index": 52,
        "latitude": 50.65,
        "longitude": 16.09
      },
      {
        "index": 53,
        "latitude": 50.65,
        "longitude": 16.09
      },
      {
        "index": 54,
        "latitude": 50.58,
        "longitude": 16.06
      },
      {
        "index": 55,
        "latitude": 50.75,
        "longitude": 15.58
      },
      {
        "index": 56,
        "latitude": 50.78,
        "longitude": 15.52
      }
    ],
    "radius": 0.0,
    "shape": "polygon"
  },
  "handle": 1549204631,
  "identifier": "LKTSA42",
  "metar": {
    "lines": []
  },
  "name": "TSA42 (KRKONOu0160E)",
  "note": {
    "lines": []
  },
  "validFrom": "0001-01-01T00:00:00",
  "validTo": "0001-01-01T00:00:00",
  "thumbprint": "953f16aec3d8715faac3b22b997e9475c681de6fde42d01d6db4eda7da94e1f6",
  "web": []
},
{
  "elevationRange": {
    "ceiling": {
      "origin": "amsl",
      "units": "feets",
      "value": 19500.0
    },
    "floor": {
      "origin": "amsl",
      "units": "feets",
      "value": 9500.0
    }
  },
  "geometry": {
    "coordinates": [
      {
        "index": 1,
        "latitude": 49.98,
        "longitude": 17.27
      },
      {
        "index": 2,
        "latitude": 50.0,
        "longitude": 17.43
      },
      {
        "index": 3,
        "latitude": 50.01,
        "longitude": 17.62
      },
      {
        "index": 4,
        "latitude": 49.89,
        "longitude": 17.75
      },
      {
        "index": 5,
        "latitude": 49.78,
        "longitude": 17.73
      },
      {
        "index": 6,
        "latitude": 49.78,
        "longitude": 17.54
      },
      {
        "index": 7,
        "latitude": 49.98,
        "longitude": 17.27
      }
    ],
    "radius": 0.0,
    "shape": "polygon"
  },
  "handle": 3507191096,
  "identifier": "LKTSA47",
  "metar": {
    "lines": []
  },
  "name": "TSA47 (BRUNTu00c1L)",
  "note": {
    "lines": []
  },
  "validFrom": "0001-01-01T00:00:00",
  "validTo": "0001-01-01T00:00:00",
  "thumbprint": "5a4244bc6db9cd844369394c99b1ec2fdf34edb428a3a55b3b89605cac2f0ad9",
  "web": []
},
{
  "elevationRange": {
    "ceiling": {
      "origin": "amsl",
      "units": "feets",
      "value": 66000.0
    },
    "floor": {
      "origin": "amsl",
      "units": "feets",
      "value": 0.0
    }
  },
  "geometry": {
    "coordinates": [
      {
        "index": 1,
        "latitude": 49.58,
        "longitude": 16.96
      },
      {
        "index": 2,
        "latitude": 49.55,
        "longitude": 17.06
      },
      {
        "index": 3,
        "latitude": 49.41,
        "longitude": 17.15
      },
      {
        "index": 4,
        "latitude": 49.38,
        "longitude": 17.15
      },
      {
        "index": 5,
        "latitude": 49.31,
        "longitude": 17.12
      },
      {
        "index": 6,
        "latitude": 49.25,
        "longitude": 17.06
      },
      {
        "index": 7,
        "latitude": 49.23,
        "longitude": 16.99
      },
      {
        "index": 8,
        "latitude": 49.25,
        "longitude": 16.85
      },
      {
        "index": 9,
        "latitude": 49.29,
        "longitude": 16.8
      },
      {
        "index": 10,
        "latitude": 49.41,
        "longitude": 16.77
      },
      {
        "index": 11,
        "latitude": 49.47,
        "longitude": 16.74
      },
      {
        "index": 12,
        "latitude": 49.53,
        "longitude": 16.78
      },
      {
        "index": 13,
        "latitude": 49.58,
        "longitude": 16.96
      }
    ],
    "radius": 0.0,
    "shape": "polygon"
  },
  "handle": 3977758795,
  "identifier": "LKTSA2Z",
  "metar": {
    "lines": []
  },
  "name": "TSA2Z",
  "note": {
    "lines": []
  },
  "validFrom": "0001-01-01T00:00:00",
  "validTo": "0001-01-01T00:00:00",
  "thumbprint": "9075ec4c73946d53d2f03af62807aeb2dc8ce5b3967832ac2261a6e2360054ac",
  "web": []
},
{
  "elevationRange": {
    "ceiling": {
      "origin": "amsl",
      "units": "feets",
      "value": 1000.0
    },
    "floor": {
      "origin": "amsl",
      "units": "feets",
      "value": 300.0
    }
  },
  "geometry": {
    "coordinates": [
      {
        "index": 1,
        "latitude": 49.84,
        "longitude": 15.62
      },
      {
        "index": 2,
        "latitude": 49.77,
        "longitude": 15.85
      },
      {
        "index": 3,
        "latitude": 49.56,
        "longitude": 16.22
      },
      {
        "index": 4,
        "latitude": 49.51,
        "longitude": 16.11
      },
      {
        "index": 5,
        "latitude": 49.75,
        "longitude": 15.7
      },
      {
        "index": 6,
        "latitude": 49.78,
        "longitude": 15.52
      },
      {
        "index": 7,
        "latitude": 49.84,
        "longitude": 15.62
      }
    ],
    "radius": 0.0,
    "shape": "polygon"
  },
  "handle": 3247486102,
  "identifier": "LKTSA20",
  "metar": {
    "lines": []
  },
  "name": "TSA20 (u017dDu00cdREC)",
  "note": {
    "lines": []
  },
  "validFrom": "0001-01-01T00:00:00",
  "validTo": "0001-01-01T00:00:00",
  "thumbprint": "0ef728b2899a9d8f1a370357765ab7d1803181fdb67cf2c6b0b1785b23e085ce",
  "web": []
},
{
  "elevationRange": {
    "ceiling": {
      "origin": "amsl",
      "units": "feets",
      "value": 66000.0
    },
    "floor": {
      "origin": "amsl",
      "units": "feets",
      "value": 0.0
    }
  },
  "geometry": {
    "coordinates": [
      {
        "index": 1,
        "latitude": 49.86,
        "longitude": 17.54
      },
      {
        "index": 2,
        "latitude": 49.84,
        "longitude": 17.73
      },
      {
        "index": 3,
        "latitude": 49.82,
        "longitude": 17.79
      },
      {
        "index": 4,
        "latitude": 49.72,
        "longitude": 17.86
      },
      {
        "index": 5,
        "latitude": 49.66,
        "longitude": 17.84
      },
      {
        "index": 6,
        "latitude": 49.61,
        "longitude": 17.76
      },
      {
        "index": 7,
        "latitude": 49.54,
        "longitude": 17.75
      },
      {
        "index": 8,
        "latitude": 49.5,
        "longitude": 17.7
      },
      {
        "index": 9,
        "latitude": 49.47,
        "longitude": 17.55
      },
      {
        "index": 10,
        "latitude": 49.47,
        "longitude": 17.51
      },
      {
        "index": 11,
        "latitude": 49.48,
        "longitude": 17.47
      },
      {
        "index": 12,
        "latitude": 49.5,
        "longitude": 17.42
      },
      {
        "index": 13,
        "latitude": 49.53,
        "longitude": 17.31
      },
      {
        "index": 14,
        "latitude": 49.59,
        "longitude": 17.26
      },
      {
        "index": 15,
        "latitude": 49.78,
        "longitude": 17.32
      },
      {
        "index": 16,
        "latitude": 49.81,
        "longitude": 17.36
      },
      {
        "index": 17,
        "latitude": 49.86,
        "longitude": 17.5
      },
      {
        "index": 18,
        "latitude": 49.86,
        "longitude": 17.54
      }
    ],
    "radius": 0.0,
    "shape": "polygon"
  },
  "handle": 1658779104,
  "identifier": "LKTSA3Z",
  "metar": {
    "lines": []
  },
  "name": "TSA3Z",
  "note": {
    "lines": []
  },
  "validFrom": "0001-01-01T00:00:00",
  "validTo": "0001-01-01T00:00:00",
  "thumbprint": "85042e5f1be254da532349650cab6e84d47fad6406890cec7b76ff29060ad688",
  "web": []
},
{
  "elevationRange": {
    "ceiling": {
      "origin": "amsl",
      "units": "feets",
      "value": 21500.0
    },
    "floor": {
      "origin": "amsl",
      "units": "feets",
      "value": 9500.0
    }
  },
  "geometry": {
    "coordinates": [
      {
        "index": 1,
        "latitude": 50.46,
        "longitude": 17.21
      },
      {
        "index": 2,
        "latitude": 50.45,
        "longitude": 17.28
      },
      {
        "index": 3,
        "latitude": 50.41,
        "longitude": 17.33
      },
      {
        "index": 4,
        "latitude": 50.41,
        "longitude": 17.4
      },
      {
        "index": 5,
        "latitude": 50.35,
        "longitude": 17.48
      },
      {
        "index": 6,
        "latitude": 50.29,
        "longitude": 17.58
      },
      {
        "index": 7,
        "latitude": 50.19,
        "longitude": 17.57
      },
      {
        "index": 8,
        "latitude": 50.02,
        "longitude": 17.77
      },
      {
        "index": 9,
        "latitude": 49.93,
        "longitude": 17.71
      },
      {
        "index": 10,
        "latitude": 49.91,
        "longitude": 17.41
      },
      {
        "index": 11,
        "latitude": 49.93,
        "longitude": 17.34
      },
      {
        "index": 12,
        "latitude": 50.19,
        "longitude": 17.07
      },
      {
        "index": 13,
        "latitude": 50.21,
        "longitude": 17.06
      },
      {
        "index": 14,
        "latitude": 50.41,
        "longitude": 17.07
      },
      {
        "index": 15,
        "latitude": 50.46,
        "longitude": 17.21
      }
    ],
    "radius": 0.0,
    "shape": "polygon"
  },
  "handle": 26712396,
  "identifier": "LKTSA46Z",
  "metar": {
    "lines": []
  },
  "name": "LKTSA46Z",
  "note": {
    "lines": []
  },
  "validFrom": "0001-01-01T00:00:00",
  "validTo": "0001-01-01T00:00:00",
  "thumbprint": "e725da65a5b18f9c0852794e5476fb892b8e87d3b0f17858d6183bf6db54f540",
  "web": []
},
{
  "elevationRange": {
    "ceiling": {
      "origin": "amsl",
      "units": "feets",
      "value": 1000.0
    },
    "floor": {
      "origin": "amsl",
      "units": "feets",
      "value": 300.0
    }
  },
  "geometry": {
    "coordinates": [
      {
        "index": 1,
        "latitude": 49.75,
        "longitude": 16.68
      },
      {
        "index": 2,
        "latitude": 49.71,
        "longitude": 17.39
      },
      {
        "index": 3,
        "latitude": 49.74,
        "longitude": 17.44
      },
      {
        "index": 4,
        "latitude": 49.63,
        "longitude": 17.41
      },
      {
        "index": 5,
        "latitude": 49.67,
        "longitude": 16.75
      },
      {
        "index": 6,
        "latitude": 49.5,
        "longitude": 16.32
      },
      {
        "index": 7,
        "latitude": 49.45,
        "longitude": 16.2
      },
      {
        "index": 8,
        "latitude": 49.51,
        "longitude": 16.11
      },
      {
        "index": 9,
        "latitude": 49.56,
        "longitude": 16.22
      },
      {
        "index": 10,
        "latitude": 49.72,
        "longitude": 16.59
      },
      {
        "index": 11,
        "latitude": 49.75,
        "longitude": 16.68
      }
    ],
    "radius": 0.0,
    "shape": "polygon"
  },
  "handle": 3133874182,
  "identifier": "LKTSA24",
  "metar": {
    "lines": []
  },
  "name": "TSA24 (LITOVEL)",
  "note": {
    "lines": []
  },
  "validFrom": "0001-01-01T00:00:00",
  "validTo": "0001-01-01T00:00:00",
  "thumbprint": "61dad19b8199ae35999013877fcfa0c32a4acf26b84e92fe923ae251821788dc",
  "web": []
},
{
  "elevationRange": {
    "ceiling": {
      "origin": "amsl",
      "units": "feets",
      "value": 22500.0
    },
    "floor": {
      "origin": "amsl",
      "units": "feets",
      "value": 9500.0
    }
  },
  "geometry": {
    "coordinates": [
      {
        "index": 1,
        "latitude": 50.71,
        "longitude": 15.97
      },
      {
        "index": 2,
        "latitude": 50.76,
        "longitude": 16.09
      },
      {
        "index": 3,
        "latitude": 50.75,
        "longitude": 16.15
      },
      {
        "index": 4,
        "latitude": 50.76,
        "longitude": 16.22
      },
      {
        "index": 5,
        "latitude": 50.73,
        "longitude": 16.42
      },
      {
        "index": 6,
        "latitude": 50.63,
        "longitude": 16.57
      },
      {
        "index": 7,
        "latitude": 50.58,
        "longitude": 16.58
      },
      {
        "index": 8,
        "latitude": 50.48,
        "longitude": 16.51
      },
      {
        "index": 9,
        "latitude": 50.45,
        "longitude": 16.48
      },
      {
        "index": 10,
        "latitude": 50.39,
        "longitude": 16.5
      },
      {
        "index": 11,
        "latitude": 50.27,
        "longitude": 16.67
      },
      {
        "index": 12,
        "latitude": 50.22,
        "longitude": 16.7
      },
      {
        "index": 13,
        "latitude": 50.16,
        "longitude": 16.66
      },
      {
        "index": 14,
        "latitude": 50.1,
        "longitude": 16.51
      },
      {
        "index": 15,
        "latitude": 50.11,
        "longitude": 16.42
      },
      {
        "index": 16,
        "latitude": 50.41,
        "longitude": 16.04
      },
      {
        "index": 17,
        "latitude": 50.45,
        "longitude": 16.03
      },
      {
        "index": 18,
        "latitude": 50.49,
        "longitude": 16.05
      },
      {
        "index": 19,
        "latitude": 50.5,
        "longitude": 15.99
      },
      {
        "index": 20,
        "latitude": 50.56,
        "longitude": 15.92
      },
      {
        "index": 21,
        "latitude": 50.71,
        "longitude": 15.97
      }
    ],
    "radius": 0.0,
    "shape": "polygon"
  },
  "handle": 1022754106,
  "identifier": "LKTSA43Z",
  "metar": {
    "lines": []
  },
  "name": "TSA43Z",
  "note": {
    "lines": []
  },
  "validFrom": "0001-01-01T00:00:00",
  "validTo": "0001-01-01T00:00:00",
  "thumbprint": "3f84405a26d39a4b25545d6f88d315c27c760a66936fb7c5a3d460bc98cb6a0b",
  "web": []
},
{
  "elevationRange": {
    "ceiling": {
      "origin": "amsl",
      "units": "feets",
      "value": 1000.0
    },
    "floor": {
      "origin": "amsl",
      "units": "feets",
      "value": 300.0
    }
  },
  "geometry": {
    "coordinates": [
      {
        "index": 1,
        "latitude": 49.84,
        "longitude": 15.62
      },
      {
        "index": 2,
        "latitude": 49.76,
        "longitude": 15.65
      },
      {
        "index": 3,
        "latitude": 49.67,
        "longitude": 15.56
      },
      {
        "index": 4,
        "latitude": 49.62,
        "longitude": 15.46
      },
      {
        "index": 5,
        "latitude": 49.52,
        "longitude": 15.45
      },
      {
        "index": 6,
        "latitude": 49.37,
        "longitude": 15.28
      },
      {
        "index": 7,
        "latitude": 49.24,
        "longitude": 14.92
      },
      {
        "index": 8,
        "latitude": 49.17,
        "longitude": 14.9
      },
      {
        "index": 9,
        "latitude": 49.11,
        "longitude": 14.87
      },
      {
        "index": 10,
        "latitude": 49.12,
        "longitude": 14.78
      },
      {
        "index": 11,
        "latitude": 49.26,
        "longitude": 14.83
      },
      {
        "index": 12,
        "latitude": 49.41,
        "longitude": 15.24
      },
      {
        "index": 13,
        "latitude": 49.54,
        "longitude": 15.37
      },
      {
        "index": 14,
        "latitude": 49.66,
        "longitude": 15.38
      },
      {
        "index": 15,
        "latitude": 49.72,
        "longitude": 15.52
      },
      {
        "index": 16,
        "latitude": 49.78,
        "longitude": 15.52
      },
      {
        "index": 17,
        "latitude": 49.84,
        "longitude": 15.62
      }
    ],
    "radius": 0.0,
    "shape": "polygon"
  },
  "handle": 2271740917,
  "identifier": "LKTSA27",
  "metar": {
    "lines": []
  },
  "name": "TSA27 (HUMPOLEC)",
  "note": {
    "lines": []
  },
  "validFrom": "0001-01-01T00:00:00",
  "validTo": "0001-01-01T00:00:00",
  "thumbprint": "8856801688ae1987c8f0e06dcb5be994f57297d44a6d82e7855c354b19edf353",
  "web": []
},
{
  "elevationRange": {
    "ceiling": {
      "origin": "amsl",
      "units": "feets",
      "value": 66000.0
    },
    "floor": {
      "origin": "amsl",
      "units": "feets",
      "value": 0.0
    }
  },
  "geometry": {
    "coordinates": [
      {
        "index": 1,
        "latitude": 50.45,
        "longitude": 13.1
      },
      {
        "index": 2,
        "latitude": 50.43,
        "longitude": 13.3
      },
      {
        "index": 3,
        "latitude": 50.38,
        "longitude": 13.36
      },
      {
        "index": 4,
        "latitude": 50.31,
        "longitude": 13.36
      },
      {
        "index": 5,
        "latitude": 50.29,
        "longitude": 13.36
      },
      {
        "index": 6,
        "latitude": 50.21,
        "longitude": 13.4
      },
      {
        "index": 7,
        "latitude": 50.15,
        "longitude": 13.36
      },
      {
        "index": 8,
        "latitude": 50.11,
        "longitude": 13.21
      },
      {
        "index": 9,
        "latitude": 50.1,
        "longitude": 13.12
      },
      {
        "index": 10,
        "latitude": 50.1,
        "longitude": 13.09
      },
      {
        "index": 11,
        "latitude": 50.12,
        "longitude": 12.98
      },
      {
        "index": 12,
        "latitude": 50.12,
        "longitude": 12.96
      },
      {
        "index": 13,
        "latitude": 50.14,
        "longitude": 12.92
      },
      {
        "index": 14,
        "latitude": 50.18,
        "longitude": 12.89
      },
      {
        "index": 15,
        "latitude": 50.23,
        "longitude": 12.89
      },
      {
        "index": 16,
        "latitude": 50.31,
        "longitude": 12.89
      },
      {
        "index": 17,
        "latitude": 50.33,
        "longitude": 12.9
      },
      {
        "index": 18,
        "latitude": 50.38,
        "longitude": 12.94
      },
      {
        "index": 19,
        "latitude": 50.4,
        "longitude": 12.96
      },
      {
        "index": 20,
        "latitude": 50.44,
        "longitude": 13.05
      },
      {
        "index": 21,
        "latitude": 50.45,
        "longitude": 13.1
      }
    ],
    "radius": 0.0,
    "shape": "polygon"
  },
  "handle": 1273393605,
  "identifier": "LKTSA4Z",
  "metar": {
    "lines": []
  },
  "name": "TSA4Z",
  "note": {
    "lines": []
  },
  "validFrom": "0001-01-01T00:00:00",
  "validTo": "0001-01-01T00:00:00",
  "thumbprint": "baec2690df08f0ecbf4a9db1bb87bd81d3c7d7a68f496f891e65dbbba40c6863",
  "web": []
},
{
  "elevationRange": {
    "ceiling": {
      "origin": "amsl",
      "units": "feets",
      "value": 23500.0
    },
    "floor": {
      "origin": "amsl",
      "units": "feets",
      "value": 9500.0
    }
  },
  "geometry": {
    "coordinates": [
      {
        "index": 1,
        "latitude": 50.1,
        "longitude": 16.71
      },
      {
        "index": 2,
        "latitude": 50.1,
        "longitude": 16.7
      },
      {
        "index": 3,
        "latitude": 50.12,
        "longitude": 16.73
      },
      {
        "index": 4,
        "latitude": 50.13,
        "longitude": 16.74
      },
      {
        "index": 5,
        "latitude": 50.13,
        "longitude": 16.76
      },
      {
        "index": 6,
        "latitude": 50.14,
        "longitude": 16.77
      },
      {
        "index": 7,
        "latitude": 50.16,
        "longitude": 16.79
      },
      {
        "index": 8,
        "latitude": 50.18,
        "longitude": 16.8
      },
      {
        "index": 9,
        "latitude": 50.18,
        "longitude": 16.8
      },
      {
        "index": 10,
        "latitude": 50.19,
        "longitude": 16.82
      },
      {
        "index": 11,
        "latitude": 50.2,
        "longitude": 16.82
      },
      {
        "index": 12,
        "latitude": 50.21,
        "longitude": 16.84
      },
      {
        "index": 13,
        "latitude": 50.21,
        "longitude": 16.85
      },
      {
        "index": 14,
        "latitude": 50.2,
        "longitude": 16.87
      },
      {
        "index": 15,
        "latitude": 50.2,
        "longitude": 16.88
      },
      {
        "index": 16,
        "latitude": 50.22,
        "longitude": 16.89
      },
      {
        "index": 17,
        "latitude": 50.22,
        "longitude": 16.91
      },
      {
        "index": 18,
        "latitude": 50.22,
        "longitude": 16.91
      },
      {
        "index": 19,
        "latitude": 50.22,
        "longitude": 16.92
      },
      {
        "index": 20,
        "latitude": 50.22,
        "longitude": 16.94
      },
      {
        "index": 21,
        "latitude": 50.23,
        "longitude": 16.95
      },
      {
        "index": 22,
        "latitude": 50.23,
        "longitude": 16.96
      },
      {
        "index": 23,
        "latitude": 50.24,
        "longitude": 16.95
      },
      {
        "index": 24,
        "latitude": 50.24,
        "longitude": 16.97
      },
      {
        "index": 25,
        "latitude": 50.23,
        "longitude": 16.98
      },
      {
        "index": 26,
        "latitude": 50.22,
        "longitude": 16.99
      },
      {
        "index": 27,
        "latitude": 50.22,
        "longitude": 17.0
      },
      {
        "index": 28,
        "latitude": 50.22,
        "longitude": 17.02
      },
      {
        "index": 29,
        "latitude": 50.23,
        "longitude": 17.02
      },
      {
        "index": 30,
        "latitude": 50.25,
        "longitude": 17.01
      },
      {
        "index": 31,
        "latitude": 50.26,
        "longitude": 17.0
      },
      {
        "index": 32,
        "latitude": 50.27,
        "longitude": 17.01
      },
      {
        "index": 33,
        "latitude": 50.29,
        "longitude": 17.01
      },
      {
        "index": 34,
        "latitude": 50.3,
        "longitude": 17.0
      },
      {
        "index": 35,
        "latitude": 50.31,
        "longitude": 16.97
      },
      {
        "index": 36,
        "latitude": 50.31,
        "longitude": 16.94
      },
      {
        "index": 37,
        "latitude": 50.33,
        "longitude": 16.93
      },
      {
        "index": 38,
        "latitude": 50.34,
        "longitude": 16.93
      },
      {
        "index": 39,
        "latitude": 50.35,
        "longitude": 16.92
      },
      {
        "index": 40,
        "latitude": 50.36,
        "longitude": 16.91
      },
      {
        "index": 41,
        "latitude": 50.37,
        "longitude": 16.91
      },
      {
        "index": 42,
        "latitude": 50.38,
        "longitude": 16.91
      },
      {
        "index": 43,
        "latitude": 50.39,
        "longitude": 16.89
      },
      {
        "index": 44,
        "latitude": 50.4,
        "longitude": 16.87
      },
      {
        "index": 45,
        "latitude": 50.41,
        "longitude": 16.86
      },
      {
        "index": 46,
        "latitude": 50.43,
        "longitude": 16.88
      },
      {
        "index": 47,
        "latitude": 50.44,
        "longitude": 16.88
      },
      {
        "index": 48,
        "latitude": 50.44,
        "longitude": 16.89
      },
      {
        "index": 49,
        "latitude": 50.45,
        "longitude": 16.91
      },
      {
        "index": 50,
        "latitude": 50.44,
        "longitude": 16.94
      },
      {
        "index": 51,
        "latitude": 50.43,
        "longitude": 16.96
      },
      {
        "index": 52,
        "latitude": 50.42,
        "longitude": 16.99
      },
      {
        "index": 53,
        "latitude": 50.42,
        "longitude": 17.0
      },
      {
        "index": 54,
        "latitude": 50.42,
        "longitude": 17.02
      },
      {
        "index": 55,
        "latitude": 50.41,
        "longitude": 17.03
      },
      {
        "index": 56,
        "latitude": 50.4,
        "longitude": 17.04
      },
      {
        "index": 57,
        "latitude": 50.41,
        "longitude": 17.05
      },
      {
        "index": 58,
        "latitude": 50.4,
        "longitude": 17.07
      },
      {
        "index": 59,
        "latitude": 50.41,
        "longitude": 17.1
      },
      {
        "index": 60,
        "latitude": 50.39,
        "longitude": 17.11
      },
      {
        "index": 61,
        "latitude": 50.39,
        "longitude": 17.11
      },
      {
        "index": 62,
        "latitude": 50.39,
        "longitude": 17.12
      },
      {
        "index": 63,
        "latitude": 50.38,
        "longitude": 17.14
      },
      {
        "index": 64,
        "latitude": 50.38,
        "longitude": 17.15
      },
      {
        "index": 65,
        "latitude": 50.38,
        "longitude": 17.15
      },
      {
        "index": 66,
        "latitude": 50.38,
        "longitude": 17.17
      },
      {
        "index": 67,
        "latitude": 50.38,
        "longitude": 17.18
      },
      {
        "index": 68,
        "latitude": 50.39,
        "longitude": 17.19
      },
      {
        "index": 69,
        "latitude": 50.38,
        "longitude": 17.2
      },
      {
        "index": 70,
        "latitude": 50.38,
        "longitude": 17.19
      },
      {
        "index": 71,
        "latitude": 50.38,
        "longitude": 17.19
      },
      {
        "index": 72,
        "latitude": 50.37,
        "longitude": 17.18
      },
      {
        "index": 73,
        "latitude": 50.36,
        "longitude": 17.2
      },
      {
        "index": 74,
        "latitude": 50.36,
        "longitude": 17.2
      },
      {
        "index": 75,
        "latitude": 50.22,
        "longitude": 17.2
      },
      {
        "index": 76,
        "latitude": 50.0,
        "longitude": 17.43
      },
      {
        "index": 77,
        "latitude": 49.98,
        "longitude": 17.27
      },
      {
        "index": 78,
        "latitude": 50.18,
        "longitude": 17.05
      },
      {
        "index": 79,
        "latitude": 50.05,
        "longitude": 16.73
      },
      {
        "index": 80,
        "latitude": 50.1,
        "longitude": 16.71
      }
    ],
    "radius": 0.0,
    "shape": "polygon"
  },
  "handle": 328652465,
  "identifier": "LKTSA44",
  "metar": {
    "lines": []
  },
  "name": "TSA44 (JESENu00cdKY)",
  "note": {
    "lines": []
  },
  "validFrom": "0001-01-01T00:00:00",
  "validTo": "0001-01-01T00:00:00",
  "thumbprint": "56763019a7500a1eeeab48ae0f82e89e53272f5e57ad3a181927afbffc4a1764",
  "web": []
},
{
  "elevationRange": {
    "ceiling": {
      "origin": "amsl",
      "units": "feets",
      "value": 18500.0
    },
    "floor": {
      "origin": "amsl",
      "units": "feets",
      "value": 9500.0
    }
  },
  "geometry": {
    "coordinates": [
      {
        "index": 1,
        "latitude": 50.36,
        "longitude": 17.7
      },
      {
        "index": 2,
        "latitude": 50.23,
        "longitude": 17.88
      },
      {
        "index": 3,
        "latitude": 50.14,
        "longitude": 17.85
      },
      {
        "index": 4,
        "latitude": 50.11,
        "longitude": 17.87
      },
      {
        "index": 5,
        "latitude": 50.07,
        "longitude": 17.9
      },
      {
        "index": 6,
        "latitude": 50.03,
        "longitude": 17.92
      },
      {
        "index": 7,
        "latitude": 49.82,
        "longitude": 17.87
      },
      {
        "index": 8,
        "latitude": 49.8,
        "longitude": 17.7
      },
      {
        "index": 9,
        "latitude": 50.13,
        "longitude": 17.32
      },
      {
        "index": 10,
        "latitude": 50.15,
        "longitude": 17.31
      },
      {
        "index": 11,
        "latitude": 50.27,
        "longitude": 17.31
      },
      {
        "index": 12,
        "latitude": 50.3,
        "longitude": 17.33
      },
      {
        "index": 13,
        "latitude": 50.34,
        "longitude": 17.39
      },
      {
        "index": 14,
        "latitude": 50.35,
        "longitude": 17.44
      },
      {
        "index": 15,
        "latitude": 50.36,
        "longitude": 17.57
      },
      {
        "index": 16,
        "latitude": 50.36,
        "longitude": 17.7
      }
    ],
    "radius": 0.0,
    "shape": "polygon"
  },
  "handle": 177072336,
  "identifier": "LKTSA49Z",
  "metar": {
    "lines": []
  },
  "name": "TSA49Z",
  "note": {
    "lines": []
  },
  "validFrom": "0001-01-01T00:00:00",
  "validTo": "0001-01-01T00:00:00",
  "thumbprint": "9140262bffeb14a99c83a377afaa67e58948a2d8098f53126e9ca74a94bfc1da",
  "web": []
},
{
  "elevationRange": {
    "ceiling": {
      "origin": "amsl",
      "units": "feets",
      "value": 1000.0
    },
    "floor": {
      "origin": "amsl",
      "units": "feets",
      "value": 300.0
    }
  },
  "geometry": {
    "coordinates": [
      {
        "index": 1,
        "latitude": 49.96,
        "longitude": 15.2
      },
      {
        "index": 2,
        "latitude": 49.93,
        "longitude": 15.2
      },
      {
        "index": 3,
        "latitude": 49.9,
        "longitude": 15.25
      },
      {
        "index": 4,
        "latitude": 49.84,
        "longitude": 15.13
      },
      {
        "index": 5,
        "latitude": 49.62,
        "longitude": 15.06
      },
      {
        "index": 6,
        "latitude": 49.51,
        "longitude": 14.69
      },
      {
        "index": 7,
        "latitude": 49.46,
        "longitude": 14.4
      },
      {
        "index": 8,
        "latitude": 49.51,
        "longitude": 14.42
      },
      {
        "index": 9,
        "latitude": 49.56,
        "longitude": 14.67
      },
      {
        "index": 10,
        "latitude": 49.67,
        "longitude": 14.98
      },
      {
        "index": 11,
        "latitude": 49.88,
        "longitude": 15.06
      },
      {
        "index": 12,
        "latitude": 49.96,
        "longitude": 15.2
      }
    ],
    "radius": 0.0,
    "shape": "polygon"
  },
  "handle": 2767405876,
  "identifier": "LKTSA26",
  "metar": {
    "lines": []
  },
  "name": "TSA26 (PRAVONIN)",
  "note": {
    "lines": []
  },
  "validFrom": "0001-01-01T00:00:00",
  "validTo": "0001-01-01T00:00:00",
  "thumbprint": "dfb86f246709a660085c8f25a0fe859f3b05ebb448575aab263daad8f37f7077",
  "web": []
},
{
  "elevationRange": {
    "ceiling": {
      "origin": "amsl",
      "units": "feets",
      "value": 23500.0
    },
    "floor": {
      "origin": "amsl",
      "units": "feets",
      "value": 9500.0
    }
  },
  "geometry": {
    "coordinates": [
      {
        "index": 1,
        "latitude": 50.54,
        "longitude": 16.91
      },
      {
        "index": 2,
        "latitude": 50.51,
        "longitude": 17.01
      },
      {
        "index": 3,
        "latitude": 50.46,
        "longitude": 17.29
      },
      {
        "index": 4,
        "latitude": 50.41,
        "longitude": 17.34
      },
      {
        "index": 5,
        "latitude": 50.25,
        "longitude": 17.33
      },
      {
        "index": 6,
        "latitude": 50.0,
        "longitude": 17.58
      },
      {
        "index": 7,
        "latitude": 49.92,
        "longitude": 17.52
      },
      {
        "index": 8,
        "latitude": 49.9,
        "longitude": 17.25
      },
      {
        "index": 9,
        "latitude": 49.92,
        "longitude": 17.18
      },
      {
        "index": 10,
        "latitude": 50.07,
        "longitude": 17.01
      },
      {
        "index": 11,
        "latitude": 49.96,
        "longitude": 16.75
      },
      {
        "index": 12,
        "latitude": 49.98,
        "longitude": 16.63
      },
      {
        "index": 13,
        "latitude": 50.09,
        "longitude": 16.57
      },
      {
        "index": 14,
        "latitude": 50.16,
        "longitude": 16.6
      },
      {
        "index": 15,
        "latitude": 50.28,
        "longitude": 16.78
      },
      {
        "index": 16,
        "latitude": 50.29,
        "longitude": 16.84
      },
      {
        "index": 17,
        "latitude": 50.39,
        "longitude": 16.73
      },
      {
        "index": 18,
        "latitude": 50.44,
        "longitude": 16.73
      },
      {
        "index": 19,
        "latitude": 50.52,
        "longitude": 16.83
      },
      {
        "index": 20,
        "latitude": 50.54,
        "longitude": 16.91
      }
    ],
    "radius": 0.0,
    "shape": "polygon"
  },
  "handle": 1802994021,
  "identifier": "LKTSA44Z",
  "metar": {
    "lines": []
  },
  "name": "TSA44Z",
  "note": {
    "lines": []
  },
  "validFrom": "0001-01-01T00:00:00",
  "validTo": "0001-01-01T00:00:00",
  "thumbprint": "2a1e167d155c252eb35f340cb65bdd1b87b0315cffbd813d8f5ef42b6e303e2c",
  "web": []
}
]