[
{
  "elevationRange": {
    "ceiling": {
      "origin": "amsl",
      "units": "feets",
      "value": 3500.0
    },
    "floor": {
      "origin": "amsl",
      "units": "feets",
      "value": 0.0
    }
  },
  "geometry": {
    "coordinates": [
      {
        "index": 1,
        "latitude": 50.32,
        "longitude": 12.72
      },
      {
        "index": 2,
        "latitude": 50.2,
        "longitude": 13.18
      },
      {
        "index": 3,
        "latitude": 50.1,
        "longitude": 13.11
      },
      {
        "index": 4,
        "latitude": 50.13,
        "longitude": 13.02
      },
      {
        "index": 5,
        "latitude": 50.13,
        "longitude": 13.01
      },
      {
        "index": 6,
        "latitude": 50.12,
        "longitude": 13.0
      },
      {
        "index": 7,
        "latitude": 50.12,
        "longitude": 12.99
      },
      {
        "index": 8,
        "latitude": 50.11,
        "longitude": 12.98
      },
      {
        "index": 9,
        "latitude": 50.11,
        "longitude": 12.96
      },
      {
        "index": 10,
        "latitude": 50.11,
        "longitude": 12.95
      },
      {
        "index": 11,
        "latitude": 50.1,
        "longitude": 12.94
      },
      {
        "index": 12,
        "latitude": 50.1,
        "longitude": 12.92
      },
      {
        "index": 13,
        "latitude": 50.1,
        "longitude": 12.91
      },
      {
        "index": 14,
        "latitude": 50.1,
        "longitude": 12.89
      },
      {
        "index": 15,
        "latitude": 50.11,
        "longitude": 12.88
      },
      {
        "index": 16,
        "latitude": 50.11,
        "longitude": 12.87
      },
      {
        "index": 17,
        "latitude": 50.11,
        "longitude": 12.85
      },
      {
        "index": 18,
        "latitude": 50.12,
        "longitude": 12.84
      },
      {
        "index": 19,
        "latitude": 50.12,
        "longitude": 12.83
      },
      {
        "index": 20,
        "latitude": 50.12,
        "longitude": 12.82
      },
      {
        "index": 21,
        "latitude": 50.13,
        "longitude": 12.81
      },
      {
        "index": 22,
        "latitude": 50.14,
        "longitude": 12.8
      },
      {
        "index": 23,
        "latitude": 50.14,
        "longitude": 12.79
      },
      {
        "index": 24,
        "latitude": 50.15,
        "longitude": 12.78
      },
      {
        "index": 25,
        "latitude": 50.16,
        "longitude": 12.77
      },
      {
        "index": 26,
        "latitude": 50.17,
        "longitude": 12.77
      },
      {
        "index": 27,
        "latitude": 50.18,
        "longitude": 12.76
      },
      {
        "index": 28,
        "latitude": 50.19,
        "longitude": 12.76
      },
      {
        "index": 29,
        "latitude": 50.2,
        "longitude": 12.76
      },
      {
        "index": 30,
        "latitude": 50.23,
        "longitude": 12.66
      },
      {
        "index": 31,
        "latitude": 50.32,
        "longitude": 12.72
      }
    ],
    "radius": 0.0,
    "shape": "polygon"
  },
  "handle": 767027883,
  "identifier": "LKKV",
  "name": "CTR KARLOVY VARY",
  "note": {
    "lines": []
  },
  "validFrom": "0001-01-01T00:00:00",
  "validTo": "0001-01-01T00:00:00",
  "thumbprint": "9c35865a40b47130f59f6fd053c414156f7508f956f84ae00fce895a5dec6cb7",
  "web": []
},
{
  "elevationRange": {
    "ceiling": {
      "origin": "amsl",
      "units": "feets",
      "value": 3500.0
    },
    "floor": {
      "origin": "amsl",
      "units": "feets",
      "value": 0.0
    }
  },
  "geometry": {
    "coordinates": [
      {
        "index": 1,
        "latitude": 50.31,
        "longitude": 14.34
      },
      {
        "index": 2,
        "latitude": 50.23,
        "longitude": 14.57
      },
      {
        "index": 3,
        "latitude": 50.18,
        "longitude": 14.55
      },
      {
        "index": 4,
        "latitude": 50.22,
        "longitude": 14.25
      },
      {
        "index": 5,
        "latitude": 50.29,
        "longitude": 14.27
      },
      {
        "index": 6,
        "latitude": 50.31,
        "longitude": 14.34
      }
    ],
    "radius": 0.0,
    "shape": "polygon"
  },
  "handle": 4129153830,
  "identifier": "LKVO",
  "name": "CTR VODOCHODY",
  "note": {
    "lines": []
  },
  "validFrom": "0001-01-01T00:00:00",
  "validTo": "0001-01-01T00:00:00",
  "thumbprint": "8f0445d7b2167f4e2d6b0107b674eed9a047fb22d774bb7984d6c9ee628a086e",
  "web": []
},
{
  "elevationRange": {
    "ceiling": {
      "origin": "amsl",
      "units": "feets",
      "value": 2000.0
    },
    "floor": {
      "origin": "amsl",
      "units": "feets",
      "value": 0.0
    }
  },
  "geometry": {
    "coordinates": [
      {
        "index": 1,
        "latitude": 50.22,
        "longitude": 14.79
      },
      {
        "index": 2,
        "latitude": 50.15,
        "longitude": 14.83
      },
      {
        "index": 3,
        "latitude": 49.98,
        "longitude": 14.62
      },
      {
        "index": 4,
        "latitude": 50.02,
        "longitude": 14.55
      },
      {
        "index": 5,
        "latitude": 50.05,
        "longitude": 14.48
      },
      {
        "index": 6,
        "latitude": 50.07,
        "longitude": 14.43
      },
      {
        "index": 7,
        "latitude": 50.11,
        "longitude": 14.43
      },
      {
        "index": 8,
        "latitude": 50.15,
        "longitude": 14.56
      },
      {
        "index": 9,
        "latitude": 50.17,
        "longitude": 14.55
      },
      {
        "index": 10,
        "latitude": 50.2,
        "longitude": 14.64
      },
      {
        "index": 11,
        "latitude": 50.18,
        "longitude": 14.66
      },
      {
        "index": 12,
        "latitude": 50.19,
        "longitude": 14.69
      },
      {
        "index": 13,
        "latitude": 50.22,
        "longitude": 14.79
      }
    ],
    "radius": 0.0,
    "shape": "polygon"
  },
  "handle": 436953079,
  "identifier": "LKKB",
  "name": "MCTR KBELY",
  "note": {
    "lines": []
  },
  "validFrom": "0001-01-01T00:00:00",
  "validTo": "0001-01-01T00:00:00",
  "thumbprint": "f7e87da686056fbe8f4e02c51f61b0491da61cdfd97b90fe4d12d80493a15f03",
  "web": []
},
{
  "elevationRange": {
    "ceiling": {
      "origin": "amsl",
      "units": "feets",
      "value": 5000.0
    },
    "floor": {
      "origin": "amsl",
      "units": "feets",
      "value": 0.0
    }
  },
  "geometry": {
    "coordinates": [
      {
        "index": 1,
        "latitude": 50.1,
        "longitude": 15.86
      },
      {
        "index": 2,
        "latitude": 50.05,
        "longitude": 16.02
      },
      {
        "index": 3,
        "latitude": 49.96,
        "longitude": 16.01
      },
      {
        "index": 4,
        "latitude": 49.92,
        "longitude": 15.85
      },
      {
        "index": 5,
        "latitude": 49.93,
        "longitude": 15.59
      },
      {
        "index": 6,
        "latitude": 50.06,
        "longitude": 15.41
      },
      {
        "index": 7,
        "latitude": 50.11,
        "longitude": 15.63
      },
      {
        "index": 8,
        "latitude": 50.1,
        "longitude": 15.86
      }
    ],
    "radius": 0.0,
    "shape": "polygon"
  },
  "handle": 2112424667,
  "identifier": "LKPD",
  "name": "MCTR PARDUBICE",
  "note": {
    "lines": []
  },
  "validFrom": "0001-01-01T00:00:00",
  "validTo": "0001-01-01T00:00:00",
  "thumbprint": "e94768b4ab17b1deeabbab065cc7f99d78550a4e368fd4140c6ed8e429a16c02",
  "web": []
},
{
  "elevationRange": {
    "ceiling": {
      "origin": "amsl",
      "units": "feets",
      "value": 2500.0
    },
    "floor": {
      "origin": "amsl",
      "units": "feets",
      "value": 0.0
    }
  },
  "geometry": {
    "coordinates": [
      {
        "index": 1,
        "latitude": 49.22,
        "longitude": 16.55
      },
      {
        "index": 2,
        "latitude": 49.23,
        "longitude": 16.56
      },
      {
        "index": 3,
        "latitude": 49.23,
        "longitude": 16.56
      },
      {
        "index": 4,
        "latitude": 49.23,
        "longitude": 16.56
      },
      {
        "index": 5,
        "latitude": 49.24,
        "longitude": 16.57
      },
      {
        "index": 6,
        "latitude": 49.24,
        "longitude": 16.57
      },
      {
        "index": 7,
        "latitude": 49.24,
        "longitude": 16.57
      },
      {
        "index": 8,
        "latitude": 49.24,
        "longitude": 16.58
      },
      {
        "index": 9,
        "latitude": 49.24,
        "longitude": 16.58
      },
      {
        "index": 10,
        "latitude": 49.24,
        "longitude": 16.58
      },
      {
        "index": 11,
        "latitude": 49.25,
        "longitude": 16.59
      },
      {
        "index": 12,
        "latitude": 49.25,
        "longitude": 16.59
      },
      {
        "index": 13,
        "latitude": 49.25,
        "longitude": 16.59
      },
      {
        "index": 14,
        "latitude": 49.25,
        "longitude": 16.61
      },
      {
        "index": 15,
        "latitude": 49.25,
        "longitude": 16.61
      },
      {
        "index": 16,
        "latitude": 49.25,
        "longitude": 16.61
      },
      {
        "index": 17,
        "latitude": 49.26,
        "longitude": 16.62
      },
      {
        "index": 18,
        "latitude": 49.26,
        "longitude": 16.62
      },
      {
        "index": 19,
        "latitude": 49.26,
        "longitude": 16.62
      },
      {
        "index": 20,
        "latitude": 49.26,
        "longitude": 16.63
      },
      {
        "index": 21,
        "latitude": 49.26,
        "longitude": 16.63
      },
      {
        "index": 22,
        "latitude": 49.26,
        "longitude": 16.63
      },
      {
        "index": 23,
        "latitude": 49.26,
        "longitude": 16.64
      },
      {
        "index": 24,
        "latitude": 49.26,
        "longitude": 16.64
      },
      {
        "index": 25,
        "latitude": 49.26,
        "longitude": 16.64
      },
      {
        "index": 26,
        "latitude": 49.27,
        "longitude": 16.66
      },
      {
        "index": 27,
        "latitude": 49.27,
        "longitude": 16.66
      },
      {
        "index": 28,
        "latitude": 49.27,
        "longitude": 16.66
      },
      {
        "index": 29,
        "latitude": 49.27,
        "longitude": 16.67
      },
      {
        "index": 30,
        "latitude": 49.27,
        "longitude": 16.67
      },
      {
        "index": 31,
        "latitude": 49.27,
        "longitude": 16.67
      },
      {
        "index": 32,
        "latitude": 49.27,
        "longitude": 16.68
      },
      {
        "index": 33,
        "latitude": 49.27,
        "longitude": 16.68
      },
      {
        "index": 34,
        "latitude": 49.27,
        "longitude": 16.68
      },
      {
        "index": 35,
        "latitude": 49.27,
        "longitude": 16.7
      },
      {
        "index": 36,
        "latitude": 49.27,
        "longitude": 16.7
      },
      {
        "index": 37,
        "latitude": 49.27,
        "longitude": 16.7
      },
      {
        "index": 38,
        "latitude": 49.27,
        "longitude": 16.71
      },
      {
        "index": 39,
        "latitude": 49.27,
        "longitude": 16.71
      },
      {
        "index": 40,
        "latitude": 49.27,
        "longitude": 16.71
      },
      {
        "index": 41,
        "latitude": 49.27,
        "longitude": 16.73
      },
      {
        "index": 42,
        "latitude": 49.27,
        "longitude": 16.73
      },
      {
        "index": 43,
        "latitude": 49.27,
        "longitude": 16.73
      },
      {
        "index": 44,
        "latitude": 49.26,
        "longitude": 16.74
      },
      {
        "index": 45,
        "latitude": 49.26,
        "longitude": 16.74
      },
      {
        "index": 46,
        "latitude": 49.26,
        "longitude": 16.74
      },
      {
        "index": 47,
        "latitude": 49.26,
        "longitude": 16.75
      },
      {
        "index": 48,
        "latitude": 49.26,
        "longitude": 16.75
      },
      {
        "index": 49,
        "latitude": 49.26,
        "longitude": 16.75
      },
      {
        "index": 50,
        "latitude": 49.26,
        "longitude": 16.77
      },
      {
        "index": 51,
        "latitude": 49.26,
        "longitude": 16.77
      },
      {
        "index": 52,
        "latitude": 49.26,
        "longitude": 16.77
      },
      {
        "index": 53,
        "latitude": 49.25,
        "longitude": 16.78
      },
      {
        "index": 54,
        "latitude": 49.25,
        "longitude": 16.78
      },
      {
        "index": 55,
        "latitude": 49.25,
        "longitude": 16.78
      },
      {
        "index": 56,
        "latitude": 49.25,
        "longitude": 16.79
      },
      {
        "index": 57,
        "latitude": 49.25,
        "longitude": 16.79
      },
      {
        "index": 58,
        "latitude": 49.25,
        "longitude": 16.79
      },
      {
        "index": 59,
        "latitude": 49.24,
        "longitude": 16.8
      },
      {
        "index": 60,
        "latitude": 49.24,
        "longitude": 16.8
      },
      {
        "index": 61,
        "latitude": 49.24,
        "longitude": 16.8
      },
      {
        "index": 62,
        "latitude": 49.24,
        "longitude": 16.81
      },
      {
        "index": 63,
        "latitude": 49.24,
        "longitude": 16.81
      },
      {
        "index": 64,
        "latitude": 49.24,
        "longitude": 16.81
      },
      {
        "index": 65,
        "latitude": 49.23,
        "longitude": 16.82
      },
      {
        "index": 66,
        "latitude": 49.23,
        "longitude": 16.82
      },
      {
        "index": 67,
        "latitude": 49.23,
        "longitude": 16.82
      },
      {
        "index": 68,
        "latitude": 49.23,
        "longitude": 16.83
      },
      {
        "index": 69,
        "latitude": 49.23,
        "longitude": 16.83
      },
      {
        "index": 70,
        "latitude": 49.23,
        "longitude": 16.83
      },
      {
        "index": 71,
        "latitude": 49.22,
        "longitude": 16.84
      },
      {
        "index": 72,
        "latitude": 49.22,
        "longitude": 16.84
      },
      {
        "index": 73,
        "latitude": 49.22,
        "longitude": 16.84
      },
      {
        "index": 74,
        "latitude": 49.21,
        "longitude": 16.85
      },
      {
        "index": 75,
        "latitude": 49.21,
        "longitude": 16.85
      },
      {
        "index": 76,
        "latitude": 49.21,
        "longitude": 16.85
      },
      {
        "index": 77,
        "latitude": 49.2,
        "longitude": 16.85
      },
      {
        "index": 78,
        "latitude": 49.2,
        "longitude": 16.85
      },
      {
        "index": 79,
        "latitude": 49.2,
        "longitude": 16.85
      },
      {
        "index": 80,
        "latitude": 49.2,
        "longitude": 16.86
      },
      {
        "index": 81,
        "latitude": 49.2,
        "longitude": 16.86
      },
      {
        "index": 82,
        "latitude": 49.2,
        "longitude": 16.86
      },
      {
        "index": 83,
        "latitude": 49.19,
        "longitude": 16.86
      },
      {
        "index": 84,
        "latitude": 49.19,
        "longitude": 16.86
      },
      {
        "index": 85,
        "latitude": 49.19,
        "longitude": 16.86
      },
      {
        "index": 86,
        "latitude": 49.18,
        "longitude": 16.87
      },
      {
        "index": 87,
        "latitude": 49.18,
        "longitude": 16.95
      },
      {
        "index": 88,
        "latitude": 49.09,
        "longitude": 16.94
      },
      {
        "index": 89,
        "latitude": 49.09,
        "longitude": 16.85
      },
      {
        "index": 90,
        "latitude": 49.08,
        "longitude": 16.84
      },
      {
        "index": 91,
        "latitude": 49.08,
        "longitude": 16.83
      },
      {
        "index": 92,
        "latitude": 49.07,
        "longitude": 16.82
      },
      {
        "index": 93,
        "latitude": 49.06,
        "longitude": 16.81
      },
      {
        "index": 94,
        "latitude": 49.06,
        "longitude": 16.8
      },
      {
        "index": 95,
        "latitude": 49.05,
        "longitude": 16.79
      },
      {
        "index": 96,
        "latitude": 49.05,
        "longitude": 16.78
      },
      {
        "index": 97,
        "latitude": 49.04,
        "longitude": 16.77
      },
      {
        "index": 98,
        "latitude": 49.04,
        "longitude": 16.75
      },
      {
        "index": 99,
        "latitude": 49.04,
        "longitude": 16.74
      },
      {
        "index": 100,
        "latitude": 49.04,
        "longitude": 16.73
      },
      {
        "index": 101,
        "latitude": 49.04,
        "longitude": 16.71
      },
      {
        "index": 102,
        "latitude": 49.03,
        "longitude": 16.7
      },
      {
        "index": 103,
        "latitude": 49.03,
        "longitude": 16.68
      },
      {
        "index": 104,
        "latitude": 49.04,
        "longitude": 16.67
      },
      {
        "index": 105,
        "latitude": 49.04,
        "longitude": 16.66
      },
      {
        "index": 106,
        "latitude": 49.04,
        "longitude": 16.64
      },
      {
        "index": 107,
        "latitude": 49.04,
        "longitude": 16.63
      },
      {
        "index": 108,
        "latitude": 49.05,
        "longitude": 16.62
      },
      {
        "index": 109,
        "latitude": 49.05,
        "longitude": 16.61
      },
      {
        "index": 110,
        "latitude": 49.05,
        "longitude": 16.6
      },
      {
        "index": 111,
        "latitude": 49.06,
        "longitude": 16.58
      },
      {
        "index": 112,
        "latitude": 49.07,
        "longitude": 16.57
      },
      {
        "index": 113,
        "latitude": 49.07,
        "longitude": 16.56
      },
      {
        "index": 114,
        "latitude": 49.08,
        "longitude": 16.55
      },
      {
        "index": 115,
        "latitude": 49.09,
        "longitude": 16.55
      },
      {
        "index": 116,
        "latitude": 49.09,
        "longitude": 16.54
      },
      {
        "index": 117,
        "latitude": 49.1,
        "longitude": 16.53
      },
      {
        "index": 118,
        "latitude": 49.11,
        "longitude": 16.53
      },
      {
        "index": 119,
        "latitude": 49.12,
        "longitude": 16.52
      },
      {
        "index": 120,
        "latitude": 49.13,
        "longitude": 16.44
      },
      {
        "index": 121,
        "latitude": 49.24,
        "longitude": 16.47
      },
      {
        "index": 122,
        "latitude": 49.22,
        "longitude": 16.55
      }
    ],
    "radius": 0.0,
    "shape": "polygon"
  },
  "handle": 2460749733,
  "identifier": "LKTB",
  "name": "CTR TURANY",
  "note": {
    "lines": []
  },
  "validFrom": "0001-01-01T00:00:00",
  "validTo": "0001-01-01T00:00:00",
  "thumbprint": "dffaa103aa2635147a5086ea721e2e93a46afc852afffea4b13a7d61be615565",
  "web": []
},
{
  "elevationRange": {
    "ceiling": {
      "origin": "amsl",
      "units": "feets",
      "value": 5000.0
    },
    "floor": {
      "origin": "amsl",
      "units": "feets",
      "value": 0.0
    }
  },
  "geometry": {
    "coordinates": [
      {
        "index": 1,
        "latitude": 48.93,
        "longitude": 17.45
      },
      {
        "index": 2,
        "latitude": 48.93,
        "longitude": 17.45
      },
      {
        "index": 3,
        "latitude": 48.93,
        "longitude": 17.45
      },
      {
        "index": 4,
        "latitude": 48.93,
        "longitude": 17.47
      },
      {
        "index": 5,
        "latitude": 48.93,
        "longitude": 17.47
      },
      {
        "index": 6,
        "latitude": 48.93,
        "longitude": 17.48
      },
      {
        "index": 7,
        "latitude": 48.93,
        "longitude": 17.48
      },
      {
        "index": 8,
        "latitude": 48.94,
        "longitude": 17.49
      },
      {
        "index": 9,
        "latitude": 48.94,
        "longitude": 17.49
      },
      {
        "index": 10,
        "latitude": 48.94,
        "longitude": 17.51
      },
      {
        "index": 11,
        "latitude": 48.94,
        "longitude": 17.51
      },
      {
        "index": 12,
        "latitude": 48.94,
        "longitude": 17.52
      },
      {
        "index": 13,
        "latitude": 48.94,
        "longitude": 17.52
      },
      {
        "index": 14,
        "latitude": 48.95,
        "longitude": 17.53
      },
      {
        "index": 15,
        "latitude": 48.95,
        "longitude": 17.53
      },
      {
        "index": 16,
        "latitude": 48.95,
        "longitude": 17.54
      },
      {
        "index": 17,
        "latitude": 48.95,
        "longitude": 17.54
      },
      {
        "index": 18,
        "latitude": 48.96,
        "longitude": 17.55
      },
      {
        "index": 19,
        "latitude": 48.96,
        "longitude": 17.55
      },
      {
        "index": 20,
        "latitude": 48.97,
        "longitude": 17.56
      },
      {
        "index": 21,
        "latitude": 48.97,
        "longitude": 17.56
      },
      {
        "index": 22,
        "latitude": 48.97,
        "longitude": 17.57
      },
      {
        "index": 23,
        "latitude": 48.97,
        "longitude": 17.57
      },
      {
        "index": 24,
        "latitude": 48.98,
        "longitude": 17.57
      },
      {
        "index": 25,
        "latitude": 48.98,
        "longitude": 17.57
      },
      {
        "index": 26,
        "latitude": 48.99,
        "longitude": 17.58
      },
      {
        "index": 27,
        "latitude": 48.99,
        "longitude": 17.58
      },
      {
        "index": 28,
        "latitude": 49.0,
        "longitude": 17.58
      },
      {
        "index": 29,
        "latitude": 49.0,
        "longitude": 17.58
      },
      {
        "index": 30,
        "latitude": 49.01,
        "longitude": 17.59
      },
      {
        "index": 31,
        "latitude": 49.01,
        "longitude": 17.59
      },
      {
        "index": 32,
        "latitude": 49.02,
        "longitude": 17.59
      },
      {
        "index": 33,
        "latitude": 49.02,
        "longitude": 17.59
      },
      {
        "index": 34,
        "latitude": 49.03,
        "longitude": 17.59
      },
      {
        "index": 35,
        "latitude": 49.03,
        "longitude": 17.59
      },
      {
        "index": 36,
        "latitude": 49.03,
        "longitude": 17.59
      },
      {
        "index": 37,
        "latitude": 49.03,
        "longitude": 17.59
      },
      {
        "index": 38,
        "latitude": 49.04,
        "longitude": 17.59
      },
      {
        "index": 39,
        "latitude": 49.04,
        "longitude": 17.59
      },
      {
        "index": 40,
        "latitude": 49.06,
        "longitude": 17.58
      },
      {
        "index": 41,
        "latitude": 49.19,
        "longitude": 17.68
      },
      {
        "index": 42,
        "latitude": 49.22,
        "longitude": 17.58
      },
      {
        "index": 43,
        "latitude": 49.15,
        "longitude": 17.45
      },
      {
        "index": 44,
        "latitude": 49.13,
        "longitude": 17.43
      },
      {
        "index": 45,
        "latitude": 49.13,
        "longitude": 17.43
      },
      {
        "index": 46,
        "latitude": 49.13,
        "longitude": 17.41
      },
      {
        "index": 47,
        "latitude": 49.13,
        "longitude": 17.4
      },
      {
        "index": 48,
        "latitude": 49.12,
        "longitude": 17.39
      },
      {
        "index": 49,
        "latitude": 49.12,
        "longitude": 17.37
      },
      {
        "index": 50,
        "latitude": 49.11,
        "longitude": 17.36
      },
      {
        "index": 51,
        "latitude": 49.11,
        "longitude": 17.35
      },
      {
        "index": 52,
        "latitude": 49.1,
        "longitude": 17.34
      },
      {
        "index": 53,
        "latitude": 49.1,
        "longitude": 17.33
      },
      {
        "index": 54,
        "latitude": 49.09,
        "longitude": 17.32
      },
      {
        "index": 55,
        "latitude": 49.08,
        "longitude": 17.31
      },
      {
        "index": 56,
        "latitude": 49.08,
        "longitude": 17.31
      },
      {
        "index": 57,
        "latitude": 49.07,
        "longitude": 17.3
      },
      {
        "index": 58,
        "latitude": 49.06,
        "longitude": 17.29
      },
      {
        "index": 59,
        "latitude": 49.05,
        "longitude": 17.29
      },
      {
        "index": 60,
        "latitude": 49.04,
        "longitude": 17.29
      },
      {
        "index": 61,
        "latitude": 49.03,
        "longitude": 17.29
      },
      {
        "index": 62,
        "latitude": 49.02,
        "longitude": 17.29
      },
      {
        "index": 63,
        "latitude": 49.02,
        "longitude": 17.29
      },
      {
        "index": 64,
        "latitude": 49.01,
        "longitude": 17.29
      },
      {
        "index": 65,
        "latitude": 49.0,
        "longitude": 17.3
      },
      {
        "index": 66,
        "latitude": 48.99,
        "longitude": 17.3
      },
      {
        "index": 67,
        "latitude": 48.98,
        "longitude": 17.31
      },
      {
        "index": 68,
        "latitude": 48.97,
        "longitude": 17.32
      },
      {
        "index": 69,
        "latitude": 48.94,
        "longitude": 17.3
      },
      {
        "index": 70,
        "latitude": 48.91,
        "longitude": 17.43
      },
      {
        "index": 71,
        "latitude": 48.93,
        "longitude": 17.45
      }
    ],
    "radius": 0.0,
    "shape": "polygon"
  },
  "handle": 3192888668,
  "identifier": "LKKU",
  "name": "CTR KUNOVICE",
  "note": {
    "lines": []
  },
  "validFrom": "0001-01-01T00:00:00",
  "validTo": "0001-01-01T00:00:00",
  "thumbprint": "4448ba677c574fbfddf97b35ebbab5682521b8b22de19739f604633e39730932",
  "web": []
},
{
  "elevationRange": {
    "ceiling": {
      "origin": "amsl",
      "units": "feets",
      "value": 3500.0
    },
    "floor": {
      "origin": "amsl",
      "units": "feets",
      "value": 0.0
    }
  },
  "geometry": {
    "coordinates": [
      {
        "index": 1,
        "latitude": 50.23,
        "longitude": 14.18
      },
      {
        "index": 2,
        "latitude": 50.22,
        "longitude": 14.25
      },
      {
        "index": 3,
        "latitude": 50.18,
        "longitude": 14.55
      },
      {
        "index": 4,
        "latitude": 50.15,
        "longitude": 14.56
      },
      {
        "index": 5,
        "latitude": 50.11,
        "longitude": 14.43
      },
      {
        "index": 6,
        "latitude": 50.07,
        "longitude": 14.43
      },
      {
        "index": 7,
        "latitude": 50.05,
        "longitude": 14.48
      },
      {
        "index": 8,
        "latitude": 50.05,
        "longitude": 14.47
      },
      {
        "index": 9,
        "latitude": 50.05,
        "longitude": 14.47
      },
      {
        "index": 10,
        "latitude": 50.04,
        "longitude": 14.47
      },
      {
        "index": 11,
        "latitude": 50.04,
        "longitude": 14.47
      },
      {
        "index": 12,
        "latitude": 50.03,
        "longitude": 14.46
      },
      {
        "index": 13,
        "latitude": 50.03,
        "longitude": 14.46
      },
      {
        "index": 14,
        "latitude": 50.02,
        "longitude": 14.45
      },
      {
        "index": 15,
        "latitude": 50.02,
        "longitude": 14.45
      },
      {
        "index": 16,
        "latitude": 50.01,
        "longitude": 14.45
      },
      {
        "index": 17,
        "latitude": 50.01,
        "longitude": 14.45
      },
      {
        "index": 18,
        "latitude": 50.01,
        "longitude": 14.44
      },
      {
        "index": 19,
        "latitude": 50.01,
        "longitude": 14.44
      },
      {
        "index": 20,
        "latitude": 50.0,
        "longitude": 14.43
      },
      {
        "index": 21,
        "latitude": 50.0,
        "longitude": 14.43
      },
      {
        "index": 22,
        "latitude": 49.99,
        "longitude": 14.42
      },
      {
        "index": 23,
        "latitude": 50.0,
        "longitude": 14.35
      },
      {
        "index": 24,
        "latitude": 50.0,
        "longitude": 14.34
      },
      {
        "index": 25,
        "latitude": 50.0,
        "longitude": 14.34
      },
      {
        "index": 26,
        "latitude": 49.99,
        "longitude": 14.33
      },
      {
        "index": 27,
        "latitude": 49.99,
        "longitude": 14.33
      },
      {
        "index": 28,
        "latitude": 49.99,
        "longitude": 14.31
      },
      {
        "index": 29,
        "latitude": 49.99,
        "longitude": 14.31
      },
      {
        "index": 30,
        "latitude": 49.99,
        "longitude": 14.3
      },
      {
        "index": 31,
        "latitude": 49.99,
        "longitude": 14.3
      },
      {
        "index": 32,
        "latitude": 49.99,
        "longitude": 14.28
      },
      {
        "index": 33,
        "latitude": 49.99,
        "longitude": 14.28
      },
      {
        "index": 34,
        "latitude": 49.99,
        "longitude": 14.27
      },
      {
        "index": 35,
        "latitude": 49.99,
        "longitude": 14.27
      },
      {
        "index": 36,
        "latitude": 49.99,
        "longitude": 14.26
      },
      {
        "index": 37,
        "latitude": 49.99,
        "longitude": 14.26
      },
      {
        "index": 38,
        "latitude": 49.99,
        "longitude": 14.24
      },
      {
        "index": 39,
        "latitude": 49.99,
        "longitude": 14.24
      },
      {
        "index": 40,
        "latitude": 49.99,
        "longitude": 14.23
      },
      {
        "index": 41,
        "latitude": 49.99,
        "longitude": 14.23
      },
      {
        "index": 42,
        "latitude": 49.99,
        "longitude": 14.22
      },
      {
        "index": 43,
        "latitude": 49.99,
        "longitude": 14.22
      },
      {
        "index": 44,
        "latitude": 50.0,
        "longitude": 14.2
      },
      {
        "index": 45,
        "latitude": 50.0,
        "longitude": 14.2
      },
      {
        "index": 46,
        "latitude": 50.0,
        "longitude": 14.19
      },
      {
        "index": 47,
        "latitude": 50.0,
        "longitude": 14.19
      },
      {
        "index": 48,
        "latitude": 50.0,
        "longitude": 14.18
      },
      {
        "index": 49,
        "latitude": 50.0,
        "longitude": 14.18
      },
      {
        "index": 50,
        "latitude": 50.01,
        "longitude": 14.17
      },
      {
        "index": 51,
        "latitude": 50.01,
        "longitude": 14.17
      },
      {
        "index": 52,
        "latitude": 50.01,
        "longitude": 14.16
      },
      {
        "index": 53,
        "latitude": 50.01,
        "longitude": 14.16
      },
      {
        "index": 54,
        "latitude": 50.02,
        "longitude": 14.14
      },
      {
        "index": 55,
        "latitude": 50.02,
        "longitude": 14.14
      },
      {
        "index": 56,
        "latitude": 50.03,
        "longitude": 14.13
      },
      {
        "index": 57,
        "latitude": 50.01,
        "longitude": 14.07
      },
      {
        "index": 58,
        "latitude": 50.02,
        "longitude": 14.07
      },
      {
        "index": 59,
        "latitude": 50.02,
        "longitude": 14.07
      },
      {
        "index": 60,
        "latitude": 50.02,
        "longitude": 14.07
      },
      {
        "index": 61,
        "latitude": 50.02,
        "longitude": 14.07
      },
      {
        "index": 62,
        "latitude": 50.02,
        "longitude": 14.06
      },
      {
        "index": 63,
        "latitude": 50.02,
        "longitude": 14.06
      },
      {
        "index": 64,
        "latitude": 50.02,
        "longitude": 14.06
      },
      {
        "index": 65,
        "latitude": 50.02,
        "longitude": 14.06
      },
      {
        "index": 66,
        "latitude": 50.03,
        "longitude": 14.05
      },
      {
        "index": 67,
        "latitude": 50.03,
        "longitude": 14.05
      },
      {
        "index": 68,
        "latitude": 50.03,
        "longitude": 14.05
      },
      {
        "index": 69,
        "latitude": 50.03,
        "longitude": 14.05
      },
      {
        "index": 70,
        "latitude": 50.04,
        "longitude": 14.05
      },
      {
        "index": 71,
        "latitude": 50.04,
        "longitude": 14.05
      },
      {
        "index": 72,
        "latitude": 50.04,
        "longitude": 14.05
      },
      {
        "index": 73,
        "latitude": 50.04,
        "longitude": 14.05
      },
      {
        "index": 74,
        "latitude": 50.05,
        "longitude": 14.04
      },
      {
        "index": 75,
        "latitude": 50.05,
        "longitude": 14.04
      },
      {
        "index": 76,
        "latitude": 50.05,
        "longitude": 14.04
      },
      {
        "index": 77,
        "latitude": 50.05,
        "longitude": 14.04
      },
      {
        "index": 78,
        "latitude": 50.06,
        "longitude": 14.04
      },
      {
        "index": 79,
        "latitude": 50.06,
        "longitude": 14.04
      },
      {
        "index": 80,
        "latitude": 50.06,
        "longitude": 14.04
      },
      {
        "index": 81,
        "latitude": 50.06,
        "longitude": 14.04
      },
      {
        "index": 82,
        "latitude": 50.07,
        "longitude": 14.04
      },
      {
        "index": 83,
        "latitude": 50.07,
        "longitude": 14.04
      },
      {
        "index": 84,
        "latitude": 50.07,
        "longitude": 14.04
      },
      {
        "index": 85,
        "latitude": 50.07,
        "longitude": 14.04
      },
      {
        "index": 86,
        "latitude": 50.08,
        "longitude": 14.03
      },
      {
        "index": 87,
        "latitude": 50.11,
        "longitude": 14.13
      },
      {
        "index": 88,
        "latitude": 50.15,
        "longitude": 14.05
      },
      {
        "index": 89,
        "latitude": 50.16,
        "longitude": 14.05
      },
      {
        "index": 90,
        "latitude": 50.16,
        "longitude": 14.05
      },
      {
        "index": 91,
        "latitude": 50.17,
        "longitude": 14.06
      },
      {
        "index": 92,
        "latitude": 50.17,
        "longitude": 14.06
      },
      {
        "index": 93,
        "latitude": 50.17,
        "longitude": 14.07
      },
      {
        "index": 94,
        "latitude": 50.17,
        "longitude": 14.07
      },
      {
        "index": 95,
        "latitude": 50.18,
        "longitude": 14.07
      },
      {
        "index": 96,
        "latitude": 50.18,
        "longitude": 14.07
      },
      {
        "index": 97,
        "latitude": 50.19,
        "longitude": 14.08
      },
      {
        "index": 98,
        "latitude": 50.19,
        "longitude": 14.08
      },
      {
        "index": 99,
        "latitude": 50.2,
        "longitude": 14.09
      },
      {
        "index": 100,
        "latitude": 50.2,
        "longitude": 14.09
      },
      {
        "index": 101,
        "latitude": 50.2,
        "longitude": 14.1
      },
      {
        "index": 102,
        "latitude": 50.2,
        "longitude": 14.1
      },
      {
        "index": 103,
        "latitude": 50.21,
        "longitude": 14.11
      },
      {
        "index": 104,
        "latitude": 50.21,
        "longitude": 14.11
      },
      {
        "index": 105,
        "latitude": 50.21,
        "longitude": 14.12
      },
      {
        "index": 106,
        "latitude": 50.21,
        "longitude": 14.12
      },
      {
        "index": 107,
        "latitude": 50.22,
        "longitude": 14.13
      },
      {
        "index": 108,
        "latitude": 50.22,
        "longitude": 14.13
      },
      {
        "index": 109,
        "latitude": 50.22,
        "longitude": 14.14
      },
      {
        "index": 110,
        "latitude": 50.22,
        "longitude": 14.14
      },
      {
        "index": 111,
        "latitude": 50.23,
        "longitude": 14.16
      },
      {
        "index": 112,
        "latitude": 50.23,
        "longitude": 14.16
      },
      {
        "index": 113,
        "latitude": 50.23,
        "longitude": 14.18
      }
    ],
    "radius": 0.0,
    "shape": "polygon"
  },
  "handle": 2237623720,
  "identifier": "LKPR",
  "name": "CTR RUZYNE",
  "note": {
    "lines": []
  },
  "validFrom": "0001-01-01T00:00:00",
  "validTo": "0001-01-01T00:00:00",
  "thumbprint": "8a3149f5e9f5e4fab4fa3a040ce575bf6d3decfc3da06f4554937cc31e5491ce",
  "web": []
},
{
  "elevationRange": {
    "ceiling": {
      "origin": "amsl",
      "units": "feets",
      "value": 2500.0
    },
    "floor": {
      "origin": "amsl",
      "units": "feets",
      "value": 0.0
    }
  },
  "geometry": {
    "coordinates": [
      {
        "index": 1,
        "latitude": 49.74,
        "longitude": 18.28
      },
      {
        "index": 2,
        "latitude": 49.72,
        "longitude": 18.29
      },
      {
        "index": 3,
        "latitude": 49.72,
        "longitude": 18.29
      },
      {
        "index": 4,
        "latitude": 49.72,
        "longitude": 18.29
      },
      {
        "index": 5,
        "latitude": 49.72,
        "longitude": 18.29
      },
      {
        "index": 6,
        "latitude": 49.71,
        "longitude": 18.29
      },
      {
        "index": 7,
        "latitude": 49.71,
        "longitude": 18.29
      },
      {
        "index": 8,
        "latitude": 49.7,
        "longitude": 18.29
      },
      {
        "index": 9,
        "latitude": 49.7,
        "longitude": 18.29
      },
      {
        "index": 10,
        "latitude": 49.69,
        "longitude": 18.29
      },
      {
        "index": 11,
        "latitude": 49.69,
        "longitude": 18.29
      },
      {
        "index": 12,
        "latitude": 49.68,
        "longitude": 18.29
      },
      {
        "index": 13,
        "latitude": 49.68,
        "longitude": 18.29
      },
      {
        "index": 14,
        "latitude": 49.67,
        "longitude": 18.29
      },
      {
        "index": 15,
        "latitude": 49.67,
        "longitude": 18.29
      },
      {
        "index": 16,
        "latitude": 49.66,
        "longitude": 18.28
      },
      {
        "index": 17,
        "latitude": 49.66,
        "longitude": 18.28
      },
      {
        "index": 18,
        "latitude": 49.65,
        "longitude": 18.28
      },
      {
        "index": 19,
        "latitude": 49.65,
        "longitude": 18.28
      },
      {
        "index": 20,
        "latitude": 49.65,
        "longitude": 18.27
      },
      {
        "index": 21,
        "latitude": 49.65,
        "longitude": 18.27
      },
      {
        "index": 22,
        "latitude": 49.64,
        "longitude": 18.27
      },
      {
        "index": 23,
        "latitude": 49.64,
        "longitude": 18.27
      },
      {
        "index": 24,
        "latitude": 49.63,
        "longitude": 18.26
      },
      {
        "index": 25,
        "latitude": 49.63,
        "longitude": 18.26
      },
      {
        "index": 26,
        "latitude": 49.62,
        "longitude": 18.25
      },
      {
        "index": 27,
        "latitude": 49.62,
        "longitude": 18.25
      },
      {
        "index": 28,
        "latitude": 49.62,
        "longitude": 18.24
      },
      {
        "index": 29,
        "latitude": 49.62,
        "longitude": 18.24
      },
      {
        "index": 30,
        "latitude": 49.61,
        "longitude": 18.23
      },
      {
        "index": 31,
        "latitude": 49.61,
        "longitude": 18.23
      },
      {
        "index": 32,
        "latitude": 49.6,
        "longitude": 18.22
      },
      {
        "index": 33,
        "latitude": 49.6,
        "longitude": 18.22
      },
      {
        "index": 34,
        "latitude": 49.6,
        "longitude": 18.21
      },
      {
        "index": 35,
        "latitude": 49.6,
        "longitude": 18.21
      },
      {
        "index": 36,
        "latitude": 49.59,
        "longitude": 18.2
      },
      {
        "index": 37,
        "latitude": 49.59,
        "longitude": 18.2
      },
      {
        "index": 38,
        "latitude": 49.59,
        "longitude": 18.19
      },
      {
        "index": 39,
        "latitude": 49.59,
        "longitude": 18.19
      },
      {
        "index": 40,
        "latitude": 49.59,
        "longitude": 18.17
      },
      {
        "index": 41,
        "latitude": 49.59,
        "longitude": 18.17
      },
      {
        "index": 42,
        "latitude": 49.58,
        "longitude": 18.16
      },
      {
        "index": 43,
        "latitude": 49.58,
        "longitude": 18.16
      },
      {
        "index": 44,
        "latitude": 49.58,
        "longitude": 18.15
      },
      {
        "index": 45,
        "latitude": 49.58,
        "longitude": 18.15
      },
      {
        "index": 46,
        "latitude": 49.58,
        "longitude": 18.13
      },
      {
        "index": 47,
        "latitude": 49.58,
        "longitude": 18.13
      },
      {
        "index": 48,
        "latitude": 49.58,
        "longitude": 18.12
      },
      {
        "index": 49,
        "latitude": 49.58,
        "longitude": 18.12
      },
      {
        "index": 50,
        "latitude": 49.58,
        "longitude": 18.11
      },
      {
        "index": 51,
        "latitude": 49.58,
        "longitude": 18.11
      },
      {
        "index": 52,
        "latitude": 49.58,
        "longitude": 18.09
      },
      {
        "index": 53,
        "latitude": 49.58,
        "longitude": 18.09
      },
      {
        "index": 54,
        "latitude": 49.58,
        "longitude": 18.08
      },
      {
        "index": 55,
        "latitude": 49.58,
        "longitude": 18.08
      },
      {
        "index": 56,
        "latitude": 49.58,
        "longitude": 18.06
      },
      {
        "index": 57,
        "latitude": 49.58,
        "longitude": 18.06
      },
      {
        "index": 58,
        "latitude": 49.59,
        "longitude": 18.05
      },
      {
        "index": 59,
        "latitude": 49.59,
        "longitude": 18.05
      },
      {
        "index": 60,
        "latitude": 49.59,
        "longitude": 18.04
      },
      {
        "index": 61,
        "latitude": 49.55,
        "longitude": 17.98
      },
      {
        "index": 62,
        "latitude": 49.56,
        "longitude": 17.97
      },
      {
        "index": 63,
        "latitude": 49.62,
        "longitude": 17.88
      },
      {
        "index": 64,
        "latitude": 49.65,
        "longitude": 17.94
      },
      {
        "index": 65,
        "latitude": 49.67,
        "longitude": 17.94
      },
      {
        "index": 66,
        "latitude": 49.68,
        "longitude": 17.93
      },
      {
        "index": 67,
        "latitude": 49.69,
        "longitude": 17.93
      },
      {
        "index": 68,
        "latitude": 49.69,
        "longitude": 17.93
      },
      {
        "index": 69,
        "latitude": 49.7,
        "longitude": 17.93
      },
      {
        "index": 70,
        "latitude": 49.71,
        "longitude": 17.93
      },
      {
        "index": 71,
        "latitude": 49.72,
        "longitude": 17.94
      },
      {
        "index": 72,
        "latitude": 49.73,
        "longitude": 17.94
      },
      {
        "index": 73,
        "latitude": 49.74,
        "longitude": 17.94
      },
      {
        "index": 74,
        "latitude": 49.75,
        "longitude": 17.95
      },
      {
        "index": 75,
        "latitude": 49.75,
        "longitude": 17.96
      },
      {
        "index": 76,
        "latitude": 49.76,
        "longitude": 17.96
      },
      {
        "index": 77,
        "latitude": 49.77,
        "longitude": 17.97
      },
      {
        "index": 78,
        "latitude": 49.78,
        "longitude": 17.98
      },
      {
        "index": 79,
        "latitude": 49.78,
        "longitude": 17.99
      },
      {
        "index": 80,
        "latitude": 49.79,
        "longitude": 18.0
      },
      {
        "index": 81,
        "latitude": 49.79,
        "longitude": 18.01
      },
      {
        "index": 82,
        "latitude": 49.8,
        "longitude": 18.02
      },
      {
        "index": 83,
        "latitude": 49.8,
        "longitude": 18.04
      },
      {
        "index": 84,
        "latitude": 49.81,
        "longitude": 18.05
      },
      {
        "index": 85,
        "latitude": 49.81,
        "longitude": 18.06
      },
      {
        "index": 86,
        "latitude": 49.81,
        "longitude": 18.08
      },
      {
        "index": 87,
        "latitude": 49.81,
        "longitude": 18.09
      },
      {
        "index": 88,
        "latitude": 49.81,
        "longitude": 18.1
      },
      {
        "index": 89,
        "latitude": 49.81,
        "longitude": 18.12
      },
      {
        "index": 90,
        "latitude": 49.81,
        "longitude": 18.13
      },
      {
        "index": 91,
        "latitude": 49.81,
        "longitude": 18.14
      },
      {
        "index": 92,
        "latitude": 49.81,
        "longitude": 18.16
      },
      {
        "index": 93,
        "latitude": 49.81,
        "longitude": 18.17
      },
      {
        "index": 94,
        "latitude": 49.8,
        "longitude": 18.18
      },
      {
        "index": 95,
        "latitude": 49.84,
        "longitude": 18.25
      },
      {
        "index": 96,
        "latitude": 49.78,
        "longitude": 18.34
      },
      {
        "index": 97,
        "latitude": 49.74,
        "longitude": 18.28
      }
    ],
    "radius": 0.0,
    "shape": "polygon"
  },
  "handle": 3283933942,
  "identifier": "LKMT",
  "name": "CTR MOSNOV",
  "note": {
    "lines": []
  },
  "validFrom": "0001-01-01T00:00:00",
  "validTo": "0001-01-01T00:00:00",
  "thumbprint": "cdc6250ccd9c205723a447211518bd46ed9b00647ad178697993f176496eb033",
  "web": []
},
{
  "elevationRange": {
    "ceiling": {
      "origin": "amsl",
      "units": "feets",
      "value": 3000.0
    },
    "floor": {
      "origin": "amsl",
      "units": "feets",
      "value": 0.0
    }
  },
  "geometry": {
    "coordinates": [
      {
        "index": 1,
        "latitude": 49.31,
        "longitude": 15.96
      },
      {
        "index": 2,
        "latitude": 49.29,
        "longitude": 16.15
      },
      {
        "index": 3,
        "latitude": 49.23,
        "longitude": 16.25
      },
      {
        "index": 4,
        "latitude": 49.2,
        "longitude": 16.31
      },
      {
        "index": 5,
        "latitude": 49.1,
        "longitude": 16.38
      },
      {
        "index": 6,
        "latitude": 49.02,
        "longitude": 16.29
      },
      {
        "index": 7,
        "latitude": 49.05,
        "longitude": 16.12
      },
      {
        "index": 8,
        "latitude": 49.15,
        "longitude": 15.95
      },
      {
        "index": 9,
        "latitude": 49.25,
        "longitude": 15.87
      },
      {
        "index": 10,
        "latitude": 49.28,
        "longitude": 15.92
      },
      {
        "index": 11,
        "latitude": 49.31,
        "longitude": 15.96
      }
    ],
    "radius": 0.0,
    "shape": "polygon"
  },
  "handle": 848133790,
  "identifier": "LKNA",
  "name": "MCTR NAMEST",
  "note": {
    "lines": []
  },
  "validFrom": "0001-01-01T00:00:00",
  "validTo": "0001-01-01T00:00:00",
  "thumbprint": "b3e93acf967985601757770c0eb7e989b9f793524b0f70a9a96a1323745e86e9",
  "web": []
},
{
  "elevationRange": {
    "ceiling": {
      "origin": "amsl",
      "units": "feets",
      "value": 5000.0
    },
    "floor": {
      "origin": "amsl",
      "units": "feets",
      "value": 0.0
    }
  },
  "geometry": {
    "coordinates": [
      {
        "index": 1,
        "latitude": 50.1,
        "longitude": 15.24
      },
      {
        "index": 2,
        "latitude": 50.06,
        "longitude": 15.41
      },
      {
        "index": 3,
        "latitude": 49.93,
        "longitude": 15.59
      },
      {
        "index": 4,
        "latitude": 49.84,
        "longitude": 15.62
      },
      {
        "index": 5,
        "latitude": 49.78,
        "longitude": 15.52
      },
      {
        "index": 6,
        "latitude": 49.83,
        "longitude": 15.36
      },
      {
        "index": 7,
        "latitude": 49.9,
        "longitude": 15.25
      },
      {
        "index": 8,
        "latitude": 49.93,
        "longitude": 15.2
      },
      {
        "index": 9,
        "latitude": 49.96,
        "longitude": 15.2
      },
      {
        "index": 10,
        "latitude": 50.0,
        "longitude": 15.19
      },
      {
        "index": 11,
        "latitude": 50.04,
        "longitude": 15.14
      },
      {
        "index": 12,
        "latitude": 50.1,
        "longitude": 15.24
      }
    ],
    "radius": 0.0,
    "shape": "polygon"
  },
  "handle": 3047418556,
  "identifier": "LKCV",
  "name": "MCTR CASLAV",
  "note": {
    "lines": []
  },
  "validFrom": "0001-01-01T00:00:00",
  "validTo": "0001-01-01T00:00:00",
  "thumbprint": "ef244240f3c62737aa9ca38f3065935cfac335468a6e9f06821abbecac8be4df",
  "web": []
}
]