[
{
  "geometry": {
    "coordinates": [
      {
        "index": 0,
        "latitude": 53.53,
        "longitude": 7.89
      }
    ],
    "radius": 5556.0,
    "shape": "point"
  },
  "handle": 2064887325,
  "identifier": "ETNJ",
  "name": "JEVER CLSD",
  "note": {
    "lines": []
  },
  "validFrom": "0001-01-01T00:00:00",
  "validTo": "0001-01-01T00:00:00",
  "thumbprint": "5e2684ed11807f5fdc972ffacb93101d51652db7aae7652ffbed4572698a67d4"
},
{
  "geometry": {
    "coordinates": [
      {
        "index": 0,
        "latitude": 47.85,
        "longitude": 15.84
      }
    ],
    "radius": 5556.0,
    "shape": "point"
  },
  "handle": 1417836361,
  "identifier": "AICHLMB",
  "name": "AICHLMUEHL",
  "note": {
    "lines": []
  },
  "validFrom": "0001-01-01T00:00:00",
  "validTo": "0001-01-01T00:00:00",
  "thumbprint": "6ed1f24dc039759c33358c0c12daeef496a5e3466873bf89c428b1e4c5f7a4db"
},
{
  "geometry": {
    "coordinates": [
      {
        "index": 0,
        "latitude": 47.14,
        "longitude": 15.29
      }
    ],
    "radius": 5556.0,
    "shape": "point"
  },
  "handle": 1102398897,
  "identifier": "RAIN02",
  "name": "RAIN",
  "note": {
    "lines": []
  },
  "validFrom": "0001-01-01T00:00:00",
  "validTo": "0001-01-01T00:00:00",
  "thumbprint": "050ac8351066913e523ee3081c4fd69d4584ede9a82dec86b94d85bce7dbed1f"
},
{
  "geometry": {
    "coordinates": [
      {
        "index": 0,
        "latitude": 47.63,
        "longitude": 13.61
      }
    ],
    "radius": 5556.0,
    "shape": "point"
  },
  "handle": 3572282723,
  "identifier": "LOBAGO",
  "name": "BAD GOISERN",
  "note": {
    "lines": []
  },
  "validFrom": "0001-01-01T00:00:00",
  "validTo": "0001-01-01T00:00:00",
  "thumbprint": "5aa5e8374d6ef7401069ad8c13c2c3460abc4670ef49d44002387e9a97bf2fce"
},
{
  "geometry": {
    "coordinates": [
      {
        "index": 0,
        "latitude": 47.38,
        "longitude": 13.41
      }
    ],
    "radius": 5556.0,
    "shape": "point"
  },
  "handle": 3931481349,
  "identifier": "ALTENMB",
  "name": "ALTENMARKT",
  "note": {
    "lines": []
  },
  "validFrom": "0001-01-01T00:00:00",
  "validTo": "0001-01-01T00:00:00",
  "thumbprint": "708b5b9d5092f2f81d5accb4706cf786a6dc7dadea07641d9518f38a3b84aed8"
},
{
  "geometry": {
    "coordinates": [
      {
        "index": 0,
        "latitude": 47.26,
        "longitude": 19.31
      }
    ],
    "radius": 5556.0,
    "shape": "point"
  },
  "handle": 4218366739,
  "identifier": "LHINAR",
  "name": "IN\u00C1RCS",
  "note": {
    "lines": []
  },
  "validFrom": "0001-01-01T00:00:00",
  "validTo": "0001-01-01T00:00:00",
  "thumbprint": "91fb0c2d5f88a3d247ca153c1ad01fd853d0498b7a78f8e9a85c795c28b55f2e"
},
{
  "geometry": {
    "coordinates": [
      {
        "index": 0,
        "latitude": 46.25,
        "longitude": 18.92
      }
    ],
    "radius": 5556.0,
    "shape": "point"
  },
  "handle": 3370902765,
  "identifier": "LHEC",
  "name": "\u00C9RSEKCSAN\u00C1D",
  "note": {
    "lines": []
  },
  "validFrom": "0001-01-01T00:00:00",
  "validTo": "0001-01-01T00:00:00",
  "thumbprint": "7e22203abf2da55b0629b5bf0dfd129d0f8cf3f60983c3fbfb9720ebd480646c"
},
{
  "geometry": {
    "coordinates": [
      {
        "index": 0,
        "latitude": 47.77,
        "longitude": 19.06
      }
    ],
    "radius": 5556.0,
    "shape": "point"
  },
  "handle": 3587487740,
  "identifier": "LHDUBO",
  "name": "DUNABOGD\u00C1NY",
  "note": {
    "lines": []
  },
  "validFrom": "0001-01-01T00:00:00",
  "validTo": "0001-01-01T00:00:00",
  "thumbprint": "5851e8c5e7a7b674b1452ffcf026a5b30d77189aed14ae928f61d4d6a8ca26c7"
},
{
  "geometry": {
    "coordinates": [
      {
        "index": 0,
        "latitude": 46.81,
        "longitude": 17.2
      }
    ],
    "radius": 5556.0,
    "shape": "point"
  },
  "handle": 3229238343,
  "identifier": "LHCSER",
  "name": "CSERSZEGTOMAJ-H\u00C9VIZ",
  "note": {
    "lines": []
  },
  "validFrom": "0001-01-01T00:00:00",
  "validTo": "0001-01-01T00:00:00",
  "thumbprint": "ad4091de86aae259f4b2e152731453db12861244db677cf654ecfbfa434acced"
},
{
  "geometry": {
    "coordinates": [
      {
        "index": 0,
        "latitude": 47.0,
        "longitude": 18.21
      }
    ],
    "radius": 5556.0,
    "shape": "point"
  },
  "handle": 3953715690,
  "identifier": "LHBAFO",
  "name": "BALATONF\u00D6KAJ\u00C1R",
  "note": {
    "lines": []
  },
  "validFrom": "0001-01-01T00:00:00",
  "validTo": "0001-01-01T00:00:00",
  "thumbprint": "7868755c6c7ff66f00721f2bcf5a474ed34943ab92c5dca653834a35935d1d44"
},
{
  "geometry": {
    "coordinates": [
      {
        "index": 0,
        "latitude": 46.76,
        "longitude": 17.69
      }
    ],
    "radius": 5556.0,
    "shape": "point"
  },
  "handle": 1099428983,
  "identifier": "LHBALE",
  "name": "BALATONLELLE",
  "note": {
    "lines": []
  },
  "validFrom": "0001-01-01T00:00:00",
  "validTo": "0001-01-01T00:00:00",
  "thumbprint": "b5a77bbf551dc3a02c843bde4eaec5f12acda4fa4469584a0cd9a01b7b24000e"
},
{
  "geometry": {
    "coordinates": [
      {
        "index": 0,
        "latitude": 47.26,
        "longitude": 19.18
      }
    ],
    "radius": 5556.0,
    "shape": "point"
  },
  "handle": 286611606,
  "identifier": "LHFELSO",
  "name": "FELS\u00D6R\u00C1DA",
  "note": {
    "lines": []
  },
  "validFrom": "0001-01-01T00:00:00",
  "validTo": "0001-01-01T00:00:00",
  "thumbprint": "f1fafa8718d98a26ca028f735bdb380a9fc44f00914f50250d055f2a7f9ba39e"
},
{
  "geometry": {
    "coordinates": [
      {
        "index": 0,
        "latitude": 46.8,
        "longitude": 20.53
      }
    ],
    "radius": 5556.0,
    "shape": "point"
  },
  "handle": 2216888738,
  "identifier": "LHKAKA",
  "name": "K\u00C1KAHALOM",
  "note": {
    "lines": []
  },
  "validFrom": "0001-01-01T00:00:00",
  "validTo": "0001-01-01T00:00:00",
  "thumbprint": "920b53bcbfc61e3aab3b0eb790d2588b8b8cc802b5811acd0535e5b854e7291c"
},
{
  "geometry": {
    "coordinates": [
      {
        "index": 0,
        "latitude": 47.55,
        "longitude": 18.97
      }
    ],
    "radius": 5556.0,
    "shape": "point"
  },
  "handle": 349308205,
  "identifier": "LHHH",
  "name": "H\u00C1RMASHAT\u00C1RHEGY",
  "note": {
    "lines": []
  },
  "validFrom": "0001-01-01T00:00:00",
  "validTo": "0001-01-01T00:00:00",
  "thumbprint": "2b92a8a51a2e205427c6c18f3803a54446ee23c7e53009456ddb5e20be743af9"
},
{
  "geometry": {
    "coordinates": [
      {
        "index": 0,
        "latitude": 46.15,
        "longitude": 19.04
      }
    ],
    "radius": 5556.0,
    "shape": "point"
  },
  "handle": 2053682540,
  "identifier": "LHBAJA",
  "name": "BAJA",
  "note": {
    "lines": []
  },
  "validFrom": "0001-01-01T00:00:00",
  "validTo": "0001-01-01T00:00:00",
  "thumbprint": "d19735de95b91e5d4a694171fb63a43205f360feafbe402d03e0539b65b3a2b1"
},
{
  "geometry": {
    "coordinates": [
      {
        "index": 0,
        "latitude": 46.53,
        "longitude": 17.17
      }
    ],
    "radius": 5556.0,
    "shape": "point"
  },
  "handle": 2461965678,
  "identifier": "LHZK",
  "name": "ZALAKAROS",
  "note": {
    "lines": []
  },
  "validFrom": "0001-01-01T00:00:00",
  "validTo": "0001-01-01T00:00:00",
  "thumbprint": "40ccb933815a199490ffe6c6a0f4c2bc17bc2650b6c0c25ff1c9600a523a30d5"
},
{
  "geometry": {
    "coordinates": [
      {
        "index": 0,
        "latitude": 46.87,
        "longitude": 17.41
      }
    ],
    "radius": 5556.0,
    "shape": "point"
  },
  "handle": 2186493780,
  "identifier": "LHTAPO",
  "name": "TAPOLCA",
  "note": {
    "lines": []
  },
  "validFrom": "0001-01-01T00:00:00",
  "validTo": "0001-01-01T00:00:00",
  "thumbprint": "12e45d295b626580749d79b0deffc1b8ccd2610eb31779eea7bf72452916d36d"
},
{
  "geometry": {
    "coordinates": [
      {
        "index": 0,
        "latitude": 47.27,
        "longitude": 17.11
      }
    ],
    "radius": 5556.0,
    "shape": "point"
  },
  "handle": 413951080,
  "identifier": "LHTK",
  "name": "TOKORCS",
  "note": {
    "lines": []
  },
  "validFrom": "0001-01-01T00:00:00",
  "validTo": "0001-01-01T00:00:00",
  "thumbprint": "3772ece031e65d0819675b076456265dd395fa2705ddbf0ca4b854cb36c229df"
},
{
  "geometry": {
    "coordinates": [
      {
        "index": 0,
        "latitude": 46.39,
        "longitude": 17.92
      }
    ],
    "radius": 5556.0,
    "shape": "point"
  },
  "handle": 177886345,
  "identifier": "LHTA",
  "name": "TASZ\u00C1R (KALAND)",
  "note": {
    "lines": []
  },
  "validFrom": "0001-01-01T00:00:00",
  "validTo": "0001-01-01T00:00:00",
  "thumbprint": "7c126660ab7454130bbb9e5f50f3ef224e66125d59c2a22cf3ecc16aa68d2036"
}
]