[
  {
    "name": "Hrad Vildštejn",
    "type": 3,
    "coordinate": {
      "index": 0,
      "latitude": 50.1694491,
      "longitude": 12.3598912
    }
  },
  {
    "name": "Hrad Šternberk",
    "type": 3,
    "coordinate": {
      "index": 0,
      "latitude": 49.7330775,
      "longitude": 17.3018576
    }
  },
  {
    "name": "Kašperk",
    "type": 3,
    "coordinate": {
      "index": 0,
      "latitude": 49.1660606,
      "longitude": 13.5632723
    }
  },
  {
    "name": "Zámek Chudobín",
    "type": 3,
    "coordinate": {
      "index": 0,
      "latitude": 49.6870829,
      "longitude": 17.0320918
    }
  },
  {
    "name": "Zámek Úsov",
    "type": 3,
    "coordinate": {
      "index": 0,
      "latitude": 49.7989957,
      "longitude": 17.0144534
    }
  },
  {
    "name": "Puklice",
    "type": 3,
    "coordinate": {
      "index": 0,
      "latitude": 49.360179,
      "longitude": 15.6498701
    }
  },
  {
    "name": "Hrad Bouzov",
    "type": 3,
    "coordinate": {
      "index": 0,
      "latitude": 49.7050989,
      "longitude": 16.889477
    }
  },
  {
    "name": "Mírov",
    "type": 3,
    "coordinate": {
      "index": 0,
      "latitude": 49.7963788,
      "longitude": 16.8463478
    }
  },
  {
    "name": "Hrad Krupka",
    "type": 3,
    "coordinate": {
      "index": 0,
      "latitude": 50.685231,
      "longitude": 13.8554824
    }
  },
  {
    "name": "Grenzwegwächter",
    "type": 2,
    "coordinate": {
      "index": 0,
      "latitude": 50.8105741,
      "longitude": 14.042945
    }
  },
  {
    "name": "Jestřebí",
    "type": 3,
    "coordinate": {
      "index": 0,
      "latitude": 50.6119527,
      "longitude": 14.5807708
    }
  },
  {
    "name": "Landštejn",
    "type": 3,
    "coordinate": {
      "index": 0,
      "latitude": 49.0240181,
      "longitude": 15.2306112
    }
  },
  {
    "name": "Pernštejn",
    "type": 3,
    "coordinate": {
      "index": 0,
      "latitude": 49.4508596,
      "longitude": 16.3183727
    }
  },
  {
    "name": "Žacléř",
    "type": 3,
    "coordinate": {
      "index": 0,
      "latitude": 50.6498538,
      "longitude": 15.9039023
    }
  },
  {
    "name": "Hláska",
    "type": 3,
    "coordinate": {
      "index": 0,
      "latitude": 49.2615344,
      "longitude": 14.7162187
    }
  },
  {
    "name": "Zámek Třemešek",
    "type": 3,
    "coordinate": {
      "index": 0,
      "latitude": 49.9453025,
      "longitude": 16.9979647
    }
  },
  {
    "name": "zámek Bílá Lhota",
    "type": 3,
    "coordinate": {
      "index": 0,
      "latitude": 49.7094824,
      "longitude": 16.9764873
    }
  },
  {
    "name": "Středověký hrad Náměšť",
    "type": 3,
    "coordinate": {
      "index": 0,
      "latitude": 49.6005146,
      "longitude": 17.0622998
    }
  },
  {
    "name": "Býchory",
    "type": 3,
    "coordinate": {
      "index": 0,
      "latitude": 50.0644089,
      "longitude": 15.2770156
    }
  },
  {
    "name": "Konárovice",
    "type": 3,
    "coordinate": {
      "index": 0,
      "latitude": 50.0396604,
      "longitude": 15.2852885
    }
  },
  {
    "name": "Zámek Pašinka",
    "type": 3,
    "coordinate": {
      "index": 0,
      "latitude": 49.9975208,
      "longitude": 15.1866707
    }
  },
  {
    "name": "Zdechovice",
    "type": 3,
    "coordinate": {
      "index": 0,
      "latitude": 50.0137235,
      "longitude": 15.4694303
    }
  },
  {
    "name": "Zámek Žehušice",
    "type": 3,
    "coordinate": {
      "index": 0,
      "latitude": 49.9669567,
      "longitude": 15.412252
    }
  },
  {
    "name": "zámek Nové Dvory",
    "type": 3,
    "coordinate": {
      "index": 0,
      "latitude": 49.9709408,
      "longitude": 15.3225735
    }
  },
  {
    "name": "Zámek Medlešice",
    "type": 3,
    "coordinate": {
      "index": 0,
      "latitude": 49.9786605,
      "longitude": 15.768517
    }
  },
  {
    "name": "Zámek Lesní Hluboké",
    "type": 3,
    "coordinate": {
      "index": 0,
      "latitude": 49.2652942,
      "longitude": 16.308831
    }
  },
  {
    "name": "Zámek Skalka",
    "type": 3,
    "coordinate": {
      "index": 0,
      "latitude": 50.2634071,
      "longitude": 16.2132315
    }
  },
  {
    "name": "zámek Kvasiny",
    "type": 3,
    "coordinate": {
      "index": 0,
      "latitude": 50.2067854,
      "longitude": 16.2507059
    }
  },
  {
    "name": "Zámek Černíkovice",
    "type": 3,
    "coordinate": {
      "index": 0,
      "latitude": 50.1883083,
      "longitude": 16.2143033
    }
  },
  {
    "name": "Zámek Častolovice",
    "type": 3,
    "coordinate": {
      "index": 0,
      "latitude": 50.1307681,
      "longitude": 16.1870122
    }
  },
  {
    "name": "Nový zámek",
    "type": 3,
    "coordinate": {
      "index": 0,
      "latitude": 50.1226323,
      "longitude": 16.1997473
    }
  },
  {
    "name": "Zámek Horní Jelení",
    "type": 3,
    "coordinate": {
      "index": 0,
      "latitude": 50.0492406,
      "longitude": 16.0875967
    }
  },
  {
    "name": "Zámek Přestavlky",
    "type": 3,
    "coordinate": {
      "index": 0,
      "latitude": 50.0694077,
      "longitude": 16.2319348
    }
  },
  {
    "name": "Zubštejn",
    "type": 3,
    "coordinate": {
      "index": 0,
      "latitude": 49.5303996,
      "longitude": 16.3266879
    }
  },
  {
    "name": "Zámek",
    "type": 3,
    "coordinate": {
      "index": 0,
      "latitude": 49.3687855,
      "longitude": 14.9642736
    }
  },
  {
    "name": "Burg Hohenberg",
    "type": 3,
    "coordinate": {
      "index": 0,
      "latitude": 50.0972484,
      "longitude": 12.2242622
    }
  },
  {
    "name": "Újezd",
    "type": 3,
    "coordinate": {
      "index": 0,
      "latitude": 49.3679699,
      "longitude": 16.3211497
    }
  },
  {
    "name": "zámek Staré Hrady",
    "type": 3,
    "coordinate": {
      "index": 0,
      "latitude": 50.3865727,
      "longitude": 15.2138209
    }
  },
  {
    "name": "Hauenštejn",
    "type": 3,
    "coordinate": {
      "index": 0,
      "latitude": 50.3463155,
      "longitude": 13.0177209
    }
  },
  {
    "name": "Doga",
    "type": 2,
    "coordinate": {
      "index": 0,
      "latitude": 50.779495,
      "longitude": 14.047527
    }
  },
  {
    "name": "zámek Vlčí Pole",
    "type": 3,
    "coordinate": {
      "index": 0,
      "latitude": 50.4140648,
      "longitude": 15.1383451
    }
  },
  {
    "name": "Oblajovice",
    "type": 3,
    "coordinate": {
      "index": 0,
      "latitude": 49.4425198,
      "longitude": 14.8831098
    }
  },
  {
    "name": "Hrad Ledeč nad Sázavou",
    "type": 3,
    "coordinate": {
      "index": 0,
      "latitude": 49.6967954,
      "longitude": 15.2806215
    }
  },
  {
    "name": "Zámek Studená",
    "type": 3,
    "coordinate": {
      "index": 0,
      "latitude": 49.1856072,
      "longitude": 15.2868332
    }
  },
  {
    "name": "Hradiště",
    "type": 3,
    "coordinate": {
      "index": 0,
      "latitude": 49.5779612,
      "longitude": 13.5441503
    }
  },
  {
    "name": "Pluhův Žďár",
    "type": 3,
    "coordinate": {
      "index": 0,
      "latitude": 49.2243065,
      "longitude": 14.8925418
    }
  },
  {
    "name": "Hrad Nové Hrady",
    "type": 3,
    "coordinate": {
      "index": 0,
      "latitude": 48.7893761,
      "longitude": 14.7747144
    }
  },
  {
    "name": "zámek Třešť",
    "type": 3,
    "coordinate": {
      "index": 0,
      "latitude": 49.2945973,
      "longitude": 15.4873873
    }
  },
  {
    "name": "Březina",
    "type": 3,
    "coordinate": {
      "index": 0,
      "latitude": 49.8133438,
      "longitude": 13.6051101
    }
  },
  {
    "name": "Salon",
    "type": 3,
    "coordinate": {
      "index": 0,
      "latitude": 49.8088408,
      "longitude": 13.6050207
    }
  },
  {
    "name": "Zřícenina Opárno",
    "type": 3,
    "coordinate": {
      "index": 0,
      "latitude": 50.5423391,
      "longitude": 14.0099147
    }
  },
  {
    "name": "Karlsfried",
    "type": 3,
    "coordinate": {
      "index": 0,
      "latitude": 50.8347588,
      "longitude": 14.7924622
    }
  },
  {
    "name": "zámek Velké Meziříčí",
    "type": 3,
    "coordinate": {
      "index": 0,
      "latitude": 49.3575331,
      "longitude": 16.0118218
    }
  },
  {
    "name": "Pařez",
    "type": 3,
    "coordinate": {
      "index": 0,
      "latitude": 50.4774754,
      "longitude": 15.2758512
    }
  },
  {
    "name": "Zámek Stárkov",
    "type": 3,
    "coordinate": {
      "index": 0,
      "latitude": 50.53351,
      "longitude": 16.1595425
    }
  },
  {
    "name": "Zámek Stračov",
    "type": 3,
    "coordinate": {
      "index": 0,
      "latitude": 50.3012975,
      "longitude": 15.6407727
    }
  },
  {
    "name": "Zámek Malá Skála",
    "type": 3,
    "coordinate": {
      "index": 0,
      "latitude": 50.6463088,
      "longitude": 15.195695
    }
  },
  {
    "name": "Kolowrat",
    "type": 3,
    "coordinate": {
      "index": 0,
      "latitude": 50.1664651,
      "longitude": 16.275795
    }
  },
  {
    "name": "Moravské Budějovice",
    "type": 3,
    "coordinate": {
      "index": 0,
      "latitude": 49.0518374,
      "longitude": 15.8088214
    }
  },
  {
    "name": "Maleš",
    "type": 3,
    "coordinate": {
      "index": 0,
      "latitude": 50.306441,
      "longitude": 13.189122
    }
  },
  {
    "name": "Zámek Dobrohošť",
    "type": 3,
    "coordinate": {
      "index": 0,
      "latitude": 49.6274761,
      "longitude": 14.5243547
    }
  },
  {
    "name": "Milotice",
    "type": 3,
    "coordinate": {
      "index": 0,
      "latitude": 48.9595734,
      "longitude": 17.1377537
    }
  },
  {
    "name": "Rýzmberk",
    "type": 3,
    "coordinate": {
      "index": 0,
      "latitude": 49.406715,
      "longitude": 13.0310421
    }
  },
  {
    "name": "Nový Herštjen",
    "type": 3,
    "coordinate": {
      "index": 0,
      "latitude": 49.4147883,
      "longitude": 13.0656645
    }
  },
  {
    "name": "Zřícenina vodní tvrze",
    "type": 3,
    "coordinate": {
      "index": 0,
      "latitude": 49.6121764,
      "longitude": 14.6312773
    }
  },
  {
    "name": "Dobrš",
    "type": 3,
    "coordinate": {
      "index": 0,
      "latitude": 49.155099,
      "longitude": 13.7515831
    }
  },
  {
    "name": "Janštejn",
    "type": 3,
    "coordinate": {
      "index": 0,
      "latitude": 49.2724475,
      "longitude": 15.3442081
    }
  },
  {
    "name": "Kost",
    "type": 3,
    "coordinate": {
      "index": 0,
      "latitude": 50.4902644,
      "longitude": 15.1350561
    }
  },
  {
    "name": "Frýdštejn",
    "type": 3,
    "coordinate": {
      "index": 0,
      "latitude": 50.6485557,
      "longitude": 15.1688531
    }
  },
  {
    "name": "Hrad Rychumburk",
    "type": 3,
    "coordinate": {
      "index": 0,
      "latitude": 49.8359888,
      "longitude": 16.0430074
    }
  },
  {
    "name": "Zkamenělý zámek",
    "type": 3,
    "coordinate": {
      "index": 0,
      "latitude": 50.4804598,
      "longitude": 14.6176454
    }
  },
  {
    "name": "Zámek Benešov nad Ploučnicí",
    "type": 3,
    "coordinate": {
      "index": 0,
      "latitude": 50.7424834,
      "longitude": 14.3110086
    }
  },
  {
    "name": "Dolní Zámek",
    "type": 3,
    "coordinate": {
      "index": 0,
      "latitude": 50.7420145,
      "longitude": 14.3105057
    }
  },
  {
    "name": "Zámek Svinaře",
    "type": 3,
    "coordinate": {
      "index": 0,
      "latitude": 49.8938451,
      "longitude": 14.1836313
    }
  },
  {
    "name": "Vildštejn",
    "type": 3,
    "coordinate": {
      "index": 0,
      "latitude": 49.8368749,
      "longitude": 15.6537283
    }
  },
  {
    "name": "Oheb",
    "type": 3,
    "coordinate": {
      "index": 0,
      "latitude": 49.8337827,
      "longitude": 15.6535219
    }
  },
  {
    "name": "Rothschildův empirový zámek",
    "type": 3,
    "coordinate": {
      "index": 0,
      "latitude": 49.8172204,
      "longitude": 18.2722245
    }
  },
  {
    "name": "Zámek Hradištko",
    "type": 3,
    "coordinate": {
      "index": 0,
      "latitude": 49.8673775,
      "longitude": 14.41039
    }
  },
  {
    "name": "Čertův hrádek",
    "type": 3,
    "coordinate": {
      "index": 0,
      "latitude": 49.4994801,
      "longitude": 16.9087512
    }
  },
  {
    "name": "Starý Plumlov",
    "type": 3,
    "coordinate": {
      "index": 0,
      "latitude": 49.4426517,
      "longitude": 16.9296654
    }
  },
  {
    "name": "Holštejn",
    "type": 3,
    "coordinate": {
      "index": 0,
      "latitude": 49.4015653,
      "longitude": 16.776299
    }
  },
  {
    "name": "Džbán",
    "type": 3,
    "coordinate": {
      "index": 0,
      "latitude": 49.2930995,
      "longitude": 13.5857377
    }
  },
  {
    "name": "Lamberk",
    "type": 3,
    "coordinate": {
      "index": 0,
      "latitude": 49.1654939,
      "longitude": 16.1682973
    }
  },
  {
    "name": "Sedlecký hrad",
    "type": 3,
    "coordinate": {
      "index": 0,
      "latitude": 49.1666473,
      "longitude": 16.1707315
    }
  },
  {
    "name": "Kostomlaty",
    "type": 3,
    "coordinate": {
      "index": 0,
      "latitude": 50.554347,
      "longitude": 13.8792863
    }
  },
  {
    "name": "Holoubek",
    "type": 3,
    "coordinate": {
      "index": 0,
      "latitude": 49.1718977,
      "longitude": 16.0502548
    }
  },
  {
    "name": "Rychvald",
    "type": 3,
    "coordinate": {
      "index": 0,
      "latitude": 49.4583751,
      "longitude": 16.5114347
    }
  },
  {
    "name": "Osika",
    "type": 3,
    "coordinate": {
      "index": 0,
      "latitude": 49.4437453,
      "longitude": 16.424704
    }
  },
  {
    "name": "Ježův hrad",
    "type": 3,
    "coordinate": {
      "index": 0,
      "latitude": 49.4789744,
      "longitude": 16.9442094
    }
  },
  {
    "name": "zřícenina hradu Výrov",
    "type": 3,
    "coordinate": {
      "index": 0,
      "latitude": 50.3408999,
      "longitude": 16.1593611
    }
  },
  {
    "name": "Zámek Polná",
    "type": 3,
    "coordinate": {
      "index": 0,
      "latitude": 49.4873471,
      "longitude": 15.7141768
    }
  },
  {
    "name": "Hrad Bítov",
    "type": 3,
    "coordinate": {
      "index": 0,
      "latitude": 48.9435146,
      "longitude": 15.7012068
    }
  },
  {
    "name": "Rysov",
    "type": 3,
    "coordinate": {
      "index": 0,
      "latitude": 49.3883224,
      "longitude": 16.3077459
    }
  },
  {
    "name": "Schloss Kanice",
    "type": 3,
    "coordinate": {
      "index": 0,
      "latitude": 49.475611,
      "longitude": 13.0733704
    }
  },
  {
    "name": "zámek Dobřejovice",
    "type": 3,
    "coordinate": {
      "index": 0,
      "latitude": 49.9825149,
      "longitude": 14.5792034
    }
  },
  {
    "name": "Zámek Žerotínů",
    "type": 3,
    "coordinate": {
      "index": 0,
      "latitude": 49.4715912,
      "longitude": 17.9691523
    }
  },
  {
    "name": "Luhov",
    "type": 3,
    "coordinate": {
      "index": 0,
      "latitude": 49.8135867,
      "longitude": 13.1442559
    }
  },
  {
    "name": "Zámek Doksany",
    "type": 3,
    "coordinate": {
      "index": 0,
      "latitude": 50.4547913,
      "longitude": 14.1600068
    }
  },
  {
    "name": "Curia Vitkov",
    "type": 3,
    "coordinate": {
      "index": 0,
      "latitude": 50.8571809,
      "longitude": 14.9790324
    }
  },
  {
    "name": "Dvůr v Šumbarku v Havířově",
    "type": 3,
    "coordinate": {
      "index": 0,
      "latitude": 49.7873192,
      "longitude": 18.4150973
    }
  },
  {
    "name": "Zámek v Karviné-Fryštátě",
    "type": 3,
    "coordinate": {
      "index": 0,
      "latitude": 49.85349,
      "longitude": 18.541065
    }
  },
  {
    "name": "Zámek ve Frýdku-Místku, Muzeum Beskyd",
    "type": 3,
    "coordinate": {
      "index": 0,
      "latitude": 49.685875,
      "longitude": 18.346331
    }
  },
  {
    "name": "Zámek Olešovice",
    "type": 3,
    "coordinate": {
      "index": 0,
      "latitude": 49.9052675,
      "longitude": 14.5894862
    }
  },
  {
    "name": "Věž Dlouhého dolu",
    "type": 2,
    "coordinate": {
      "index": 0,
      "latitude": 50.886694,
      "longitude": 14.275111
    }
  },
  {
    "name": "Pastýřská stěna",
    "type": 2,
    "coordinate": {
      "index": 0,
      "latitude": 50.8923213,
      "longitude": 14.2742266
    }
  },
  {
    "name": "zámek Pohled",
    "type": 3,
    "coordinate": {
      "index": 0,
      "latitude": 49.6039238,
      "longitude": 15.6504555
    }
  },
  {
    "name": "Zámek Litomyšl",
    "type": 3,
    "coordinate": {
      "index": 0,
      "latitude": 49.8733185,
      "longitude": 16.3127532
    }
  },
  {
    "name": "Dědova vyhlídka",
    "type": 2,
    "coordinate": {
      "index": 0,
      "latitude": 50.781383,
      "longitude": 14.044556
    }
  },
  {
    "name": "Suk",
    "type": 2,
    "coordinate": {
      "index": 0,
      "latitude": 50.786444,
      "longitude": 14.041972
    }
  },
  {
    "name": "Dívčí věž",
    "type": 2,
    "coordinate": {
      "index": 0,
      "latitude": 50.786806,
      "longitude": 14.041466
    }
  },
  {
    "name": "Rýzmburk",
    "type": 3,
    "coordinate": {
      "index": 0,
      "latitude": 50.6335401,
      "longitude": 13.6649221
    }
  },
  {
    "name": "Zámek Rychvald",
    "type": 3,
    "coordinate": {
      "index": 0,
      "latitude": 49.8648699,
      "longitude": 18.3518623
    }
  },
  {
    "name": "Letní residence Velmistra řádu Křížovníků s červenou hvězdou",
    "type": 3,
    "coordinate": {
      "index": 0,
      "latitude": 49.9259317,
      "longitude": 14.2745697
    }
  },
  {
    "name": "Zámek Jezeří",
    "type": 3,
    "coordinate": {
      "index": 0,
      "latitude": 50.5539377,
      "longitude": 13.5049541
    }
  },
  {
    "name": "Krásný Buk",
    "type": 3,
    "coordinate": {
      "index": 0,
      "latitude": 50.9207154,
      "longitude": 14.4835325
    }
  },
  {
    "name": "Chebský hrad",
    "type": 3,
    "coordinate": {
      "index": 0,
      "latitude": 50.0812483,
      "longitude": 12.3660912
    }
  },
  {
    "name": "Hrad Falkenštejn",
    "type": 3,
    "coordinate": {
      "index": 0,
      "latitude": 50.8548285,
      "longitude": 14.4054353
    }
  },
  {
    "name": "Bělá pod Bezdězem",
    "type": 3,
    "coordinate": {
      "index": 0,
      "latitude": 50.5013433,
      "longitude": 14.8078326
    }
  },
  {
    "name": "Jevin",
    "type": 3,
    "coordinate": {
      "index": 0,
      "latitude": 50.3453396,
      "longitude": 14.3339527
    }
  },
  {
    "name": "Prácheň",
    "type": 3,
    "coordinate": {
      "index": 0,
      "latitude": 49.3158933,
      "longitude": 13.6814964
    }
  },
  {
    "name": "Cimburk",
    "type": 3,
    "coordinate": {
      "index": 0,
      "latitude": 49.7087924,
      "longitude": 16.7328564
    }
  },
  {
    "name": "Jaroměřice",
    "type": 3,
    "coordinate": {
      "index": 0,
      "latitude": 49.6270405,
      "longitude": 16.7543736
    }
  },
  {
    "name": "Zámek Doksy",
    "type": 3,
    "coordinate": {
      "index": 0,
      "latitude": 50.5648038,
      "longitude": 14.6526163
    }
  },
  {
    "name": "Bukovina",
    "type": 3,
    "coordinate": {
      "index": 0,
      "latitude": 49.00212,
      "longitude": 15.93084
    }
  },
  {
    "name": "Tvrz Zvíkov",
    "type": 3,
    "coordinate": {
      "index": 0,
      "latitude": 48.9805386,
      "longitude": 14.6182692
    }
  },
  {
    "name": "bývalá tvrz Dešenice",
    "type": 3,
    "coordinate": {
      "index": 0,
      "latitude": 49.2744314,
      "longitude": 13.1723434
    }
  },
  {
    "name": "Burg Hardegg",
    "type": 3,
    "coordinate": {
      "index": 0,
      "latitude": 48.8537348,
      "longitude": 15.8568766
    }
  },
  {
    "name": "Šardická Rezidence",
    "type": 3,
    "coordinate": {
      "index": 0,
      "latitude": 48.9633852,
      "longitude": 17.0242127
    }
  },
  {
    "name": "Loket",
    "type": 3,
    "coordinate": {
      "index": 0,
      "latitude": 50.1871182,
      "longitude": 12.7542787
    }
  },
  {
    "name": "Zámek Blatná",
    "type": 3,
    "coordinate": {
      "index": 0,
      "latitude": 49.422758,
      "longitude": 13.8795685
    }
  },
  {
    "name": "Zámek Hlučín",
    "type": 3,
    "coordinate": {
      "index": 0,
      "latitude": 49.8963026,
      "longitude": 18.1854683
    }
  },
  {
    "name": "zámek Nebřenice",
    "type": 3,
    "coordinate": {
      "index": 0,
      "latitude": 49.944276,
      "longitude": 14.6057711
    }
  },
  {
    "name": "Kyšperk",
    "type": 3,
    "coordinate": {
      "index": 0,
      "latitude": 50.6956636,
      "longitude": 13.8895227
    }
  },
  {
    "name": "tvrz Starý dvůr",
    "type": 3,
    "coordinate": {
      "index": 0,
      "latitude": 50.6826794,
      "longitude": 13.8663162
    }
  },
  {
    "name": "Zámek Libice nad Doubravou",
    "type": 3,
    "coordinate": {
      "index": 0,
      "latitude": 49.7447549,
      "longitude": 15.7027811
    }
  },
  {
    "name": "Kostel sv. Jiljí (Libice n.D.)",
    "type": 3,
    "coordinate": {
      "index": 0,
      "latitude": 49.7452155,
      "longitude": 15.7049286
    }
  },
  {
    "name": "Zámek Chotěboř",
    "type": 3,
    "coordinate": {
      "index": 0,
      "latitude": 49.7254152,
      "longitude": 15.6738347
    }
  },
  {
    "name": "Zámek Brantice",
    "type": 3,
    "coordinate": {
      "index": 0,
      "latitude": 50.0624079,
      "longitude": 17.6247311
    }
  },
  {
    "name": "Zámek Jince",
    "type": 3,
    "coordinate": {
      "index": 0,
      "latitude": 49.788571,
      "longitude": 13.9780337
    }
  },
  {
    "name": "Zámek Hraběšín",
    "type": 3,
    "coordinate": {
      "index": 0,
      "latitude": 49.8520994,
      "longitude": 15.3330003
    }
  },
  {
    "name": "Zámek Červené Janovice",
    "type": 3,
    "coordinate": {
      "index": 0,
      "latitude": 49.8352475,
      "longitude": 15.2537951
    }
  },
  {
    "name": "zámek Ořechov",
    "type": 3,
    "coordinate": {
      "index": 0,
      "latitude": 49.0308424,
      "longitude": 17.3022705
    }
  },
  {
    "name": "Chudý hrádek",
    "type": 3,
    "coordinate": {
      "index": 0,
      "latitude": 50.5894936,
      "longitude": 14.507423
    }
  },
  {
    "name": "Drštka",
    "type": 3,
    "coordinate": {
      "index": 0,
      "latitude": 49.6681254,
      "longitude": 13.7099086
    }
  },
  {
    "name": "Zámek Žirovnice",
    "type": 3,
    "coordinate": {
      "index": 0,
      "latitude": 49.2517538,
      "longitude": 15.183685
    }
  },
  {
    "name": "Trvz Radomilice",
    "type": 3,
    "coordinate": {
      "index": 0,
      "latitude": 49.1243947,
      "longitude": 14.2601246
    }
  },
  {
    "name": "Zámek Fulnek",
    "type": 3,
    "coordinate": {
      "index": 0,
      "latitude": 49.7123862,
      "longitude": 17.9068805
    }
  },
  {
    "name": "zámek Hukovice",
    "type": 3,
    "coordinate": {
      "index": 0,
      "latitude": 49.6510487,
      "longitude": 18.0215813
    }
  },
  {
    "name": "Zámek Dolní Lutyně",
    "type": 3,
    "coordinate": {
      "index": 0,
      "latitude": 49.9011933,
      "longitude": 18.430832
    }
  },
  {
    "name": "Rozhledna Zámeček",
    "type": 3,
    "coordinate": {
      "index": 0,
      "latitude": 50.1197629,
      "longitude": 12.3681064
    }
  },
  {
    "name": "Tetřeví výspa",
    "type": 2,
    "coordinate": {
      "index": 0,
      "latitude": 50.891222,
      "longitude": 14.268111
    }
  },
  {
    "name": "Sokolí hrad",
    "type": 2,
    "coordinate": {
      "index": 0,
      "latitude": 50.887888,
      "longitude": 14.270527
    }
  },
  {
    "name": "Matzseidelova stěna",
    "type": 2,
    "coordinate": {
      "index": 0,
      "latitude": 50.888444,
      "longitude": 14.271583
    }
  },
  {
    "name": "Velký tetřev",
    "type": 2,
    "coordinate": {
      "index": 0,
      "latitude": 50.890166,
      "longitude": 14.268472
    }
  },
  {
    "name": "Vysoký roh",
    "type": 2,
    "coordinate": {
      "index": 0,
      "latitude": 50.886861,
      "longitude": 14.28175
    }
  },
  {
    "name": "Zámek Laškov",
    "type": 3,
    "coordinate": {
      "index": 0,
      "latitude": 49.5840491,
      "longitude": 17.0008935
    }
  },
  {
    "name": "Bašta",
    "type": 3,
    "coordinate": {
      "index": 0,
      "latitude": 49.4820881,
      "longitude": 16.6577689
    }
  },
  {
    "name": "Červenice",
    "type": 3,
    "coordinate": {
      "index": 0,
      "latitude": 49.8121361,
      "longitude": 15.5119613
    }
  },
  {
    "name": "tvrz Cukrnštejn",
    "type": 3,
    "coordinate": {
      "index": 0,
      "latitude": 48.7753765,
      "longitude": 14.7505707
    }
  },
  {
    "name": "Zámek Červený Dvůr",
    "type": 3,
    "coordinate": {
      "index": 0,
      "latitude": 48.8456623,
      "longitude": 14.2307378
    }
  },
  {
    "name": "Tvrziště Oráčov",
    "type": 3,
    "coordinate": {
      "index": 0,
      "latitude": 50.1026312,
      "longitude": 13.5371137
    }
  },
  {
    "name": "Durana - hradiště",
    "type": 3,
    "coordinate": {
      "index": 0,
      "latitude": 49.5911605,
      "longitude": 16.7817739
    }
  },
  {
    "name": "Zámeček Věžky",
    "type": 3,
    "coordinate": {
      "index": 0,
      "latitude": 49.2852632,
      "longitude": 17.2813133
    }
  },
  {
    "name": "zámek Kroměříž",
    "type": 3,
    "coordinate": {
      "index": 0,
      "latitude": 49.3004104,
      "longitude": 17.3935355
    }
  },
  {
    "name": "Chropyňský zámek",
    "type": 3,
    "coordinate": {
      "index": 0,
      "latitude": 49.3555147,
      "longitude": 17.3648698
    }
  },
  {
    "name": "Zámek Budišov",
    "type": 3,
    "coordinate": {
      "index": 0,
      "latitude": 49.2754574,
      "longitude": 16.0126933
    }
  },
  {
    "name": "Chřenovice hrad",
    "type": 3,
    "coordinate": {
      "index": 0,
      "latitude": 49.7083243,
      "longitude": 15.2354994
    }
  },
  {
    "name": "Hrádek Kunzov",
    "type": 3,
    "coordinate": {
      "index": 0,
      "latitude": 49.5852584,
      "longitude": 17.6887414
    }
  },
  {
    "name": "Zámek Horní Cerekev",
    "type": 3,
    "coordinate": {
      "index": 0,
      "latitude": 49.3189572,
      "longitude": 15.3312339
    }
  },
  {
    "name": "Zámek Čertousy",
    "type": 3,
    "coordinate": {
      "index": 0,
      "latitude": 50.1196569,
      "longitude": 14.6321925
    }
  },
  {
    "name": "Ivanovice na Hané",
    "type": 3,
    "coordinate": {
      "index": 0,
      "latitude": 49.3050251,
      "longitude": 17.0952469
    }
  },
  {
    "name": "Chvalkovice na Hané",
    "type": 3,
    "coordinate": {
      "index": 0,
      "latitude": 49.3194261,
      "longitude": 17.1155632
    }
  },
  {
    "name": "Plankenberk",
    "type": 3,
    "coordinate": {
      "index": 0,
      "latitude": 49.6475285,
      "longitude": 16.7830433
    }
  },
  {
    "name": "Rabštejn",
    "type": 3,
    "coordinate": {
      "index": 0,
      "latitude": 49.0969619,
      "longitude": 16.1536104
    }
  },
  {
    "name": "Zámek Zruč nad Sázavou",
    "type": 3,
    "coordinate": {
      "index": 0,
      "latitude": 49.744392,
      "longitude": 15.1016113
    }
  },
  {
    "name": "Zámek Soutice",
    "type": 3,
    "coordinate": {
      "index": 0,
      "latitude": 49.7282058,
      "longitude": 15.0546153
    }
  },
  {
    "name": "Pecihrádek",
    "type": 3,
    "coordinate": {
      "index": 0,
      "latitude": 49.7651856,
      "longitude": 13.4152134
    }
  },
  {
    "name": "Zámek Dalešice",
    "type": 3,
    "coordinate": {
      "index": 0,
      "latitude": 49.127432,
      "longitude": 16.0787287
    }
  },
  {
    "name": "Zámek Přerov",
    "type": 3,
    "coordinate": {
      "index": 0,
      "latitude": 49.4553045,
      "longitude": 17.4509653
    }
  },
  {
    "name": "Vlčí hrádek",
    "type": 3,
    "coordinate": {
      "index": 0,
      "latitude": 50.9257791,
      "longitude": 14.4387757
    }
  },
  {
    "name": "Zámek Cetechovice",
    "type": 3,
    "coordinate": {
      "index": 0,
      "latitude": 49.1745705,
      "longitude": 17.2600081
    }
  },
  {
    "name": "Tvrz Vranová Lhota",
    "type": 3,
    "coordinate": {
      "index": 0,
      "latitude": 49.7110734,
      "longitude": 16.8270179
    }
  },
  {
    "name": "Vraní Hora",
    "type": 3,
    "coordinate": {
      "index": 0,
      "latitude": 49.7160999,
      "longitude": 16.8102005
    }
  },
  {
    "name": "zámeček Strážovice",
    "type": 3,
    "coordinate": {
      "index": 0,
      "latitude": 49.0091962,
      "longitude": 17.0469486
    }
  },
  {
    "name": "zámek Markvartice",
    "type": 3,
    "coordinate": {
      "index": 0,
      "latitude": 50.7713646,
      "longitude": 14.3520867
    }
  },
  {
    "name": "Zámek Citov",
    "type": 3,
    "coordinate": {
      "index": 0,
      "latitude": 49.4654605,
      "longitude": 17.3267666
    }
  },
  {
    "name": "Větrov",
    "type": 3,
    "coordinate": {
      "index": 0,
      "latitude": 50.8141844,
      "longitude": 14.7958909
    }
  },
  {
    "name": "tvrz Mrač",
    "type": 3,
    "coordinate": {
      "index": 0,
      "latitude": 49.8325829,
      "longitude": 14.7012115
    }
  },
  {
    "name": "Lipý",
    "type": 3,
    "coordinate": {
      "index": 0,
      "latitude": 50.6836899,
      "longitude": 14.5395474
    }
  },
  {
    "name": "zámek Zduchovice",
    "type": 3,
    "coordinate": {
      "index": 0,
      "latitude": 49.6376207,
      "longitude": 14.2118164
    }
  },
  {
    "name": "Kozlov",
    "type": 3,
    "coordinate": {
      "index": 0,
      "latitude": 49.175055,
      "longitude": 16.0477422
    }
  },
  {
    "name": "Kavčiny",
    "type": 3,
    "coordinate": {
      "index": 0,
      "latitude": 50.5586674,
      "longitude": 15.1637729
    }
  },
  {
    "name": "Pravčická stěna",
    "type": 2,
    "coordinate": {
      "index": 0,
      "latitude": 50.8845962,
      "longitude": 14.2836001
    }
  },
  {
    "name": "Blansek",
    "type": 3,
    "coordinate": {
      "index": 0,
      "latitude": 49.3712039,
      "longitude": 16.7231342
    }
  },
  {
    "name": "Stohánek",
    "type": 3,
    "coordinate": {
      "index": 0,
      "latitude": 50.6742745,
      "longitude": 14.8429263
    }
  },
  {
    "name": "Branka",
    "type": 3,
    "coordinate": {
      "index": 0,
      "latitude": 49.6673961,
      "longitude": 16.9037116
    }
  },
  {
    "name": "Kunžvart",
    "type": 3,
    "coordinate": {
      "index": 0,
      "latitude": 48.9209727,
      "longitude": 13.7094165
    }
  },
  {
    "name": "Zámek Klečůvka",
    "type": 3,
    "coordinate": {
      "index": 0,
      "latitude": 49.2290063,
      "longitude": 17.773605
    }
  },
  {
    "name": "Zámek Světlá nad Sázavou",
    "type": 3,
    "coordinate": {
      "index": 0,
      "latitude": 49.6671081,
      "longitude": 15.4071939
    }
  },
  {
    "name": "Vilémov",
    "type": 3,
    "coordinate": {
      "index": 0,
      "latitude": 49.8094629,
      "longitude": 15.5290197
    }
  },
  {
    "name": "CHRÁM sv. BARTOLOMĚJE temple",
    "type": 3,
    "coordinate": {
      "index": 0,
      "latitude": 50.0266593,
      "longitude": 15.2016718
    }
  },
  {
    "name": "Smilkovský zámek",
    "type": 3,
    "coordinate": {
      "index": 0,
      "latitude": 49.6009372,
      "longitude": 14.6190011
    }
  },
  {
    "name": "Zámek Hovězí",
    "type": 3,
    "coordinate": {
      "index": 0,
      "latitude": 49.303594,
      "longitude": 18.0591538
    }
  },
  {
    "name": "Talmberk - zřícenina/ ruins",
    "type": 3,
    "coordinate": {
      "index": 0,
      "latitude": 49.8672403,
      "longitude": 14.955811
    }
  },
  {
    "name": "Zámek Komařice",
    "type": 3,
    "coordinate": {
      "index": 0,
      "latitude": 48.8778482,
      "longitude": 14.5451873
    }
  },
  {
    "name": "Zámek Římov",
    "type": 3,
    "coordinate": {
      "index": 0,
      "latitude": 48.8566116,
      "longitude": 14.4892903
    }
  },
  {
    "name": "Zámek Postoloprty",
    "type": 3,
    "coordinate": {
      "index": 0,
      "latitude": 50.359077,
      "longitude": 13.7014259
    }
  },
  {
    "name": "zámek Hořice",
    "type": 3,
    "coordinate": {
      "index": 0,
      "latitude": 50.3701548,
      "longitude": 15.6357372
    }
  },
  {
    "name": "Zbyny",
    "type": 3,
    "coordinate": {
      "index": 0,
      "latitude": 50.6392,
      "longitude": 14.827442
    }
  },
  {
    "name": "Zámek Kostomlaty pod Milešovkou",
    "type": 3,
    "coordinate": {
      "index": 0,
      "latitude": 50.561972,
      "longitude": 13.8717887
    }
  },
  {
    "name": "zřícenina hradu Rabštejn nad Střelou",
    "type": 3,
    "coordinate": {
      "index": 0,
      "latitude": 50.0421961,
      "longitude": 13.2902503
    }
  },
  {
    "name": "Zámek Štěkeň",
    "type": 3,
    "coordinate": {
      "index": 0,
      "latitude": 49.2673768,
      "longitude": 14.0031393
    }
  },
  {
    "name": "Zámek Rudolfov",
    "type": 3,
    "coordinate": {
      "index": 0,
      "latitude": 48.9927915,
      "longitude": 14.5360155
    }
  },
  {
    "name": "zámek Česká Kamenice",
    "type": 3,
    "coordinate": {
      "index": 0,
      "latitude": 50.7985427,
      "longitude": 14.4164475
    }
  },
  {
    "name": "Salhausenovský dům",
    "type": 3,
    "coordinate": {
      "index": 0,
      "latitude": 50.7999174,
      "longitude": 14.4127594
    }
  },
  {
    "name": "Dolní Štěpanice",
    "type": 3,
    "coordinate": {
      "index": 0,
      "latitude": 50.6397044,
      "longitude": 15.5399816
    }
  },
  {
    "name": "Zámek Doubravice (nepříst.)",
    "type": 3,
    "coordinate": {
      "index": 0,
      "latitude": 48.9353945,
      "longitude": 14.5099346
    }
  },
  {
    "name": "Starý Hrozňatov",
    "type": 3,
    "coordinate": {
      "index": 0,
      "latitude": 50.0240394,
      "longitude": 12.3907018
    }
  },
  {
    "name": "Zámek Spálov",
    "type": 3,
    "coordinate": {
      "index": 0,
      "latitude": 49.7046715,
      "longitude": 17.7210698
    }
  },
  {
    "name": "Hrad Švecburg",
    "type": 3,
    "coordinate": {
      "index": 0,
      "latitude": 49.1866268,
      "longitude": 14.0100104
    }
  },
  {
    "name": "Zámek Rokytnice v Orlických horách",
    "type": 3,
    "coordinate": {
      "index": 0,
      "latitude": 50.1654996,
      "longitude": 16.4643939
    }
  },
  {
    "name": "Zámek Velichov",
    "type": 3,
    "coordinate": {
      "index": 0,
      "latitude": 50.2842295,
      "longitude": 13.0096048
    }
  },
  {
    "name": "Strálek",
    "type": 3,
    "coordinate": {
      "index": 0,
      "latitude": 49.90873,
      "longitude": 17.2549892
    }
  },
  {
    "name": "Vísky",
    "type": 3,
    "coordinate": {
      "index": 0,
      "latitude": 49.8577425,
      "longitude": 13.3353585
    }
  },
  {
    "name": "Zdíkův palác",
    "type": 3,
    "coordinate": {
      "index": 0,
      "latitude": 49.5980056,
      "longitude": 17.2623591
    }
  },
  {
    "name": "Červený Újezd",
    "type": 3,
    "coordinate": {
      "index": 0,
      "latitude": 50.0720573,
      "longitude": 14.1653445
    }
  },
  {
    "name": "Neuberk",
    "type": 3,
    "coordinate": {
      "index": 0,
      "latitude": 50.4035726,
      "longitude": 14.8855634
    }
  },
  {
    "name": "Petrkov",
    "type": 3,
    "coordinate": {
      "index": 0,
      "latitude": 49.5684067,
      "longitude": 15.5571029
    }
  },
  {
    "name": "Zámek Žleby",
    "type": 3,
    "coordinate": {
      "index": 0,
      "latitude": 49.8877642,
      "longitude": 15.4833683
    }
  },
  {
    "name": "zámek Brloh",
    "type": 3,
    "coordinate": {
      "index": 0,
      "latitude": 49.3268352,
      "longitude": 14.0151831
    }
  },
  {
    "name": "Zámek Trmice",
    "type": 3,
    "coordinate": {
      "index": 0,
      "latitude": 50.6423485,
      "longitude": 13.9918062
    }
  },
  {
    "name": "zámek Rantířov",
    "type": 3,
    "coordinate": {
      "index": 0,
      "latitude": 49.408886,
      "longitude": 15.5142134
    }
  },
  {
    "name": "Hrad Pěčín",
    "type": 3,
    "coordinate": {
      "index": 0,
      "latitude": 50.1618341,
      "longitude": 16.3989587
    }
  },
  {
    "name": "Zámek s Bzeneckou lípou, zámecké sklepy a zřícenina kaple na Starém hradě",
    "type": 3,
    "coordinate": {
      "index": 0,
      "latitude": 48.9759767,
      "longitude": 17.263355
    }
  },
  {
    "name": "Schloss Frainspitz",
    "type": 3,
    "coordinate": {
      "index": 0,
      "latitude": 48.9603909,
      "longitude": 16.4291452
    }
  },
  {
    "name": "Burg Gans",
    "type": 3,
    "coordinate": {
      "index": 0,
      "latitude": 48.9575861,
      "longitude": 13.9292429
    }
  },
  {
    "name": "Hradisko Kněževes",
    "type": 3,
    "coordinate": {
      "index": 0,
      "latitude": 49.5971455,
      "longitude": 16.420261
    }
  },
  {
    "name": "Hradiště",
    "type": 3,
    "coordinate": {
      "index": 0,
      "latitude": 49.6722129,
      "longitude": 16.7853331
    }
  },
  {
    "name": "Čekanice",
    "type": 3,
    "coordinate": {
      "index": 0,
      "latitude": 49.3759518,
      "longitude": 13.8840808
    }
  },
  {
    "name": "Pražský Hrad",
    "type": 3,
    "coordinate": {
      "index": 0,
      "latitude": 50.0912427,
      "longitude": 14.4037743
    }
  },
  {
    "name": "Zámek Horní Chlum",
    "type": 3,
    "coordinate": {
      "index": 0,
      "latitude": 49.1895486,
      "longitude": 13.4425852
    }
  },
  {
    "name": "Zámek Dolejší Těšov",
    "type": 3,
    "coordinate": {
      "index": 0,
      "latitude": 49.1883285,
      "longitude": 13.4281388
    }
  },
  {
    "name": "Tvrz Svojšice",
    "type": 3,
    "coordinate": {
      "index": 0,
      "latitude": 49.2434444,
      "longitude": 13.4519193
    }
  },
  {
    "name": "Zámek Mokrosuky",
    "type": 3,
    "coordinate": {
      "index": 0,
      "latitude": 49.2754226,
      "longitude": 13.4553364
    }
  },
  {
    "name": "Zámek Slapy",
    "type": 3,
    "coordinate": {
      "index": 0,
      "latitude": 49.8119302,
      "longitude": 14.3969955
    }
  },
  {
    "name": "Zámek Mačice",
    "type": 3,
    "coordinate": {
      "index": 0,
      "latitude": 49.2262056,
      "longitude": 13.6779651
    }
  },
  {
    "name": "Tvrz Hvížďalka",
    "type": 3,
    "coordinate": {
      "index": 0,
      "latitude": 49.2705847,
      "longitude": 13.7178992
    }
  },
  {
    "name": "Zámek Vojnice",
    "type": 3,
    "coordinate": {
      "index": 0,
      "latitude": 49.2253158,
      "longitude": 13.7060988
    }
  },
  {
    "name": "Zámek Mochtín",
    "type": 3,
    "coordinate": {
      "index": 0,
      "latitude": 49.3601272,
      "longitude": 13.3566123
    }
  },
  {
    "name": "Zámek Nový Čestín",
    "type": 3,
    "coordinate": {
      "index": 0,
      "latitude": 49.3605045,
      "longitude": 13.3684543
    }
  },
  {
    "name": "Zámek Loděnice",
    "type": 3,
    "coordinate": {
      "index": 0,
      "latitude": 49.0126336,
      "longitude": 16.4659274
    }
  },
  {
    "name": "Zámek Tulešice",
    "type": 3,
    "coordinate": {
      "index": 0,
      "latitude": 49.0394302,
      "longitude": 16.2057642
    }
  },
  {
    "name": "Zámek Štoky",
    "type": 3,
    "coordinate": {
      "index": 0,
      "latitude": 49.501949,
      "longitude": 15.5889795
    }
  },
  {
    "name": "Tvrz Kouskova Lhota",
    "type": 3,
    "coordinate": {
      "index": 0,
      "latitude": 49.3355449,
      "longitude": 13.2937156
    }
  },
  {
    "name": "Zámek Nemilkov",
    "type": 3,
    "coordinate": {
      "index": 0,
      "latitude": 49.2639425,
      "longitude": 13.3618972
    }
  },
  {
    "name": "Rešov",
    "type": 3,
    "coordinate": {
      "index": 0,
      "latitude": 49.8871196,
      "longitude": 17.2080202
    }
  },
  {
    "name": "Starý zámek Týnec",
    "type": 3,
    "coordinate": {
      "index": 0,
      "latitude": 49.3462232,
      "longitude": 13.2643899
    }
  },
  {
    "name": "Zámek Týnec",
    "type": 3,
    "coordinate": {
      "index": 0,
      "latitude": 49.3464923,
      "longitude": 13.2634485
    }
  },
  {
    "name": "Zámek Malonice",
    "type": 3,
    "coordinate": {
      "index": 0,
      "latitude": 49.2898933,
      "longitude": 13.3780619
    }
  },
  {
    "name": "Horky nad Jizerou",
    "type": 3,
    "coordinate": {
      "index": 0,
      "latitude": 50.3272182,
      "longitude": 14.8572922
    }
  },
  {
    "name": "Zámek Chotoviny",
    "type": 3,
    "coordinate": {
      "index": 0,
      "latitude": 49.478904,
      "longitude": 14.6811049
    }
  },
  {
    "name": "Tvrz Mnich",
    "type": 3,
    "coordinate": {
      "index": 0,
      "latitude": 49.2977374,
      "longitude": 14.9681448
    }
  },
  {
    "name": "Zámek Zlonice",
    "type": 3,
    "coordinate": {
      "index": 0,
      "latitude": 50.2854027,
      "longitude": 14.0933146
    }
  },
  {
    "name": "Zřícenina hradu Stejc",
    "type": 3,
    "coordinate": {
      "index": 0,
      "latitude": 49.7219,
      "longitude": 14.5580179
    }
  },
  {
    "name": "Myšlín",
    "type": 3,
    "coordinate": {
      "index": 0,
      "latitude": 50.581872,
      "longitude": 14.6464443
    }
  },
  {
    "name": "Zámek Líšno",
    "type": 3,
    "coordinate": {
      "index": 0,
      "latitude": 49.7341474,
      "longitude": 14.6885445
    }
  }
]