[
  {
    "coordinate": {
      "index": 0,
      "latitude": 49.93,
      "longitude": 15.2335
    },
    "handle": 2199862773,
    "identification": "LKCVA",
    "link": "LKCV",
    "name": "LKCV ALFA",
    "sun": {
      "astronomicalDawn": "2022-01-25T05:08:00Z",
      "astronomicalDusk": "2022-01-25T15:15:00Z",
      "civilDawn": "2022-01-25T05:43:00Z",
      "civilDusk": "2022-01-25T14:40:00Z",
      "date": "2022-01-24T23:00:00Z"
    },
    "thumbprint": "169e47482c52ef79793022b5a0334d25485ab81019a036f4fed17bc500062459"
  },
  {
    "coordinate": {
      "index": 0,
      "latitude": 49.9014,
      "longitude": 15.9358
    },
    "handle": 2876467778,
    "identification": "LKPDS",
    "link": "LKPD",
    "name": "LKPD SIERRA",
    "sun": {
      "astronomicalDawn": "2022-01-25T05:05:00Z",
      "astronomicalDusk": "2022-01-25T15:13:00Z",
      "civilDawn": "2022-01-25T05:41:00Z",
      "civilDusk": "2022-01-25T14:37:00Z",
      "date": "2022-01-24T23:00:00Z"
    },
    "thumbprint": "c46c9ad71371751b51c6169373bbe0f9f3de28e522421f970c1575756b4b95fc"
  },
  {
    "coordinate": {
      "index": 0,
      "latitude": 49.1939,
      "longitude": 16.22
    },
    "handle": 1099914596,
    "identification": "LKNAB",
    "link": "LKNA",
    "name": "LKNA BRAVO",
    "sun": {
      "astronomicalDawn": "2022-01-25T05:02:00Z",
      "astronomicalDusk": "2022-01-25T15:13:00Z",
      "civilDawn": "2022-01-25T05:37:00Z",
      "civilDusk": "2022-01-25T14:38:00Z",
      "date": "2022-01-24T23:00:00Z"
    },
    "thumbprint": "cb23d7f9b21d5d81852e244bbcfca5fc256daa77a9e0560adb64d2243efea0a5"
  },
  {
    "coordinate": {
      "index": 0,
      "latitude": 49.1397,
      "longitude": 16.0625
    },
    "handle": 941996905,
    "identification": "LKNAA",
    "link": "LKNA",
    "name": "LKNA ALFA",
    "sun": {
      "astronomicalDawn": "2022-01-25T05:02:00Z",
      "astronomicalDusk": "2022-01-25T15:14:00Z",
      "civilDawn": "2022-01-25T05:37:00Z",
      "civilDusk": "2022-01-25T14:39:00Z",
      "date": "2022-01-24T23:00:00Z"
    },
    "thumbprint": "cc2f2318775ed6fee5cac0549a147c663fd9111963fdf3e437b9ef65b4012847"
  },
  {
    "coordinate": {
      "index": 0,
      "latitude": 49.8627,
      "longitude": 15.0666
    },
    "handle": 1865889145,
    "identification": "LKCVJ",
    "link": "LKCV",
    "name": "LKCV JANO",
    "sun": {
      "astronomicalDawn": "2022-01-25T05:08:00Z",
      "astronomicalDusk": "2022-01-25T15:16:00Z",
      "civilDawn": "2022-01-25T05:44:00Z",
      "civilDusk": "2022-01-25T14:41:00Z",
      "date": "2022-01-24T23:00:00Z"
    },
    "thumbprint": "f40b061815b2f50c5d389fdf0804e1774df0c73d5d791f20bf014c9e03163b1f"
  },
  {
    "coordinate": {
      "index": 0,
      "latitude": 50.1653,
      "longitude": 15.795
    },
    "handle": 1170110817,
    "identification": "LKHKO",
    "link": "LKHK",
    "name": "LKHK OPAT",
    "sun": {
      "astronomicalDawn": "2022-01-25T05:06:00Z",
      "astronomicalDusk": "2022-01-25T15:13:00Z",
      "civilDawn": "2022-01-25T05:42:00Z",
      "civilDusk": "2022-01-25T14:37:00Z",
      "date": "2022-01-24T23:00:00Z"
    },
    "thumbprint": "0538f1ffef6e5f4109d4b948f543301baf5a0ce40f516fd3fd2e9fd1cc8b54bb"
  },
  {
    "coordinate": {
      "index": 0,
      "latitude": 50.3333,
      "longitude": 15.7242
    },
    "handle": 226507159,
    "identification": "LKHKE",
    "link": "LKHK",
    "name": "LKHK CEPRO",
    "sun": {
      "astronomicalDawn": "2022-01-25T05:07:00Z",
      "astronomicalDusk": "2022-01-25T15:12:00Z",
      "civilDawn": "2022-01-25T05:43:00Z",
      "civilDusk": "2022-01-25T14:36:00Z",
      "date": "2022-01-24T23:00:00Z"
    },
    "thumbprint": "d4db8bb7b63e7d96fdd2b0959ab3ac5eca95c1384abceb63b70a203a11adbce2"
  },
  {
    "coordinate": {
      "index": 0,
      "latitude": 50.2631,
      "longitude": 15.9322
    },
    "handle": 1796585728,
    "identification": "LKHKC",
    "link": "LKHK",
    "name": "LKHK CELOV",
    "sun": {
      "astronomicalDawn": "2022-01-25T05:06:00Z",
      "astronomicalDusk": "2022-01-25T15:12:00Z",
      "civilDawn": "2022-01-25T05:42:00Z",
      "civilDusk": "2022-01-25T14:36:00Z",
      "date": "2022-01-24T23:00:00Z"
    },
    "thumbprint": "28e7a721ad50c2452bc3559f9eeb5263ea758d2b67b05163c68dffea74ec4683"
  },
  {
    "coordinate": {
      "index": 0,
      "latitude": 49.2222,
      "longitude": 16.2931
    },
    "handle": 2681942270,
    "identification": "LKNAZ",
    "link": "LKNA",
    "name": "LKNA ZULU",
    "sun": {
      "astronomicalDawn": "2022-01-25T05:02:00Z",
      "astronomicalDusk": "2022-01-25T15:13:00Z",
      "civilDawn": "2022-01-25T05:37:00Z",
      "civilDusk": "2022-01-25T14:38:00Z",
      "date": "2022-01-24T23:00:00Z"
    },
    "thumbprint": "7a0bb47886919765079b0a0b6e7ed3bf1d2889e109160899f7467283a87a9f9e"
  },
  {
    "coordinate": {
      "index": 0,
      "latitude": 49.17,
      "longitude": 15.925
    },
    "handle": 3644481603,
    "identification": "LKNAW",
    "link": "LKNA",
    "name": "LKNA WHISKY",
    "sun": {
      "astronomicalDawn": "2022-01-25T05:03:00Z",
      "astronomicalDusk": "2022-01-25T15:15:00Z",
      "civilDawn": "2022-01-25T05:38:00Z",
      "civilDusk": "2022-01-25T14:40:00Z",
      "date": "2022-01-24T23:00:00Z"
    },
    "thumbprint": "12be4d02fd7fb66c16a7ae4a85d4b7d2fd9781568517cc18ad07860101444e71"
  },
  {
    "coordinate": {
      "index": 0,
      "latitude": 49.0331,
      "longitude": 16.1075
    },
    "handle": 4207018525,
    "identification": "LKNAS",
    "link": "LKNA",
    "name": "LKNA SIERRA",
    "sun": {
      "astronomicalDawn": "2022-01-25T05:02:00Z",
      "astronomicalDusk": "2022-01-25T15:14:00Z",
      "civilDawn": "2022-01-25T05:37:00Z",
      "civilDusk": "2022-01-25T14:39:00Z",
      "date": "2022-01-24T23:00:00Z"
    },
    "thumbprint": "c8326852f81026ae9762d571a668343b426158bee428c6a54d9d9159677a0b22"
  },
  {
    "coordinate": {
      "index": 0,
      "latitude": 49.0831,
      "longitude": 16.4356
    },
    "handle": 3378575832,
    "identification": "LKNAE",
    "link": "LKNA",
    "name": "LKNA ECHO",
    "sun": {
      "astronomicalDawn": "2022-01-25T05:01:00Z",
      "astronomicalDusk": "2022-01-25T15:13:00Z",
      "civilDawn": "2022-01-25T05:36:00Z",
      "civilDusk": "2022-01-25T14:38:00Z",
      "date": "2022-01-24T23:00:00Z"
    },
    "thumbprint": "37fc30568fa2255ab82d84f2a1bbe3cba7416740d9857dcee286379bc6a42c35"
  },
  {
    "coordinate": {
      "index": 0,
      "latitude": 49.3031,
      "longitude": 16.0619
    },
    "handle": 2154883763,
    "identification": "LKNAN",
    "link": "LKNA",
    "name": "LKNA NOVEMBER",
    "sun": {
      "astronomicalDawn": "2022-01-25T05:03:00Z",
      "astronomicalDusk": "2022-01-25T15:14:00Z",
      "civilDawn": "2022-01-25T05:38:00Z",
      "civilDusk": "2022-01-25T14:39:00Z",
      "date": "2022-01-24T23:00:00Z"
    },
    "thumbprint": "367a578bf5d8bbef88db8e7665c9059ab7e782136877fc804745c1d9137ca4b7"
  },
  {
    "coordinate": {
      "index": 0,
      "latitude": 50.1392,
      "longitude": 15.2919
    },
    "handle": 743795398,
    "identification": "LKCVZ",
    "link": "LKCV",
    "name": "LKCV ZEHU",
    "sun": {
      "astronomicalDawn": "2022-01-25T05:08:00Z",
      "astronomicalDusk": "2022-01-25T15:15:00Z",
      "civilDawn": "2022-01-25T05:44:00Z",
      "civilDusk": "2022-01-25T14:39:00Z",
      "date": "2022-01-24T23:00:00Z"
    },
    "thumbprint": "9d3053e294d7541a2c89db494cb18e13ff796252bf93ac8db3a64eed2f7ec8ff"
  },
  {
    "coordinate": {
      "index": 0,
      "latitude": 49.8972,
      "longitude": 15.6406
    },
    "handle": 4044082206,
    "identification": "LKCVX",
    "link": "LKCV",
    "name": "LKCV XRAY",
    "sun": {
      "astronomicalDawn": "2022-01-25T05:06:00Z",
      "astronomicalDusk": "2022-01-25T15:14:00Z",
      "civilDawn": "2022-01-25T05:42:00Z",
      "civilDusk": "2022-01-25T14:38:00Z",
      "date": "2022-01-24T23:00:00Z"
    },
    "thumbprint": "ef37c0ff5e841dc7cf953306d54c2b7b4c4cc4d7b682b3e595f4a5c931f345a6"
  },
  {
    "coordinate": {
      "index": 0,
      "latitude": 49.7867,
      "longitude": 15.8186
    },
    "handle": 570647198,
    "identification": "LKCVT",
    "link": "LKCV",
    "name": "LKCV TRHO",
    "sun": {
      "astronomicalDawn": "2022-01-25T05:05:00Z",
      "astronomicalDusk": "2022-01-25T15:13:00Z",
      "civilDawn": "2022-01-25T05:41:00Z",
      "civilDusk": "2022-01-25T14:38:00Z",
      "date": "2022-01-24T23:00:00Z"
    },
    "thumbprint": "3305ea1d510ae031d9f72259da174fab1ff50d5172dc2b3d2796bf6c456d1e51"
  },
  {
    "coordinate": {
      "index": 0,
      "latitude": 49.6793,
      "longitude": 15.5696
    },
    "handle": 1528979225,
    "identification": "LKCVS",
    "link": "LKCV",
    "name": "LKCV SUKAV",
    "sun": {
      "astronomicalDawn": "2022-01-25T05:06:00Z",
      "astronomicalDusk": "2022-01-25T15:15:00Z",
      "civilDawn": "2022-01-25T05:41:00Z",
      "civilDusk": "2022-01-25T14:39:00Z",
      "date": "2022-01-24T23:00:00Z"
    },
    "thumbprint": "bb00af355b73f764e172056487b553fddc9a11dfc0224e970f4e4924153b2844"
  },
  {
    "coordinate": {
      "index": 0,
      "latitude": 50.0514,
      "longitude": 15.0331
    },
    "handle": 913196115,
    "identification": "LKCVP",
    "link": "LKCV",
    "name": "LKCV PLAN",
    "sun": {
      "astronomicalDawn": "2022-01-25T05:09:00Z",
      "astronomicalDusk": "2022-01-25T15:16:00Z",
      "civilDawn": "2022-01-25T05:45:00Z",
      "civilDusk": "2022-01-25T14:40:00Z",
      "date": "2022-01-24T23:00:00Z"
    },
    "thumbprint": "f48de708c55c1ff9319d4cb8cdfa1e7d0a5d87730381283e8bffbd64d5f842ea"
  },
  {
    "coordinate": {
      "index": 0,
      "latitude": 50.0335,
      "longitude": 15.4069
    },
    "handle": 244654326,
    "identification": "LKCVC",
    "link": "LKCV",
    "name": "LKCV CHARLIE",
    "sun": {
      "astronomicalDawn": "2022-01-25T05:07:00Z",
      "astronomicalDusk": "2022-01-25T15:14:00Z",
      "civilDawn": "2022-01-25T05:43:00Z",
      "civilDusk": "2022-01-25T14:39:00Z",
      "date": "2022-01-24T23:00:00Z"
    },
    "thumbprint": "8197eb93118d70f5f35dc7b731ba5ea883a5f5775454c81c2b282fad7256b9f4"
  },
  {
    "coordinate": {
      "index": 0,
      "latitude": 49.7613,
      "longitude": 15.3044
    },
    "handle": 1274787957,
    "identification": "LKCVE",
    "link": "LKCV",
    "name": "LKCV EKNEV",
    "sun": {
      "astronomicalDawn": "2022-01-25T05:07:00Z",
      "astronomicalDusk": "2022-01-25T15:16:00Z",
      "civilDawn": "2022-01-25T05:43:00Z",
      "civilDusk": "2022-01-25T14:40:00Z",
      "date": "2022-01-24T23:00:00Z"
    },
    "thumbprint": "e02758d586a5fc5bc1be001bf45118dc1268853dc0eb2312f132a5cea186b725"
  },
  {
    "coordinate": {
      "index": 0,
      "latitude": 49.9553,
      "longitude": 15.5188
    },
    "handle": 1516588674,
    "identification": "LKCVD",
    "link": "LKCV",
    "name": "LKCV DELTA",
    "sun": {
      "astronomicalDawn": "2022-01-25T05:07:00Z",
      "astronomicalDusk": "2022-01-25T15:14:00Z",
      "civilDawn": "2022-01-25T05:42:00Z",
      "civilDusk": "2022-01-25T14:38:00Z",
      "date": "2022-01-24T23:00:00Z"
    },
    "thumbprint": "4359038c0567b4fbb66dea3ca59f547d03786ab0a5af83e63d2670248351724b"
  },
  {
    "coordinate": {
      "index": 0,
      "latitude": 49.8519,
      "longitude": 15.3456
    },
    "handle": 2164417655,
    "identification": "LKCVB",
    "link": "LKCV",
    "name": "LKCV BRAVO",
    "sun": {
      "astronomicalDawn": "2022-01-25T05:07:00Z",
      "astronomicalDusk": "2022-01-25T15:15:00Z",
      "civilDawn": "2022-01-25T05:43:00Z",
      "civilDusk": "2022-01-25T14:39:00Z",
      "date": "2022-01-24T23:00:00Z"
    },
    "thumbprint": "18ef19da3784732ca2ac64fc335a43ba311946a577a364f9bbc5795932c40d7c"
  },
  {
    "coordinate": {
      "index": 0,
      "latitude": 49.8972,
      "longitude": 15.6406
    },
    "handle": 3279793517,
    "identification": "LKPDX",
    "link": "LKPD",
    "name": "LKPD XRAY",
    "sun": {
      "astronomicalDawn": "2022-01-25T05:06:00Z",
      "astronomicalDusk": "2022-01-25T15:14:00Z",
      "civilDawn": "2022-01-25T05:42:00Z",
      "civilDusk": "2022-01-25T14:38:00Z",
      "date": "2022-01-24T23:00:00Z"
    },
    "thumbprint": "5b5966415d138e8cafb19bbefc3459dafaaed17cb10d1e10bc7ea137d1c20b7e"
  },
  {
    "coordinate": {
      "index": 0,
      "latitude": 50.1278,
      "longitude": 15.5367
    },
    "handle": 3450218811,
    "identification": "LKPDW",
    "link": "LKPD",
    "name": "LKPD WHISKY",
    "sun": {
      "astronomicalDawn": "2022-01-25T05:07:00Z",
      "astronomicalDusk": "2022-01-25T15:14:00Z",
      "civilDawn": "2022-01-25T05:43:00Z",
      "civilDusk": "2022-01-25T14:38:00Z",
      "date": "2022-01-24T23:00:00Z"
    },
    "thumbprint": "a3a7df65609686407e6109f94230f87ed02755c497e3a773df832e38d5f60088"
  },
  {
    "coordinate": {
      "index": 0,
      "latitude": 50.1392,
      "longitude": 15.7886
    },
    "handle": 3955764936,
    "identification": "LKPDN",
    "link": "LKPD",
    "name": "LKPD NOVEMBER",
    "sun": {
      "astronomicalDawn": "2022-01-25T05:06:00Z",
      "astronomicalDusk": "2022-01-25T15:13:00Z",
      "civilDawn": "2022-01-25T05:42:00Z",
      "civilDusk": "2022-01-25T14:37:00Z",
      "date": "2022-01-24T23:00:00Z"
    },
    "thumbprint": "d633c61f8135c6908bcdcea5c64d5b3392810bc8ce5b9cd951511a465fbaf785"
  },
  {
    "coordinate": {
      "index": 0,
      "latitude": 49.995,
      "longitude": 16.1092
    },
    "handle": 1200622522,
    "identification": "LKPDE",
    "link": "LKPD",
    "name": "LKPD ECHO",
    "sun": {
      "astronomicalDawn": "2022-01-25T05:04:00Z",
      "astronomicalDusk": "2022-01-25T15:12:00Z",
      "civilDawn": "2022-01-25T05:40:00Z",
      "civilDusk": "2022-01-25T14:36:00Z",
      "date": "2022-01-24T23:00:00Z"
    },
    "thumbprint": "072b74fca259b07ab3e5de03409ed533c8b060c3de8f02339f43082e28fdf18e"
  },
  {
    "coordinate": {
      "index": 0,
      "latitude": 50.1025,
      "longitude": 15.8569
    },
    "handle": 91504740,
    "identification": "LKPDD",
    "link": "LKPD",
    "name": "LKPD DELTA",
    "sun": {
      "astronomicalDawn": "2022-01-25T05:06:00Z",
      "astronomicalDusk": "2022-01-25T15:12:00Z",
      "civilDawn": "2022-01-25T05:42:00Z",
      "civilDusk": "2022-01-25T14:37:00Z",
      "date": "2022-01-24T23:00:00Z"
    },
    "thumbprint": "b5fdc9dd8730131880122620952b7711994a7a520b6f41dc60e7499431060c9c"
  },
  {
    "coordinate": {
      "index": 0,
      "latitude": 50.1156,
      "longitude": 15.6528
    },
    "handle": 928279361,
    "identification": "LKPDC",
    "link": "LKPD",
    "name": "LKPD CHARLIE",
    "sun": {
      "astronomicalDawn": "2022-01-25T05:06:00Z",
      "astronomicalDusk": "2022-01-25T15:13:00Z",
      "civilDawn": "2022-01-25T05:42:00Z",
      "civilDusk": "2022-01-25T14:37:00Z",
      "date": "2022-01-24T23:00:00Z"
    },
    "thumbprint": "aac469f665b62f49a3481053bde8ffabb0c1dd99cece3639b1e847ad658c645a"
  },
  {
    "coordinate": {
      "index": 0,
      "latitude": 49.9742,
      "longitude": 15.8703
    },
    "handle": 2145171017,
    "identification": "LKPDB",
    "link": "LKPD",
    "name": "LKPD BRAVO",
    "sun": {
      "astronomicalDawn": "2022-01-25T05:05:00Z",
      "astronomicalDusk": "2022-01-25T15:13:00Z",
      "civilDawn": "2022-01-25T05:41:00Z",
      "civilDusk": "2022-01-25T14:37:00Z",
      "date": "2022-01-24T23:00:00Z"
    },
    "thumbprint": "01479dd0193576296e47581fa992f8e01297299cfc1b4815fd3474a7f67b7bce"
  },
  {
    "coordinate": {
      "index": 0,
      "latitude": 49.9753,
      "longitude": 15.6431
    },
    "handle": 342985367,
    "identification": "LKPDA",
    "link": "LKPD",
    "name": "LKPD ALFA",
    "sun": {
      "astronomicalDawn": "2022-01-25T05:06:00Z",
      "astronomicalDusk": "2022-01-25T15:14:00Z",
      "civilDawn": "2022-01-25T05:42:00Z",
      "civilDusk": "2022-01-25T14:38:00Z",
      "date": "2022-01-24T23:00:00Z"
    },
    "thumbprint": "1286bb35d389221f9644b5a188e3823ac04760f3909d0374766fccfe757a32fa"
  },
  {
    "coordinate": {
      "index": 0,
      "latitude": 49.1064,
      "longitude": 17.3153
    },
    "handle": 3773046776,
    "identification": "LKKUW",
    "link": "LKKU",
    "name": "LKKU WHISKY",
    "sun": {
      "astronomicalDawn": "2022-01-25T04:57:00Z",
      "astronomicalDusk": "2022-01-25T15:09:00Z",
      "civilDawn": "2022-01-25T05:32:00Z",
      "civilDusk": "2022-01-25T14:34:00Z",
      "date": "2022-01-24T23:00:00Z"
    },
    "thumbprint": "40916279af959d9604c61a9474002546b465a69382ec6601a80b9de5477315af"
  },
  {
    "coordinate": {
      "index": 0,
      "latitude": 48.9742,
      "longitude": 17.2681
    },
    "handle": 1377920909,
    "identification": "LKKUS",
    "link": "LKKU",
    "name": "LKKU SIERRA",
    "sun": {
      "astronomicalDawn": "2022-01-25T04:57:00Z",
      "astronomicalDusk": "2022-01-25T15:10:00Z",
      "civilDawn": "2022-01-25T05:32:00Z",
      "civilDusk": "2022-01-25T14:35:00Z",
      "date": "2022-01-24T23:00:00Z"
    },
    "thumbprint": "e8bff9b57429c99a3d67c68d44178d940a60f04e5a54d9d11fcfdaf5c9fb0f99"
  },
  {
    "coordinate": {
      "index": 0,
      "latitude": 49.1703,
      "longitude": 17.4725
    },
    "handle": 950068476,
    "identification": "LKKUN",
    "link": "LKKU",
    "name": "LKKU NOVEMBER",
    "sun": {
      "astronomicalDawn": "2022-01-25T04:57:00Z",
      "astronomicalDusk": "2022-01-25T15:08:00Z",
      "civilDawn": "2022-01-25T05:32:00Z",
      "civilDusk": "2022-01-25T14:33:00Z",
      "date": "2022-01-24T23:00:00Z"
    },
    "thumbprint": "4c92d0d3a5952dd7b9145b195721f3d8874572abf3a47459565e66468b93157b"
  },
  {
    "coordinate": {
      "index": 0,
      "latitude": 49.0231,
      "longitude": 17.6408
    },
    "handle": 3624553797,
    "identification": "LKKUE",
    "link": "LKKU",
    "name": "LKKU ECHO",
    "sun": {
      "astronomicalDawn": "2022-01-25T04:56:00Z",
      "astronomicalDusk": "2022-01-25T15:08:00Z",
      "civilDawn": "2022-01-25T05:31:00Z",
      "civilDusk": "2022-01-25T14:33:00Z",
      "date": "2022-01-24T23:00:00Z"
    },
    "thumbprint": "a92e94b5fa19dbb501e88d1cff8e0513d7a1851472331696c069b31269d142b8"
  },
  {
    "coordinate": {
      "index": 0,
      "latitude": 49.9808,
      "longitude": 14.6061
    },
    "handle": 1786332880,
    "identification": "LKKBR",
    "link": "LKKB",
    "name": "LKKB ROMEO",
    "sun": {
      "astronomicalDawn": "2022-01-25T05:10:00Z",
      "astronomicalDusk": "2022-01-25T15:18:00Z",
      "civilDawn": "2022-01-25T05:46:00Z",
      "civilDusk": "2022-01-25T14:42:00Z",
      "date": "2022-01-24T23:00:00Z"
    },
    "thumbprint": "e4dc1f46ea1f78752d8cb7dba84c3597609b08972675cdc0dcfc2c20d019c145"
  },
  {
    "coordinate": {
      "index": 0,
      "latitude": 50.0717,
      "longitude": 14.7733
    },
    "handle": 2733414838,
    "identification": "LKKBU",
    "link": "LKKB",
    "name": "LKKB UNIFORM",
    "sun": {
      "astronomicalDawn": "2022-01-25T05:10:00Z",
      "astronomicalDusk": "2022-01-25T15:17:00Z",
      "civilDawn": "2022-01-25T05:46:00Z",
      "civilDusk": "2022-01-25T14:41:00Z",
      "date": "2022-01-24T23:00:00Z"
    },
    "thumbprint": "3bdb135a6f03ebc835a5737554e5a6c2b657101db63d6149c6a05714b5a30286"
  },
  {
    "coordinate": {
      "index": 0,
      "latitude": 50.1772,
      "longitude": 14.8553
    },
    "handle": 1368638481,
    "identification": "LKKBL",
    "link": "LKKB",
    "name": "LKKB LIMA",
    "sun": {
      "astronomicalDawn": "2022-01-25T05:10:00Z",
      "astronomicalDusk": "2022-01-25T15:16:00Z",
      "civilDawn": "2022-01-25T05:46:00Z",
      "civilDusk": "2022-01-25T14:40:00Z",
      "date": "2022-01-24T23:00:00Z"
    },
    "thumbprint": "1eed65467d6fe23483d993612943390d25d2544d3fa35597c47c668f194803fd"
  },
  {
    "coordinate": {
      "index": 0,
      "latitude": 50.2075,
      "longitude": 14.6964
    },
    "handle": 3209961611,
    "identification": "LKKBM",
    "link": "LKKB",
    "name": "LKKB MIKE",
    "sun": {
      "astronomicalDawn": "2022-01-25T05:10:00Z",
      "astronomicalDusk": "2022-01-25T15:17:00Z",
      "civilDawn": "2022-01-25T05:47:00Z",
      "civilDusk": "2022-01-25T14:41:00Z",
      "date": "2022-01-24T23:00:00Z"
    },
    "thumbprint": "ac10b1f9be8f3b031203e714f162081040ea7cee70911d6bcbb27fa27ad5d7be"
  },
  {
    "coordinate": {
      "index": 0,
      "latitude": 50.1528,
      "longitude": 13.9831
    },
    "handle": 1483232262,
    "identification": "LKPRW",
    "link": "LKPR",
    "name": "LKPR WHISKY",
    "sun": {
      "astronomicalDawn": "2022-01-25T05:13:00Z",
      "astronomicalDusk": "2022-01-25T15:20:00Z",
      "civilDawn": "2022-01-25T05:49:00Z",
      "civilDusk": "2022-01-25T14:44:00Z",
      "date": "2022-01-24T23:00:00Z"
    },
    "thumbprint": "65ce29446aec60d8135ddf12e6d70ebd3875a6b751418dd25e3a77f054bf693e"
  },
  {
    "coordinate": {
      "index": 0,
      "latitude": 50.0497,
      "longitude": 14.2728
    },
    "handle": 703027361,
    "identification": "LKPRT",
    "link": "LKPR",
    "name": "LKPR TANGO",
    "sun": {
      "astronomicalDawn": "2022-01-25T05:12:00Z",
      "astronomicalDusk": "2022-01-25T15:19:00Z",
      "civilDawn": "2022-01-25T05:48:00Z",
      "civilDusk": "2022-01-25T14:43:00Z",
      "date": "2022-01-24T23:00:00Z"
    },
    "thumbprint": "85882d67009fdef2c53823845d4190b279b88ad4b2adf64f9e7d1bb890c820a2"
  },
  {
    "coordinate": {
      "index": 0,
      "latitude": 49.9617,
      "longitude": 14.0828
    },
    "handle": 3369783527,
    "identification": "LKPRS",
    "link": "LKPR",
    "name": "LKPR SIERRA",
    "sun": {
      "astronomicalDawn": "2022-01-25T05:12:00Z",
      "astronomicalDusk": "2022-01-25T15:20:00Z",
      "civilDawn": "2022-01-25T05:48:00Z",
      "civilDusk": "2022-01-25T14:44:00Z",
      "date": "2022-01-24T23:00:00Z"
    },
    "thumbprint": "a29cccd677c16359343989cd53f63ba8d7fc7a441b67c0c34feef0367ffc10af"
  },
  {
    "coordinate": {
      "index": 0,
      "latitude": 50.2683,
      "longitude": 14.2392
    },
    "handle": 2031037379,
    "identification": "LKPRN",
    "link": "LKPR",
    "name": "LKPR NOVEMBER",
    "sun": {
      "astronomicalDawn": "2022-01-25T05:12:00Z",
      "astronomicalDusk": "2022-01-25T15:19:00Z",
      "civilDawn": "2022-01-25T05:49:00Z",
      "civilDusk": "2022-01-25T14:42:00Z",
      "date": "2022-01-24T23:00:00Z"
    },
    "thumbprint": "74c0099e1e3068bdb386212460e44c392f0e805e7e6a915fd7e43d1cabbcc082"
  },
  {
    "coordinate": {
      "index": 0,
      "latitude": 50.1883,
      "longitude": 14.0411
    },
    "handle": 3563699862,
    "identification": "LKPRC",
    "link": "LKPR",
    "name": "LKPR CHARLIE",
    "sun": {
      "astronomicalDawn": "2022-01-25T05:13:00Z",
      "astronomicalDusk": "2022-01-25T15:20:00Z",
      "civilDawn": "2022-01-25T05:49:00Z",
      "civilDusk": "2022-01-25T14:44:00Z",
      "date": "2022-01-24T23:00:00Z"
    },
    "thumbprint": "3e65a8160407bc64d8f8ab79006b3c76ccfca671b7175902aa5b49ba8d11422d"
  },
  {
    "coordinate": {
      "index": 0,
      "latitude": 49.9861,
      "longitude": 14.3614
    },
    "handle": 614329272,
    "identification": "LKPRE",
    "link": "LKPR",
    "name": "LKPR ECHO",
    "sun": {
      "astronomicalDawn": "2022-01-25T05:11:00Z",
      "astronomicalDusk": "2022-01-25T15:19:00Z",
      "civilDawn": "2022-01-25T05:47:00Z",
      "civilDusk": "2022-01-25T14:43:00Z",
      "date": "2022-01-24T23:00:00Z"
    },
    "thumbprint": "db09452eb2e014d4a25ef81220cdac4b3670ae0e44428d5af0ed315d7e551851"
  },
  {
    "coordinate": {
      "index": 0,
      "latitude": 50.1878,
      "longitude": 14.1858
    },
    "handle": 2844504627,
    "identification": "LKPRB",
    "link": "LKPR",
    "name": "LKPR BRAVO",
    "sun": {
      "astronomicalDawn": "2022-01-25T05:12:00Z",
      "astronomicalDusk": "2022-01-25T15:19:00Z",
      "civilDawn": "2022-01-25T05:49:00Z",
      "civilDusk": "2022-01-25T14:43:00Z",
      "date": "2022-01-24T23:00:00Z"
    },
    "thumbprint": "38f05c8fa0ab16528a78c4d802a1adea484d14a669237d6a8b50ce2a40b114f4"
  },
  {
    "coordinate": {
      "index": 0,
      "latitude": 50.1381,
      "longitude": 14.2439
    },
    "handle": 1615007864,
    "identification": "LKPRA",
    "link": "LKPR",
    "name": "LKPR ALFA",
    "sun": {
      "astronomicalDawn": "2022-01-25T05:12:00Z",
      "astronomicalDusk": "2022-01-25T15:19:00Z",
      "civilDawn": "2022-01-25T05:48:00Z",
      "civilDusk": "2022-01-25T14:43:00Z",
      "date": "2022-01-24T23:00:00Z"
    },
    "thumbprint": "20c476dc58d6f48b01187492fa872657d1b71462bcb2583fdeec4bee34bef945"
  },
  {
    "coordinate": {
      "index": 0,
      "latitude": 49.7492,
      "longitude": 17.8719
    },
    "handle": 2671178438,
    "identification": "LKMTW",
    "link": "LKMT",
    "name": "LKMT WHISKY",
    "sun": {
      "astronomicalDawn": "2022-01-25T04:57:00Z",
      "astronomicalDusk": "2022-01-25T15:05:00Z",
      "civilDawn": "2022-01-25T05:32:00Z",
      "civilDusk": "2022-01-25T14:30:00Z",
      "date": "2022-01-24T23:00:00Z"
    },
    "thumbprint": "c9e74de5d5c4e2859a687bba9190a1529aae2d2c56f63f9fa14a020802bd8d18"
  },
  {
    "coordinate": {
      "index": 0,
      "latitude": 49.585,
      "longitude": 17.7997
    },
    "handle": 565309278,
    "identification": "LKMTT",
    "link": "LKMT",
    "name": "LKMT TANGO",
    "sun": {
      "astronomicalDawn": "2022-01-25T04:56:00Z",
      "astronomicalDusk": "2022-01-25T15:06:00Z",
      "civilDawn": "2022-01-25T05:32:00Z",
      "civilDusk": "2022-01-25T14:31:00Z",
      "date": "2022-01-24T23:00:00Z"
    },
    "thumbprint": "2d3577f460aa5fe5bc1149299c3b931119337210e2aefa455df7c202c890f427"
  },
  {
    "coordinate": {
      "index": 0,
      "latitude": 49.5389,
      "longitude": 18.0236
    },
    "handle": 2637592089,
    "identification": "LKMTS",
    "link": "LKMT",
    "name": "LKMT SIERRA",
    "sun": {
      "astronomicalDawn": "2022-01-25T04:55:00Z",
      "astronomicalDusk": "2022-01-25T15:05:00Z",
      "civilDawn": "2022-01-25T05:31:00Z",
      "civilDusk": "2022-01-25T14:30:00Z",
      "date": "2022-01-24T23:00:00Z"
    },
    "thumbprint": "9b0ede21b2e1c560e94ec16da8825423984c54e77e396c2fd16f1d43d1cfe6a7"
  },
  {
    "coordinate": {
      "index": 0,
      "latitude": 49.8831,
      "longitude": 18.0547
    },
    "handle": 1689413735,
    "identification": "LKMTN",
    "link": "LKMT",
    "name": "LKMT NOVEMBER",
    "sun": {
      "astronomicalDawn": "2022-01-25T04:56:00Z",
      "astronomicalDusk": "2022-01-25T15:04:00Z",
      "civilDawn": "2022-01-25T05:32:00Z",
      "civilDusk": "2022-01-25T14:29:00Z",
      "date": "2022-01-24T23:00:00Z"
    },
    "thumbprint": "eb0b742b8e74814f1de861bd3720ca1ec5d7168bb92744a979a72cb486a8b487"
  },
  {
    "coordinate": {
      "index": 0,
      "latitude": 49.7861,
      "longitude": 18.3747
    },
    "handle": 821510286,
    "identification": "LKMTF",
    "link": "LKMT",
    "name": "LKMT FOXTROT",
    "sun": {
      "astronomicalDawn": "2022-01-25T04:55:00Z",
      "astronomicalDusk": "2022-01-25T15:03:00Z",
      "civilDawn": "2022-01-25T05:30:00Z",
      "civilDusk": "2022-01-25T14:28:00Z",
      "date": "2022-01-24T23:00:00Z"
    },
    "thumbprint": "614defe449d6d07b39c0dccda885bd30ceb0e1a9cd59039b3320c507cfc38391"
  },
  {
    "coordinate": {
      "index": 0,
      "latitude": 49.6633,
      "longitude": 18.3203
    },
    "handle": 429566602,
    "identification": "LKMTE",
    "link": "LKMT",
    "name": "LKMT ECHO",
    "sun": {
      "astronomicalDawn": "2022-01-25T04:55:00Z",
      "astronomicalDusk": "2022-01-25T15:04:00Z",
      "civilDawn": "2022-01-25T05:30:00Z",
      "civilDusk": "2022-01-25T14:28:00Z",
      "date": "2022-01-24T23:00:00Z"
    },
    "thumbprint": "336ec909c9e0b4878e9f0c57cd382470b75d74250d6592b73d3bb5fef5ed700c"
  },
  {
    "coordinate": {
      "index": 0,
      "latitude": 49.7047,
      "longitude": 18.0511
    },
    "handle": 3570183367,
    "identification": "LKMTB",
    "link": "LKMT",
    "name": "LKMT BRAVO",
    "sun": {
      "astronomicalDawn": "2022-01-25T04:56:00Z",
      "astronomicalDusk": "2022-01-25T15:05:00Z",
      "civilDawn": "2022-01-25T05:31:00Z",
      "civilDusk": "2022-01-25T14:29:00Z",
      "date": "2022-01-24T23:00:00Z"
    },
    "thumbprint": "0b85673a8228a7a5ac152cada4862c04a37718ae455be08cb9d075fd022f6fa6"
  },
  {
    "coordinate": {
      "index": 0,
      "latitude": 49.65,
      "longitude": 18.1411
    },
    "handle": 1951621764,
    "identification": "LKMTA",
    "link": "LKMT",
    "name": "LKMT ALFA",
    "sun": {
      "astronomicalDawn": "2022-01-25T04:55:00Z",
      "astronomicalDusk": "2022-01-25T15:05:00Z",
      "civilDawn": "2022-01-25T05:31:00Z",
      "civilDusk": "2022-01-25T14:29:00Z",
      "date": "2022-01-24T23:00:00Z"
    },
    "thumbprint": "03b0567d4bb2730be7ca9234d927e6079eea0d23550d884c6b6001b0aca8772f"
  },
  {
    "coordinate": {
      "index": 0,
      "latitude": 50.1894,
      "longitude": 12.7581
    },
    "handle": 440835211,
    "identification": "LKKVW",
    "link": "LKKV",
    "name": "LKKV WHISKY",
    "sun": {
      "astronomicalDawn": "2022-01-25T05:18:00Z",
      "astronomicalDusk": "2022-01-25T15:25:00Z",
      "civilDawn": "2022-01-25T05:54:00Z",
      "civilDusk": "2022-01-25T14:49:00Z",
      "date": "2022-01-24T23:00:00Z"
    },
    "thumbprint": "5235d26de6f43a56af7c4385116236ba326342eed18b20e95ed2927b29452191"
  },
  {
    "coordinate": {
      "index": 0,
      "latitude": 50.0839,
      "longitude": 12.84
    },
    "handle": 743249688,
    "identification": "LKKVS",
    "link": "LKKV",
    "name": "LKKV SIERRA",
    "sun": {
      "astronomicalDawn": "2022-01-25T05:18:00Z",
      "astronomicalDusk": "2022-01-25T15:25:00Z",
      "civilDawn": "2022-01-25T05:54:00Z",
      "civilDusk": "2022-01-25T14:49:00Z",
      "date": "2022-01-24T23:00:00Z"
    },
    "thumbprint": "50e8bb803d4a9719f8ef357db0b1b1c8b4a189d7aec9351f455f4613862ce2dc"
  },
  {
    "coordinate": {
      "index": 0,
      "latitude": 50.2817,
      "longitude": 12.9386
    },
    "handle": 4237009708,
    "identification": "LKKVN",
    "link": "LKKV",
    "name": "LKKV NOVEMBER",
    "sun": {
      "astronomicalDawn": "2022-01-25T05:18:00Z",
      "astronomicalDusk": "2022-01-25T15:24:00Z",
      "civilDawn": "2022-01-25T05:54:00Z",
      "civilDusk": "2022-01-25T14:48:00Z",
      "date": "2022-01-24T23:00:00Z"
    },
    "thumbprint": "8c5981e35a19c19c524802146dc1d101b66285be57e1ba8ffee04b2430d3f252"
  },
  {
    "coordinate": {
      "index": 0,
      "latitude": 50.0842,
      "longitude": 13.1267
    },
    "handle": 231366045,
    "identification": "LKKVE",
    "link": "LKKV",
    "name": "LKKV ECHO",
    "sun": {
      "astronomicalDawn": "2022-01-25T05:16:00Z",
      "astronomicalDusk": "2022-01-25T15:23:00Z",
      "civilDawn": "2022-01-25T05:52:00Z",
      "civilDusk": "2022-01-25T14:48:00Z",
      "date": "2022-01-24T23:00:00Z"
    },
    "thumbprint": "8459cf7c4e09f2fc8f1abe34e02299af3e05c5927703696531bd84ca66d2a0ea"
  },
  {
    "coordinate": {
      "index": 0,
      "latitude": 50.1708,
      "longitude": 12.8917
    },
    "handle": 1256881230,
    "identification": "LKKVB",
    "link": "LKKV",
    "name": "LKKV BRAVO",
    "sun": {
      "astronomicalDawn": "2022-01-25T05:18:00Z",
      "astronomicalDusk": "2022-01-25T15:24:00Z",
      "civilDawn": "2022-01-25T05:54:00Z",
      "civilDusk": "2022-01-25T14:48:00Z",
      "date": "2022-01-24T23:00:00Z"
    },
    "thumbprint": "d531f937ae226fb56beaa30e06cf6e984e5bd7006f18956e5f8ddd1216594e38"
  },
  {
    "coordinate": {
      "index": 0,
      "latitude": 50.2378,
      "longitude": 12.9278
    },
    "handle": 2588860532,
    "identification": "LKKVA",
    "link": "LKKV",
    "name": "LKKV ALFA",
    "sun": {
      "astronomicalDawn": "2022-01-25T05:18:00Z",
      "astronomicalDusk": "2022-01-25T15:24:00Z",
      "civilDawn": "2022-01-25T05:54:00Z",
      "civilDusk": "2022-01-25T14:48:00Z",
      "date": "2022-01-24T23:00:00Z"
    },
    "thumbprint": "910856179e15df94803795459571d8531338b0cbcda0dc96d88eed4ec49dc91b"
  },
  {
    "coordinate": {
      "index": 0,
      "latitude": 48.9964,
      "longitude": 16.6889
    },
    "handle": 4163826563,
    "identification": "LKTBZ",
    "link": "LKTB",
    "name": "LKTB ZULU",
    "sun": {
      "astronomicalDawn": "2022-01-25T04:59:00Z",
      "astronomicalDusk": "2022-01-25T15:12:00Z",
      "civilDawn": "2022-01-25T05:34:00Z",
      "civilDusk": "2022-01-25T14:37:00Z",
      "date": "2022-01-24T23:00:00Z"
    },
    "thumbprint": "487d795c8174ebacb79235dfb05a5d4ba3c6471458a0b9428e32ff7ed647cc77"
  },
  {
    "coordinate": {
      "index": 0,
      "latitude": 49.1108,
      "longitude": 16.5208
    },
    "handle": 450469106,
    "identification": "LKTBW",
    "link": "LKTB",
    "name": "LKTB WHISKY",
    "sun": {
      "astronomicalDawn": "2022-01-25T05:00:00Z",
      "astronomicalDusk": "2022-01-25T15:12:00Z",
      "civilDawn": "2022-01-25T05:35:00Z",
      "civilDusk": "2022-01-25T14:37:00Z",
      "date": "2022-01-24T23:00:00Z"
    },
    "thumbprint": "e53d907c78ced06a14eb3fc2e5ed8b791f55a9b988132f666f5370da5edf3dab"
  },
  {
    "coordinate": {
      "index": 0,
      "latitude": 48.9978,
      "longitude": 16.8622
    },
    "handle": 1620387423,
    "identification": "LKTBS",
    "link": "LKTB",
    "name": "LKTB SIERRA",
    "sun": {
      "astronomicalDawn": "2022-01-25T04:59:00Z",
      "astronomicalDusk": "2022-01-25T15:11:00Z",
      "civilDawn": "2022-01-25T05:34:00Z",
      "civilDusk": "2022-01-25T14:36:00Z",
      "date": "2022-01-24T23:00:00Z"
    },
    "thumbprint": "3341bea3ca1471786eaf24221d6ed0615360170427ceb6978a3f57cf0d57480e"
  },
  {
    "coordinate": {
      "index": 0,
      "latitude": 49.2922,
      "longitude": 16.5603
    },
    "handle": 194776429,
    "identification": "LKTBN",
    "link": "LKTB",
    "name": "LKTB NOVEMBER",
    "sun": {
      "astronomicalDawn": "2022-01-25T05:01:00Z",
      "astronomicalDusk": "2022-01-25T15:12:00Z",
      "civilDawn": "2022-01-25T05:36:00Z",
      "civilDusk": "2022-01-25T14:37:00Z",
      "date": "2022-01-24T23:00:00Z"
    },
    "thumbprint": "9d3edc7e49978ecb0511f4ca22f5d138127dee221c94fbc79a7a93f5860f77e2"
  },
  {
    "coordinate": {
      "index": 0,
      "latitude": 49.2036,
      "longitude": 16.8861
    },
    "handle": 1751315812,
    "identification": "LKTBE",
    "link": "LKTB",
    "name": "LKTB ECHO",
    "sun": {
      "astronomicalDawn": "2022-01-25T04:59:00Z",
      "astronomicalDusk": "2022-01-25T15:11:00Z",
      "civilDawn": "2022-01-25T05:34:00Z",
      "civilDusk": "2022-01-25T14:36:00Z",
      "date": "2022-01-24T23:00:00Z"
    },
    "thumbprint": "9848149d4dcac3ba0f8267ddb7f221f2798fd2bce6834ea63f3beb2f5e3579b1"
  },
  {
    "coordinate": {
      "index": 0,
      "latitude": 49.1817,
      "longitude": 16.7125
    },
    "handle": 3621860315,
    "identification": "LKTBB",
    "link": "LKTB",
    "name": "LKTB BRAVO",
    "sun": {
      "astronomicalDawn": "2022-01-25T05:00:00Z",
      "astronomicalDusk": "2022-01-25T15:11:00Z",
      "civilDawn": "2022-01-25T05:35:00Z",
      "civilDusk": "2022-01-25T14:36:00Z",
      "date": "2022-01-24T23:00:00Z"
    },
    "thumbprint": "e11763e9f41bb991dfa6eaa9bf6722583aa22158d29e86bb09fbd390494897d7"
  },
  {
    "coordinate": {
      "index": 0,
      "latitude": 49.1175,
      "longitude": 16.7033
    },
    "handle": 2138783565,
    "identification": "LKTBA",
    "link": "LKTB",
    "name": "LKTB ALFA",
    "sun": {
      "astronomicalDawn": "2022-01-25T05:00:00Z",
      "astronomicalDusk": "2022-01-25T15:12:00Z",
      "civilDawn": "2022-01-25T05:35:00Z",
      "civilDusk": "2022-01-25T14:37:00Z",
      "date": "2022-01-24T23:00:00Z"
    },
    "thumbprint": "4b0a3fe64a12fba4d3a8a508f8493bfe07790a5bbd0401fa66899ef491f558f6"
  }
]