[
{
  "geometry": {
    "coordinates": [
      {
        "index": 0,
        "latitude": 49.22,
        "longitude": 16.29
      }
    ],
    "radius": 0.0,
    "shape": "point"
  },
  "handle": 1045706588,
  "identifier": "LKNAZ",
  "link": "",
  "name": "ZULU",
  "note": {
    "lines": []
  },
  "validFrom": "0001-01-01T00:00:00",
  "validTo": "0001-01-01T00:00:00",
  "thumbprint": "a1d0b9d9b8186dc8efed696ae8fc2862aa67e882b494668917c579dfeb9a08c4",
  "referencePoint": {
    "index": 0,
    "latitude": 49.22,
    "longitude": 16.29
  }
},
{
  "geometry": {
    "coordinates": [
      {
        "index": 0,
        "latitude": 49.17,
        "longitude": 15.93
      }
    ],
    "radius": 0.0,
    "shape": "point"
  },
  "handle": 40818550,
  "identifier": "LKNAW",
  "link": "",
  "name": "WHISKY",
  "note": {
    "lines": []
  },
  "validFrom": "0001-01-01T00:00:00",
  "validTo": "0001-01-01T00:00:00",
  "thumbprint": "b76409d392a3b565f98de2fe1f797e61cca12549f36fbcd336b2ec9dfbdffeea",
  "referencePoint": {
    "index": 0,
    "latitude": 49.17,
    "longitude": 15.93
  }
},
{
  "geometry": {
    "coordinates": [
      {
        "index": 0,
        "latitude": 50.0,
        "longitude": 16.11
      }
    ],
    "radius": 0.0,
    "shape": "point"
  },
  "handle": 3483895553,
  "identifier": "LKPDE",
  "link": "",
  "name": "ECHO",
  "note": {
    "lines": []
  },
  "validFrom": "0001-01-01T00:00:00",
  "validTo": "0001-01-01T00:00:00",
  "thumbprint": "2feb8c7df33b5cb331f974b55728ddc58265ddfe432b29236413e7a2a976cb04",
  "referencePoint": {
    "index": 0,
    "latitude": 50.0,
    "longitude": 16.11
  }
},
{
  "geometry": {
    "coordinates": [
      {
        "index": 0,
        "latitude": 50.1,
        "longitude": 15.86
      }
    ],
    "radius": 0.0,
    "shape": "point"
  },
  "handle": 2236522023,
  "identifier": "LKPDD",
  "link": "",
  "name": "DELTA",
  "note": {
    "lines": []
  },
  "validFrom": "0001-01-01T00:00:00",
  "validTo": "0001-01-01T00:00:00",
  "thumbprint": "df9055b2d99d0258935a889fd459ec7e7389aeeaec333f4b768b1c0d68ae6fbd",
  "referencePoint": {
    "index": 0,
    "latitude": 50.1,
    "longitude": 15.86
  }
},
{
  "geometry": {
    "coordinates": [
      {
        "index": 0,
        "latitude": 50.12,
        "longitude": 15.65
      }
    ],
    "radius": 0.0,
    "shape": "point"
  },
  "handle": 4097960026,
  "identifier": "LKPDC",
  "link": "",
  "name": "CHARLIE",
  "note": {
    "lines": []
  },
  "validFrom": "0001-01-01T00:00:00",
  "validTo": "0001-01-01T00:00:00",
  "thumbprint": "4baa712f2b1c5d976137078ba7964599d3fd7aeb94c4de677ec01239ff85c6ff",
  "referencePoint": {
    "index": 0,
    "latitude": 50.12,
    "longitude": 15.65
  }
},
{
  "geometry": {
    "coordinates": [
      {
        "index": 0,
        "latitude": 49.97,
        "longitude": 15.87
      }
    ],
    "radius": 0.0,
    "shape": "point"
  },
  "handle": 179074640,
  "identifier": "LKPDB",
  "link": "",
  "name": "BRAVO",
  "note": {
    "lines": []
  },
  "validFrom": "0001-01-01T00:00:00",
  "validTo": "0001-01-01T00:00:00",
  "thumbprint": "711a1ec907173e64216b777c1c3c5cd10aca3c5ebb972badf36a3189939bb08c",
  "referencePoint": {
    "index": 0,
    "latitude": 49.97,
    "longitude": 15.87
  }
},
{
  "geometry": {
    "coordinates": [
      {
        "index": 0,
        "latitude": 49.98,
        "longitude": 15.64
      }
    ],
    "radius": 0.0,
    "shape": "point"
  },
  "handle": 1070790796,
  "identifier": "LKPDA",
  "link": "",
  "name": "ALFA",
  "note": {
    "lines": []
  },
  "validFrom": "0001-01-01T00:00:00",
  "validTo": "0001-01-01T00:00:00",
  "thumbprint": "a268a3b4ff201b7e479ab7f32ea1e6c0c5130256e57f42ce8746d9a5ce018947",
  "referencePoint": {
    "index": 0,
    "latitude": 49.98,
    "longitude": 15.64
  }
},
{
  "geometry": {
    "coordinates": [
      {
        "index": 0,
        "latitude": 49.17,
        "longitude": 17.47
      }
    ],
    "radius": 0.0,
    "shape": "point"
  },
  "handle": 875650342,
  "identifier": "LKKUN",
  "link": "",
  "name": "NOVEMBER",
  "note": {
    "lines": []
  },
  "validFrom": "0001-01-01T00:00:00",
  "validTo": "0001-01-01T00:00:00",
  "thumbprint": "ed4cb7d8eb335844d1bc2306e4d92a4800a8710df3eb9c99bed99eb3d1b7594f",
  "referencePoint": {
    "index": 0,
    "latitude": 49.17,
    "longitude": 17.47
  }
},
{
  "geometry": {
    "coordinates": [
      {
        "index": 0,
        "latitude": 50.18,
        "longitude": 14.86
      }
    ],
    "radius": 0.0,
    "shape": "point"
  },
  "handle": 187400846,
  "identifier": "LKKBL",
  "link": "",
  "name": "LIMA",
  "note": {
    "lines": []
  },
  "validFrom": "0001-01-01T00:00:00",
  "validTo": "0001-01-01T00:00:00",
  "thumbprint": "09c879a7f50be77312bda488fb2db25c080a25c87a9ec285ffb7156f837626d1",
  "referencePoint": {
    "index": 0,
    "latitude": 50.18,
    "longitude": 14.86
  }
},
{
  "geometry": {
    "coordinates": [
      {
        "index": 0,
        "latitude": 49.79,
        "longitude": 18.37
      }
    ],
    "radius": 0.0,
    "shape": "point"
  },
  "handle": 936290151,
  "identifier": "LKMTF",
  "link": "",
  "name": "FOXTROT",
  "note": {
    "lines": []
  },
  "validFrom": "0001-01-01T00:00:00",
  "validTo": "0001-01-01T00:00:00",
  "thumbprint": "9bab254a443a5cf31624d02b3942a1ec3b66747b04c533aefb5e449b5824b015",
  "referencePoint": {
    "index": 0,
    "latitude": 49.79,
    "longitude": 18.37
  }
},
{
  "geometry": {
    "coordinates": [
      {
        "index": 0,
        "latitude": 49.66,
        "longitude": 18.32
      }
    ],
    "radius": 0.0,
    "shape": "point"
  },
  "handle": 2898735660,
  "identifier": "LKMTE",
  "link": "",
  "name": "ECHO",
  "note": {
    "lines": []
  },
  "validFrom": "0001-01-01T00:00:00",
  "validTo": "0001-01-01T00:00:00",
  "thumbprint": "d66c50600f1b5b9ed2e9b9f450b4ae909c226de5378da53065ced289c2c380d5",
  "referencePoint": {
    "index": 0,
    "latitude": 49.66,
    "longitude": 18.32
  }
},
{
  "geometry": {
    "coordinates": [
      {
        "index": 0,
        "latitude": 49.11,
        "longitude": 16.52
      }
    ],
    "radius": 0.0,
    "shape": "point"
  },
  "handle": 2230705149,
  "identifier": "LKTBW",
  "link": "",
  "name": "WHISKY",
  "note": {
    "lines": []
  },
  "validFrom": "0001-01-01T00:00:00",
  "validTo": "0001-01-01T00:00:00",
  "thumbprint": "d4fdfc709238dbbb2f1876da6ebee61a8ebbae5c4bbc69fccf32aad9a6fb00ad",
  "referencePoint": {
    "index": 0,
    "latitude": 49.11,
    "longitude": 16.52
  }
},
{
  "geometry": {
    "coordinates": [
      {
        "index": 0,
        "latitude": 49.0,
        "longitude": 16.86
      }
    ],
    "radius": 0.0,
    "shape": "point"
  },
  "handle": 658470437,
  "identifier": "LKTBS",
  "link": "",
  "name": "SIERRA",
  "note": {
    "lines": []
  },
  "validFrom": "0001-01-01T00:00:00",
  "validTo": "0001-01-01T00:00:00",
  "thumbprint": "5b30d7deff80316219f297b54f31489cb3a169c637800892b05aef08215e52e7",
  "referencePoint": {
    "index": 0,
    "latitude": 49.0,
    "longitude": 16.86
  }
},
{
  "geometry": {
    "coordinates": [
      {
        "index": 0,
        "latitude": 49.29,
        "longitude": 16.56
      }
    ],
    "radius": 0.0,
    "shape": "point"
  },
  "handle": 3373479901,
  "identifier": "LKTBN",
  "link": "",
  "name": "NOVEMBER",
  "note": {
    "lines": []
  },
  "validFrom": "0001-01-01T00:00:00",
  "validTo": "0001-01-01T00:00:00",
  "thumbprint": "120bea0b2892a79c973110fd8672f213a39035ba781fa129557f9e0e307f6374",
  "referencePoint": {
    "index": 0,
    "latitude": 49.29,
    "longitude": 16.56
  }
},
{
  "geometry": {
    "coordinates": [
      {
        "index": 0,
        "latitude": 50.17,
        "longitude": 15.8
      }
    ],
    "radius": 0.0,
    "shape": "point"
  },
  "handle": 4104329199,
  "identifier": "LKHKL",
  "link": "",
  "name": "LAKE",
  "note": {
    "lines": []
  },
  "validFrom": "0001-01-01T00:00:00",
  "validTo": "0001-01-01T00:00:00",
  "thumbprint": "349435e9cc382e491a9399a5d118daee824e59d58f8ea7167b13fa7892f40552",
  "referencePoint": {
    "index": 0,
    "latitude": 50.17,
    "longitude": 15.8
  }
},
{
  "geometry": {
    "coordinates": [
      {
        "index": 0,
        "latitude": 50.13,
        "longitude": 16.07
      }
    ],
    "radius": 0.0,
    "shape": "point"
  },
  "handle": 4015392731,
  "identifier": "LKPDO",
  "link": "",
  "name": "OSKAR",
  "note": {
    "lines": []
  },
  "validFrom": "0001-01-01T00:00:00",
  "validTo": "0001-01-01T00:00:00",
  "thumbprint": "e67ca8136e5c86b9652457e3e47bbbf1b9b367433408f07a77f793c26fa1d4b1",
  "referencePoint": {
    "index": 0,
    "latitude": 50.13,
    "longitude": 16.07
  }
},
{
  "geometry": {
    "coordinates": [
      {
        "index": 0,
        "latitude": 49.86,
        "longitude": 16.03
      }
    ],
    "radius": 0.0,
    "shape": "point"
  },
  "handle": 4181968564,
  "identifier": "LKPDL",
  "link": "",
  "name": "LIMA",
  "note": {
    "lines": []
  },
  "validFrom": "0001-01-01T00:00:00",
  "validTo": "0001-01-01T00:00:00",
  "thumbprint": "584b24e549da7aa2ebdd482fb5a4fa843f0640eb89cc1b3b4479e4c17fb489dd",
  "referencePoint": {
    "index": 0,
    "latitude": 49.86,
    "longitude": 16.03
  }
},
{
  "geometry": {
    "coordinates": [
      {
        "index": 0,
        "latitude": 49.93,
        "longitude": 15.23
      }
    ],
    "radius": 0.0,
    "shape": "point"
  },
  "handle": 433254011,
  "identifier": "LKCVA",
  "link": "",
  "name": "ALFA",
  "note": {
    "lines": []
  },
  "validFrom": "0001-01-01T00:00:00",
  "validTo": "0001-01-01T00:00:00",
  "thumbprint": "6f97c467c215c3ca70bde25bbb4efedff3dbd40fa30ea8e6b66011ecfe3115cd",
  "referencePoint": {
    "index": 0,
    "latitude": 49.93,
    "longitude": 15.23
  }
},
{
  "geometry": {
    "coordinates": [
      {
        "index": 0,
        "latitude": 49.9,
        "longitude": 15.94
      }
    ],
    "radius": 0.0,
    "shape": "point"
  },
  "handle": 1199246144,
  "identifier": "LKPDS",
  "link": "",
  "name": "SIERRA",
  "note": {
    "lines": []
  },
  "validFrom": "0001-01-01T00:00:00",
  "validTo": "0001-01-01T00:00:00",
  "thumbprint": "684eb8029b712e2f5919c98f2caa12532c6dc58511c58f2b15dab4284154fb2c",
  "referencePoint": {
    "index": 0,
    "latitude": 49.9,
    "longitude": 15.94
  }
},
{
  "geometry": {
    "coordinates": [
      {
        "index": 0,
        "latitude": 49.19,
        "longitude": 16.22
      }
    ],
    "radius": 0.0,
    "shape": "point"
  },
  "handle": 2579052588,
  "identifier": "LKNAB",
  "link": "",
  "name": "BRAVO",
  "note": {
    "lines": []
  },
  "validFrom": "0001-01-01T00:00:00",
  "validTo": "0001-01-01T00:00:00",
  "thumbprint": "ba253a03994510975ca3f01637f5cbaf11de3853e9a148faf59f582fbff53e0b",
  "referencePoint": {
    "index": 0,
    "latitude": 49.19,
    "longitude": 16.22
  }
},
{
  "geometry": {
    "coordinates": [
      {
        "index": 0,
        "latitude": 49.14,
        "longitude": 16.06
      }
    ],
    "radius": 0.0,
    "shape": "point"
  },
  "handle": 3618958640,
  "identifier": "LKNAA",
  "link": "",
  "name": "ALFA",
  "note": {
    "lines": []
  },
  "validFrom": "0001-01-01T00:00:00",
  "validTo": "0001-01-01T00:00:00",
  "thumbprint": "3b2009904542a6546df7f6b2819747bf61c3b81271b3a29995a82cd644c3c2fe",
  "referencePoint": {
    "index": 0,
    "latitude": 49.14,
    "longitude": 16.06
  }
},
{
  "geometry": {
    "coordinates": [
      {
        "index": 0,
        "latitude": 49.86,
        "longitude": 15.07
      }
    ],
    "radius": 0.0,
    "shape": "point"
  },
  "handle": 3885176185,
  "identifier": "LKCVJ",
  "link": "",
  "name": "JANO",
  "note": {
    "lines": []
  },
  "validFrom": "0001-01-01T00:00:00",
  "validTo": "0001-01-01T00:00:00",
  "thumbprint": "00049712f0d299dd7c5c17b118f459aa41b4d0845323286b7519e1b029973ea9",
  "referencePoint": {
    "index": 0,
    "latitude": 49.86,
    "longitude": 15.07
  }
},
{
  "geometry": {
    "coordinates": [
      {
        "index": 0,
        "latitude": 50.33,
        "longitude": 15.72
      }
    ],
    "radius": 0.0,
    "shape": "point"
  },
  "handle": 3146800914,
  "identifier": "LKHKE",
  "link": "",
  "name": "CEPRO",
  "note": {
    "lines": []
  },
  "validFrom": "0001-01-01T00:00:00",
  "validTo": "0001-01-01T00:00:00",
  "thumbprint": "362b1123a57a8150123fc46f978a34232b5b72892d95074f9b1f3a9d5725863c",
  "referencePoint": {
    "index": 0,
    "latitude": 50.33,
    "longitude": 15.72
  }
},
{
  "geometry": {
    "coordinates": [
      {
        "index": 0,
        "latitude": 50.26,
        "longitude": 15.93
      }
    ],
    "radius": 0.0,
    "shape": "point"
  },
  "handle": 1086083619,
  "identifier": "LKHKC",
  "link": "",
  "name": "CELOV",
  "note": {
    "lines": []
  },
  "validFrom": "0001-01-01T00:00:00",
  "validTo": "0001-01-01T00:00:00",
  "thumbprint": "0784f26570652c517fed5318b0140b01da41dd487fbd754e2bea41340627a237",
  "referencePoint": {
    "index": 0,
    "latitude": 50.26,
    "longitude": 15.93
  }
},
{
  "geometry": {
    "coordinates": [
      {
        "index": 0,
        "latitude": 49.03,
        "longitude": 16.11
      }
    ],
    "radius": 0.0,
    "shape": "point"
  },
  "handle": 1628570936,
  "identifier": "LKNAS",
  "link": "",
  "name": "SIERRA",
  "note": {
    "lines": []
  },
  "validFrom": "0001-01-01T00:00:00",
  "validTo": "0001-01-01T00:00:00",
  "thumbprint": "bd0c329d8d3504e57e182b9a5aaac2f02d33af72ccb0ac4902ae3c40c8823408",
  "referencePoint": {
    "index": 0,
    "latitude": 49.03,
    "longitude": 16.11
  }
},
{
  "geometry": {
    "coordinates": [
      {
        "index": 0,
        "latitude": 49.08,
        "longitude": 16.44
      }
    ],
    "radius": 0.0,
    "shape": "point"
  },
  "handle": 254697149,
  "identifier": "LKNAE",
  "link": "",
  "name": "ECHO",
  "note": {
    "lines": []
  },
  "validFrom": "0001-01-01T00:00:00",
  "validTo": "0001-01-01T00:00:00",
  "thumbprint": "7a3f16955ea9ed0e7a0ff09f8956916149b6ed13e96b69a5e8bb1340849ecd6e",
  "referencePoint": {
    "index": 0,
    "latitude": 49.08,
    "longitude": 16.44
  }
},
{
  "geometry": {
    "coordinates": [
      {
        "index": 0,
        "latitude": 50.13,
        "longitude": 15.54
      }
    ],
    "radius": 0.0,
    "shape": "point"
  },
  "handle": 3536516964,
  "identifier": "LKPDW",
  "link": "",
  "name": "WHISKY",
  "note": {
    "lines": []
  },
  "validFrom": "0001-01-01T00:00:00",
  "validTo": "0001-01-01T00:00:00",
  "thumbprint": "bcd3f89d9490e178d57e587f1abdfbc45d92f88debafcbb02fb896ea5071f13f",
  "referencePoint": {
    "index": 0,
    "latitude": 50.13,
    "longitude": 15.54
  }
},
{
  "geometry": {
    "coordinates": [
      {
        "index": 0,
        "latitude": 50.14,
        "longitude": 15.79
      }
    ],
    "radius": 0.0,
    "shape": "point"
  },
  "handle": 570122734,
  "identifier": "LKPDN",
  "link": "",
  "name": "NOVEMBER",
  "note": {
    "lines": []
  },
  "validFrom": "0001-01-01T00:00:00",
  "validTo": "0001-01-01T00:00:00",
  "thumbprint": "c716a6779fa723c4e8ba2a6a815861fbd34c2e4cfc326114e21e02c15c8aa980",
  "referencePoint": {
    "index": 0,
    "latitude": 50.14,
    "longitude": 15.79
  }
},
{
  "geometry": {
    "coordinates": [
      {
        "index": 0,
        "latitude": 50.15,
        "longitude": 13.98
      }
    ],
    "radius": 0.0,
    "shape": "point"
  },
  "handle": 3611113533,
  "identifier": "LKPRW",
  "link": "",
  "name": "WHISKY",
  "note": {
    "lines": []
  },
  "validFrom": "0001-01-01T00:00:00",
  "validTo": "0001-01-01T00:00:00",
  "thumbprint": "0d265ec1b173bd590aab5245bce0d96683a6d467d145ff4a1067cd9fbb85127e",
  "referencePoint": {
    "index": 0,
    "latitude": 50.15,
    "longitude": 13.98
  }
},
{
  "geometry": {
    "coordinates": [
      {
        "index": 0,
        "latitude": 49.88,
        "longitude": 18.05
      }
    ],
    "radius": 0.0,
    "shape": "point"
  },
  "handle": 1610503906,
  "identifier": "LKMTN",
  "link": "",
  "name": "NOVEMBER",
  "note": {
    "lines": []
  },
  "validFrom": "0001-01-01T00:00:00",
  "validTo": "0001-01-01T00:00:00",
  "thumbprint": "a9c88bf7fedabe589292da9a497d8ea3a95123ee509470bb1982d37f36c9b6e5",
  "referencePoint": {
    "index": 0,
    "latitude": 49.88,
    "longitude": 18.05
  }
},
{
  "geometry": {
    "coordinates": [
      {
        "index": 0,
        "latitude": 49.0,
        "longitude": 16.69
      }
    ],
    "radius": 0.0,
    "shape": "point"
  },
  "handle": 1088731599,
  "identifier": "LKTBZ",
  "link": "",
  "name": "ZULU",
  "note": {
    "lines": []
  },
  "validFrom": "0001-01-01T00:00:00",
  "validTo": "0001-01-01T00:00:00",
  "thumbprint": "97432e11c3cce45b6ecf421d383da242650283d282822cb36e4e1caad95e910f",
  "referencePoint": {
    "index": 0,
    "latitude": 49.0,
    "longitude": 16.69
  }
},
{
  "geometry": {
    "coordinates": [
      {
        "index": 0,
        "latitude": 49.2,
        "longitude": 16.89
      }
    ],
    "radius": 0.0,
    "shape": "point"
  },
  "handle": 3938130813,
  "identifier": "LKTBE",
  "link": "",
  "name": "ECHO",
  "note": {
    "lines": []
  },
  "validFrom": "0001-01-01T00:00:00",
  "validTo": "0001-01-01T00:00:00",
  "thumbprint": "38638cefc0eedc0774e8b6989dab542f39439a0036a8c352f113e2756d4fc990",
  "referencePoint": {
    "index": 0,
    "latitude": 49.2,
    "longitude": 16.89
  }
},
{
  "geometry": {
    "coordinates": [
      {
        "index": 0,
        "latitude": 49.3,
        "longitude": 16.06
      }
    ],
    "radius": 0.0,
    "shape": "point"
  },
  "handle": 1674466926,
  "identifier": "LKNAN",
  "link": "",
  "name": "NOVEMBER",
  "note": {
    "lines": []
  },
  "validFrom": "0001-01-01T00:00:00",
  "validTo": "0001-01-01T00:00:00",
  "thumbprint": "5c4909831fcad6407f962c330bef5c215c1734cb1081915aeaa432a44d8e9870",
  "referencePoint": {
    "index": 0,
    "latitude": 49.3,
    "longitude": 16.06
  }
},
{
  "geometry": {
    "coordinates": [
      {
        "index": 0,
        "latitude": 50.14,
        "longitude": 15.29
      }
    ],
    "radius": 0.0,
    "shape": "point"
  },
  "handle": 240188820,
  "identifier": "LKCVZ",
  "link": "",
  "name": "ZEHU",
  "note": {
    "lines": []
  },
  "validFrom": "0001-01-01T00:00:00",
  "validTo": "0001-01-01T00:00:00",
  "thumbprint": "b1fdcfe6e065fe042afa3098df57a765e7c3dcb77815e8f67452e126502e4244",
  "referencePoint": {
    "index": 0,
    "latitude": 50.14,
    "longitude": 15.29
  }
},
{
  "geometry": {
    "coordinates": [
      {
        "index": 0,
        "latitude": 49.9,
        "longitude": 15.64
      }
    ],
    "radius": 0.0,
    "shape": "point"
  },
  "handle": 2042163014,
  "identifier": "LKCVX",
  "link": "",
  "name": "XRAY",
  "note": {
    "lines": []
  },
  "validFrom": "0001-01-01T00:00:00",
  "validTo": "0001-01-01T00:00:00",
  "thumbprint": "3cab68c838c1b2cc8a9c068367ec077a1f3191b29923de016065ae2a12cb68e9",
  "referencePoint": {
    "index": 0,
    "latitude": 49.9,
    "longitude": 15.64
  }
},
{
  "geometry": {
    "coordinates": [
      {
        "index": 0,
        "latitude": 49.79,
        "longitude": 15.82
      }
    ],
    "radius": 0.0,
    "shape": "point"
  },
  "handle": 956867539,
  "identifier": "LKCVT",
  "link": "",
  "name": "TRHO",
  "note": {
    "lines": []
  },
  "validFrom": "0001-01-01T00:00:00",
  "validTo": "0001-01-01T00:00:00",
  "thumbprint": "bd99189c5c3ae0b7b634b18455586e7fa40fb99d129e9f6189f06cfc99089387",
  "referencePoint": {
    "index": 0,
    "latitude": 49.79,
    "longitude": 15.82
  }
},
{
  "geometry": {
    "coordinates": [
      {
        "index": 0,
        "latitude": 49.68,
        "longitude": 15.57
      }
    ],
    "radius": 0.0,
    "shape": "point"
  },
  "handle": 2247254498,
  "identifier": "LKCVS",
  "link": "",
  "name": "SUKAV",
  "note": {
    "lines": []
  },
  "validFrom": "0001-01-01T00:00:00",
  "validTo": "0001-01-01T00:00:00",
  "thumbprint": "e05a2b8f4164f557f8547b4b1425ceadec8013bfd7667ce8e355442d8c2bdc63",
  "referencePoint": {
    "index": 0,
    "latitude": 49.68,
    "longitude": 15.57
  }
},
{
  "geometry": {
    "coordinates": [
      {
        "index": 0,
        "latitude": 50.05,
        "longitude": 15.03
      }
    ],
    "radius": 0.0,
    "shape": "point"
  },
  "handle": 4142491669,
  "identifier": "LKCVP",
  "link": "",
  "name": "PLAN",
  "note": {
    "lines": []
  },
  "validFrom": "0001-01-01T00:00:00",
  "validTo": "0001-01-01T00:00:00",
  "thumbprint": "29e5e7d2823d835c8d6eb90465f006afa06d9373348f859713f26eaa6b311c73",
  "referencePoint": {
    "index": 0,
    "latitude": 50.05,
    "longitude": 15.03
  }
},
{
  "geometry": {
    "coordinates": [
      {
        "index": 0,
        "latitude": 50.03,
        "longitude": 15.41
      }
    ],
    "radius": 0.0,
    "shape": "point"
  },
  "handle": 3035462761,
  "identifier": "LKCVC",
  "link": "",
  "name": "CHARLIE",
  "note": {
    "lines": []
  },
  "validFrom": "0001-01-01T00:00:00",
  "validTo": "0001-01-01T00:00:00",
  "thumbprint": "940f0e8289fa59843d79e594e2eeddee71ef78ee12bce15379b31e7d892ac894",
  "referencePoint": {
    "index": 0,
    "latitude": 50.03,
    "longitude": 15.41
  }
},
{
  "geometry": {
    "coordinates": [
      {
        "index": 0,
        "latitude": 49.76,
        "longitude": 15.3
      }
    ],
    "radius": 0.0,
    "shape": "point"
  },
  "handle": 2166295712,
  "identifier": "LKCVE",
  "link": "",
  "name": "EKNEV",
  "note": {
    "lines": []
  },
  "validFrom": "0001-01-01T00:00:00",
  "validTo": "0001-01-01T00:00:00",
  "thumbprint": "8d50b53c36008f9b1f573292f5913ce6824f198a544d42022744f5cd999b1f0f",
  "referencePoint": {
    "index": 0,
    "latitude": 49.76,
    "longitude": 15.3
  }
},
{
  "geometry": {
    "coordinates": [
      {
        "index": 0,
        "latitude": 49.96,
        "longitude": 15.52
      }
    ],
    "radius": 0.0,
    "shape": "point"
  },
  "handle": 1273172609,
  "identifier": "LKCVD",
  "link": "",
  "name": "DELTA",
  "note": {
    "lines": []
  },
  "validFrom": "0001-01-01T00:00:00",
  "validTo": "0001-01-01T00:00:00",
  "thumbprint": "54ef4d61996697a261056122a8b707a80dfcb6a657c70952b9b09efac0e68168",
  "referencePoint": {
    "index": 0,
    "latitude": 49.96,
    "longitude": 15.52
  }
},
{
  "geometry": {
    "coordinates": [
      {
        "index": 0,
        "latitude": 49.85,
        "longitude": 15.35
      }
    ],
    "radius": 0.0,
    "shape": "point"
  },
  "handle": 1382318928,
  "identifier": "LKCVB",
  "link": "",
  "name": "BRAVO",
  "note": {
    "lines": []
  },
  "validFrom": "0001-01-01T00:00:00",
  "validTo": "0001-01-01T00:00:00",
  "thumbprint": "2e53397c7d5932899c3ef8c7e8beedd9868c9e1feddebff79d47a0817bd5175e",
  "referencePoint": {
    "index": 0,
    "latitude": 49.85,
    "longitude": 15.35
  }
},
{
  "geometry": {
    "coordinates": [
      {
        "index": 0,
        "latitude": 49.9,
        "longitude": 15.64
      }
    ],
    "radius": 0.0,
    "shape": "point"
  },
  "handle": 3644884419,
  "identifier": "LKPDX",
  "link": "",
  "name": "XRAY",
  "note": {
    "lines": []
  },
  "validFrom": "0001-01-01T00:00:00",
  "validTo": "0001-01-01T00:00:00",
  "thumbprint": "38790f0b5a1e22400356d3d5391c1a5fe582388a90939690ae035f248230af3f",
  "referencePoint": {
    "index": 0,
    "latitude": 49.9,
    "longitude": 15.64
  }
},
{
  "geometry": {
    "coordinates": [
      {
        "index": 0,
        "latitude": 49.11,
        "longitude": 17.32
      }
    ],
    "radius": 0.0,
    "shape": "point"
  },
  "handle": 711176560,
  "identifier": "LKKUW",
  "link": "",
  "name": "WHISKY",
  "note": {
    "lines": []
  },
  "validFrom": "0001-01-01T00:00:00",
  "validTo": "0001-01-01T00:00:00",
  "thumbprint": "5d4adc5062b80d48abd92de94056a7eba6148f83cf65201fa9bc3cfd1a595a90",
  "referencePoint": {
    "index": 0,
    "latitude": 49.11,
    "longitude": 17.32
  }
},
{
  "geometry": {
    "coordinates": [
      {
        "index": 0,
        "latitude": 48.97,
        "longitude": 17.27
      }
    ],
    "radius": 0.0,
    "shape": "point"
  },
  "handle": 494847155,
  "identifier": "LKKUS",
  "link": "",
  "name": "SIERRA",
  "note": {
    "lines": []
  },
  "validFrom": "0001-01-01T00:00:00",
  "validTo": "0001-01-01T00:00:00",
  "thumbprint": "21107a601cdd111e8c79bf41e30f6cac95981c5c0977b3b0faeef060c154930f",
  "referencePoint": {
    "index": 0,
    "latitude": 48.97,
    "longitude": 17.27
  }
},
{
  "geometry": {
    "coordinates": [
      {
        "index": 0,
        "latitude": 49.02,
        "longitude": 17.64
      }
    ],
    "radius": 0.0,
    "shape": "point"
  },
  "handle": 2743575891,
  "identifier": "LKKUE",
  "link": "",
  "name": "ECHO",
  "note": {
    "lines": []
  },
  "validFrom": "0001-01-01T00:00:00",
  "validTo": "0001-01-01T00:00:00",
  "thumbprint": "a3323488fff7dd74296b6e413e444558f19ba9a09615ad0e955b42d4697b2d99",
  "referencePoint": {
    "index": 0,
    "latitude": 49.02,
    "longitude": 17.64
  }
},
{
  "geometry": {
    "coordinates": [
      {
        "index": 0,
        "latitude": 49.98,
        "longitude": 14.61
      }
    ],
    "radius": 0.0,
    "shape": "point"
  },
  "handle": 1968385798,
  "identifier": "LKKBR",
  "link": "",
  "name": "ROMEO",
  "note": {
    "lines": []
  },
  "validFrom": "0001-01-01T00:00:00",
  "validTo": "0001-01-01T00:00:00",
  "thumbprint": "fcff4aabe88cb4f36d4c940edaf810287dfb481c553e5d4502e58d45b946ef9c",
  "referencePoint": {
    "index": 0,
    "latitude": 49.98,
    "longitude": 14.61
  }
},
{
  "geometry": {
    "coordinates": [
      {
        "index": 0,
        "latitude": 50.07,
        "longitude": 14.77
      }
    ],
    "radius": 0.0,
    "shape": "point"
  },
  "handle": 3498947418,
  "identifier": "LKKBU",
  "link": "",
  "name": "UNIFORM",
  "note": {
    "lines": []
  },
  "validFrom": "0001-01-01T00:00:00",
  "validTo": "0001-01-01T00:00:00",
  "thumbprint": "0a08bfa03854e9bc5e1edb454033d969c90da98c058100cd9c3e33e72e49ecfb",
  "referencePoint": {
    "index": 0,
    "latitude": 50.07,
    "longitude": 14.77
  }
},
{
  "geometry": {
    "coordinates": [
      {
        "index": 0,
        "latitude": 50.21,
        "longitude": 14.7
      }
    ],
    "radius": 0.0,
    "shape": "point"
  },
  "handle": 3497708756,
  "identifier": "LKKBM",
  "link": "",
  "name": "MIKE",
  "note": {
    "lines": []
  },
  "validFrom": "0001-01-01T00:00:00",
  "validTo": "0001-01-01T00:00:00",
  "thumbprint": "8a89e3729ab3f50d1b8573bc89918283223c612e8051463017d89ff671ebb5c1",
  "referencePoint": {
    "index": 0,
    "latitude": 50.21,
    "longitude": 14.7
  }
},
{
  "geometry": {
    "coordinates": [
      {
        "index": 0,
        "latitude": 50.05,
        "longitude": 14.27
      }
    ],
    "radius": 0.0,
    "shape": "point"
  },
  "handle": 2502816598,
  "identifier": "LKPRT",
  "link": "",
  "name": "TANGO",
  "note": {
    "lines": []
  },
  "validFrom": "0001-01-01T00:00:00",
  "validTo": "0001-01-01T00:00:00",
  "thumbprint": "80e0dc8072b322641cdd7d01708b56908604069680348784ee2ac9f7cc5cc846",
  "referencePoint": {
    "index": 0,
    "latitude": 50.05,
    "longitude": 14.27
  }
},
{
  "geometry": {
    "coordinates": [
      {
        "index": 0,
        "latitude": 49.96,
        "longitude": 14.08
      }
    ],
    "radius": 0.0,
    "shape": "point"
  },
  "handle": 1181265188,
  "identifier": "LKPRS",
  "link": "",
  "name": "SIERRA",
  "note": {
    "lines": []
  },
  "validFrom": "0001-01-01T00:00:00",
  "validTo": "0001-01-01T00:00:00",
  "thumbprint": "38f237c5e6757363396a8c9da134a10316ec7ec58ddbc05638a93a7a7e475ba7",
  "referencePoint": {
    "index": 0,
    "latitude": 49.96,
    "longitude": 14.08
  }
},
{
  "geometry": {
    "coordinates": [
      {
        "index": 0,
        "latitude": 50.27,
        "longitude": 14.24
      }
    ],
    "radius": 0.0,
    "shape": "point"
  },
  "handle": 1867607496,
  "identifier": "LKPRN",
  "link": "",
  "name": "NOVEMBER",
  "note": {
    "lines": []
  },
  "validFrom": "0001-01-01T00:00:00",
  "validTo": "0001-01-01T00:00:00",
  "thumbprint": "ba816d2b99b55252661421b1cd5f4a20749babb55a940bee39ab7bb340bafa70",
  "referencePoint": {
    "index": 0,
    "latitude": 50.27,
    "longitude": 14.24
  }
},
{
  "geometry": {
    "coordinates": [
      {
        "index": 0,
        "latitude": 50.19,
        "longitude": 14.04
      }
    ],
    "radius": 0.0,
    "shape": "point"
  },
  "handle": 951223554,
  "identifier": "LKPRC",
  "link": "",
  "name": "CHARLIE",
  "note": {
    "lines": []
  },
  "validFrom": "0001-01-01T00:00:00",
  "validTo": "0001-01-01T00:00:00",
  "thumbprint": "09ee7af8f0b352427cc3a075b5284e318c929cf9457896e5d95e894fb0710474",
  "referencePoint": {
    "index": 0,
    "latitude": 50.19,
    "longitude": 14.04
  }
},
{
  "geometry": {
    "coordinates": [
      {
        "index": 0,
        "latitude": 49.99,
        "longitude": 14.36
      }
    ],
    "radius": 0.0,
    "shape": "point"
  },
  "handle": 2190636531,
  "identifier": "LKPRE",
  "link": "",
  "name": "ECHO",
  "note": {
    "lines": []
  },
  "validFrom": "0001-01-01T00:00:00",
  "validTo": "0001-01-01T00:00:00",
  "thumbprint": "a33406e9cee6fa55530470458280e5433028ee74335d69aa06c6066ec1c2296b",
  "referencePoint": {
    "index": 0,
    "latitude": 49.99,
    "longitude": 14.36
  }
},
{
  "geometry": {
    "coordinates": [
      {
        "index": 0,
        "latitude": 50.19,
        "longitude": 14.19
      }
    ],
    "radius": 0.0,
    "shape": "point"
  },
  "handle": 3339285944,
  "identifier": "LKPRB",
  "link": "",
  "name": "BRAVO",
  "note": {
    "lines": []
  },
  "validFrom": "0001-01-01T00:00:00",
  "validTo": "0001-01-01T00:00:00",
  "thumbprint": "d23c19f539b884044e74aaf09b06109c8a6027f7ff39d81d4b13bc01a5a0f7fb",
  "referencePoint": {
    "index": 0,
    "latitude": 50.19,
    "longitude": 14.19
  }
},
{
  "geometry": {
    "coordinates": [
      {
        "index": 0,
        "latitude": 50.14,
        "longitude": 14.24
      }
    ],
    "radius": 0.0,
    "shape": "point"
  },
  "handle": 2865894845,
  "identifier": "LKPRA",
  "link": "",
  "name": "ALFA",
  "note": {
    "lines": []
  },
  "validFrom": "0001-01-01T00:00:00",
  "validTo": "0001-01-01T00:00:00",
  "thumbprint": "3c9a92d3fd8278fcfd7febd02020d19e38b78ebfe3e36e3ee8e662a6cb759214",
  "referencePoint": {
    "index": 0,
    "latitude": 50.14,
    "longitude": 14.24
  }
},
{
  "geometry": {
    "coordinates": [
      {
        "index": 0,
        "latitude": 49.75,
        "longitude": 17.87
      }
    ],
    "radius": 0.0,
    "shape": "point"
  },
  "handle": 4107122884,
  "identifier": "LKMTW",
  "link": "",
  "name": "WHISKY",
  "note": {
    "lines": []
  },
  "validFrom": "0001-01-01T00:00:00",
  "validTo": "0001-01-01T00:00:00",
  "thumbprint": "864134a3509a748e6cd185ba3af5919787bf42901fa87e67102c0908b7f9bca8",
  "referencePoint": {
    "index": 0,
    "latitude": 49.75,
    "longitude": 17.87
  }
},
{
  "geometry": {
    "coordinates": [
      {
        "index": 0,
        "latitude": 49.59,
        "longitude": 17.8
      }
    ],
    "radius": 0.0,
    "shape": "point"
  },
  "handle": 3610743822,
  "identifier": "LKMTT",
  "link": "",
  "name": "TANGO",
  "note": {
    "lines": []
  },
  "validFrom": "0001-01-01T00:00:00",
  "validTo": "0001-01-01T00:00:00",
  "thumbprint": "a182ac4cc287b0ffe40444d512340623234dff0514c0f85e96a953aa56d5c77a",
  "referencePoint": {
    "index": 0,
    "latitude": 49.59,
    "longitude": 17.8
  }
},
{
  "geometry": {
    "coordinates": [
      {
        "index": 0,
        "latitude": 49.54,
        "longitude": 18.02
      }
    ],
    "radius": 0.0,
    "shape": "point"
  },
  "handle": 3332450777,
  "identifier": "LKMTS",
  "link": "",
  "name": "SIERRA",
  "note": {
    "lines": []
  },
  "validFrom": "0001-01-01T00:00:00",
  "validTo": "0001-01-01T00:00:00",
  "thumbprint": "ce8c6cccde0ef76e6a4b69ac5eb7be47c6d75e11e1ad05b59aa4104036ea23de",
  "referencePoint": {
    "index": 0,
    "latitude": 49.54,
    "longitude": 18.02
  }
},
{
  "geometry": {
    "coordinates": [
      {
        "index": 0,
        "latitude": 49.7,
        "longitude": 18.05
      }
    ],
    "radius": 0.0,
    "shape": "point"
  },
  "handle": 1265754168,
  "identifier": "LKMTB",
  "link": "",
  "name": "BRAVO",
  "note": {
    "lines": []
  },
  "validFrom": "0001-01-01T00:00:00",
  "validTo": "0001-01-01T00:00:00",
  "thumbprint": "48bc83d55ea16b0ad03302ab317b9b154597f473fad6dbd04e5038c6734cf53b",
  "referencePoint": {
    "index": 0,
    "latitude": 49.7,
    "longitude": 18.05
  }
},
{
  "geometry": {
    "coordinates": [
      {
        "index": 0,
        "latitude": 49.65,
        "longitude": 18.14
      }
    ],
    "radius": 0.0,
    "shape": "point"
  },
  "handle": 1862636384,
  "identifier": "LKMTA",
  "link": "",
  "name": "ALFA",
  "note": {
    "lines": []
  },
  "validFrom": "0001-01-01T00:00:00",
  "validTo": "0001-01-01T00:00:00",
  "thumbprint": "cafba02cd4152e03fe56bc061dd7164775b7de4ca8062158062460317a7b8beb",
  "referencePoint": {
    "index": 0,
    "latitude": 49.65,
    "longitude": 18.14
  }
},
{
  "geometry": {
    "coordinates": [
      {
        "index": 0,
        "latitude": 50.19,
        "longitude": 12.76
      }
    ],
    "radius": 0.0,
    "shape": "point"
  },
  "handle": 1328838868,
  "identifier": "LKKVW",
  "link": "",
  "name": "WHISKY",
  "note": {
    "lines": []
  },
  "validFrom": "0001-01-01T00:00:00",
  "validTo": "0001-01-01T00:00:00",
  "thumbprint": "b65df3ec5d0cfed5a5b1614f91b1f5222056875021947b1788be6befd2df5649",
  "referencePoint": {
    "index": 0,
    "latitude": 50.19,
    "longitude": 12.76
  }
},
{
  "geometry": {
    "coordinates": [
      {
        "index": 0,
        "latitude": 50.08,
        "longitude": 12.84
      }
    ],
    "radius": 0.0,
    "shape": "point"
  },
  "handle": 1545479287,
  "identifier": "LKKVS",
  "link": "",
  "name": "SIERRA",
  "note": {
    "lines": []
  },
  "validFrom": "0001-01-01T00:00:00",
  "validTo": "0001-01-01T00:00:00",
  "thumbprint": "92dd8ef103bd6d59569f894040b1694ad25c6228639d12c9b63e76805c86cecb",
  "referencePoint": {
    "index": 0,
    "latitude": 50.08,
    "longitude": 12.84
  }
},
{
  "geometry": {
    "coordinates": [
      {
        "index": 0,
        "latitude": 50.28,
        "longitude": 12.94
      }
    ],
    "radius": 0.0,
    "shape": "point"
  },
  "handle": 2492588752,
  "identifier": "LKKVN",
  "link": "",
  "name": "NOVEMBER",
  "note": {
    "lines": []
  },
  "validFrom": "0001-01-01T00:00:00",
  "validTo": "0001-01-01T00:00:00",
  "thumbprint": "d7ef614d6199890f0a6d14fd15c6944f01521d30338b63bf362b1708f8d3f430",
  "referencePoint": {
    "index": 0,
    "latitude": 50.28,
    "longitude": 12.94
  }
},
{
  "geometry": {
    "coordinates": [
      {
        "index": 0,
        "latitude": 50.08,
        "longitude": 13.13
      }
    ],
    "radius": 0.0,
    "shape": "point"
  },
  "handle": 876240941,
  "identifier": "LKKVE",
  "link": "",
  "name": "ECHO",
  "note": {
    "lines": []
  },
  "validFrom": "0001-01-01T00:00:00",
  "validTo": "0001-01-01T00:00:00",
  "thumbprint": "d3cf0aab1953acd200f9e729c84549bcef4824ec4b07ba9c13aeff6c7c9a8ed4",
  "referencePoint": {
    "index": 0,
    "latitude": 50.08,
    "longitude": 13.13
  }
},
{
  "geometry": {
    "coordinates": [
      {
        "index": 0,
        "latitude": 50.17,
        "longitude": 12.89
      }
    ],
    "radius": 0.0,
    "shape": "point"
  },
  "handle": 3988125503,
  "identifier": "LKKVB",
  "link": "",
  "name": "BRAVO",
  "note": {
    "lines": []
  },
  "validFrom": "0001-01-01T00:00:00",
  "validTo": "0001-01-01T00:00:00",
  "thumbprint": "a25d3b680e85f9565502f775816def9c32016f265d17eec102a903602e8a5f0c",
  "referencePoint": {
    "index": 0,
    "latitude": 50.17,
    "longitude": 12.89
  }
},
{
  "geometry": {
    "coordinates": [
      {
        "index": 0,
        "latitude": 50.24,
        "longitude": 12.93
      }
    ],
    "radius": 0.0,
    "shape": "point"
  },
  "handle": 4259134246,
  "identifier": "LKKVA",
  "link": "",
  "name": "ALFA",
  "note": {
    "lines": []
  },
  "validFrom": "0001-01-01T00:00:00",
  "validTo": "0001-01-01T00:00:00",
  "thumbprint": "5e294088c5bd24292151b9f47b94494679e779b0aca8ed9caf4bb28ca8d8f727",
  "referencePoint": {
    "index": 0,
    "latitude": 50.24,
    "longitude": 12.93
  }
},
{
  "geometry": {
    "coordinates": [
      {
        "index": 0,
        "latitude": 49.18,
        "longitude": 16.71
      }
    ],
    "radius": 0.0,
    "shape": "point"
  },
  "handle": 4110387288,
  "identifier": "LKTBB",
  "link": "",
  "name": "BRAVO",
  "note": {
    "lines": []
  },
  "validFrom": "0001-01-01T00:00:00",
  "validTo": "0001-01-01T00:00:00",
  "thumbprint": "4f66e0718f04f8d8af64ad5820eb99536a22226bc14752e6454f4d5e4f5116ad",
  "referencePoint": {
    "index": 0,
    "latitude": 49.18,
    "longitude": 16.71
  }
},
{
  "geometry": {
    "coordinates": [
      {
        "index": 0,
        "latitude": 49.12,
        "longitude": 16.7
      }
    ],
    "radius": 0.0,
    "shape": "point"
  },
  "handle": 1150974309,
  "identifier": "LKTBA",
  "link": "",
  "name": "ALFA",
  "note": {
    "lines": []
  },
  "validFrom": "0001-01-01T00:00:00",
  "validTo": "0001-01-01T00:00:00",
  "thumbprint": "ecfc13dde9f8f0afba822938ee54b0865a3fa5bfbeb5a3c1801824a480f70f59",
  "referencePoint": {
    "index": 0,
    "latitude": 49.12,
    "longitude": 16.7
  }
}
]