{
  "checksum": "6d9692c3c36ccfd215efa875d192271a173119714af84c7094be5b20d9088e3b",
  "items": [
    {
      "asset": "srtm/N47E014.hgt",
      "checksum": "12300d8df6a809e04a424aca8874f667326cfd292ab5eb774e30942162863273",
      "length": 2884802,
      "name": "N47E014.hgt",
      "package": {
        "asset": "",
        "content": [],
        "checksum": "",
        "length": 0,
        "name": ""
      }
    },
    {
      "asset": "srtm/N48E013.hgt",
      "checksum": "7ab6b832c58dc2944a5f76bc7dc6ba82d86299e9a7f3c65b64dd9b9d7722cb34",
      "length": 2884802,
      "name": "N48E013.hgt",
      "package": {
        "asset": "",
        "content": [],
        "checksum": "",
        "length": 0,
        "name": ""
      }
    },
    {
      "asset": "srtm/N50E011.hgt",
      "checksum": "65827802d96742af12946ffe3ed2544640b2574c0ccc8cd4d15a5042c7afb27b",
      "length": 2884802,
      "name": "N50E011.hgt",
      "package": {
        "asset": "",
        "content": [],
        "checksum": "",
        "length": 0,
        "name": ""
      }
    },
    {
      "asset": "srtm/N50E014.hgt",
      "checksum": "669eaa5e163135e4ff975def935124b7dd0d35a7c6008408023026ddf0fdc89a",
      "length": 2884802,
      "name": "N50E014.hgt",
      "package": {
        "asset": "",
        "content": [],
        "checksum": "",
        "length": 0,
        "name": ""
      }
    },
    {
      "asset": "srtm/N51E011.hgt",
      "checksum": "4527666073bdb85f2ed3c4b1124cdaed16c0af7c020230ee24ef190e31e8a121",
      "length": 2884802,
      "name": "N51E011.hgt",
      "package": {
        "asset": "",
        "content": [],
        "checksum": "",
        "length": 0,
        "name": ""
      }
    },
    {
      "asset": "srtm/N50E012.hgt",
      "checksum": "2346ee12f8f3706afc3a9602c8a5e479bd88f92acbab065eced6281958e582ad",
      "length": 2884802,
      "name": "N50E012.hgt",
      "package": {
        "asset": "",
        "content": [],
        "checksum": "",
        "length": 0,
        "name": ""
      }
    },
    {
      "asset": "srtm/N50E017.hgt",
      "checksum": "291e4d5a216f09c9ab997993269b0978a450d3aa68c4c1f05800862b21a17649",
      "length": 2884802,
      "name": "N50E017.hgt",
      "package": {
        "asset": "",
        "content": [],
        "checksum": "",
        "length": 0,
        "name": ""
      }
    },
    {
      "asset": "srtm/N49E019.hgt",
      "checksum": "5f164b36a07d00377422aa82cfb89b1459f3c77980b67a1bc48b787a6f77268c",
      "length": 2884802,
      "name": "N49E019.hgt",
      "package": {
        "asset": "",
        "content": [],
        "checksum": "",
        "length": 0,
        "name": ""
      }
    },
    {
      "asset": "srtm/N48E014.hgt",
      "checksum": "c42faa7f0012e15534228c0f5e9907c3a27b7f921223cb85130291d267263696",
      "length": 2884802,
      "name": "N48E014.hgt",
      "package": {
        "asset": "",
        "content": [],
        "checksum": "",
        "length": 0,
        "name": ""
      }
    },
    {
      "asset": "srtm/N49E013.hgt",
      "checksum": "74a2c6b126ef848e4e5b75818b36ae2443ce2e9db72e64b2e82e41b03539acdc",
      "length": 2884802,
      "name": "N49E013.hgt",
      "package": {
        "asset": "",
        "content": [],
        "checksum": "",
        "length": 0,
        "name": ""
      }
    },
    {
      "asset": "srtm/N51E016.hgt",
      "checksum": "292b7f3d1f223c763899c2bad2f3f353bcc60b01ef3fd8eb2971d3ffa5584c74",
      "length": 2884802,
      "name": "N51E016.hgt",
      "package": {
        "asset": "",
        "content": [],
        "checksum": "",
        "length": 0,
        "name": ""
      }
    },
    {
      "asset": "srtm/N49E016.hgt",
      "checksum": "b0a09fc48c7ecfc991b66ba3d8b197d52b279f1770edd35eb7c65dc1339b6d01",
      "length": 2884802,
      "name": "N49E016.hgt",
      "package": {
        "asset": "",
        "content": [],
        "checksum": "",
        "length": 0,
        "name": ""
      }
    },
    {
      "asset": "srtm/N51E012.hgt",
      "checksum": "6bbf9c1772f197b026030511569fbc14d379ae6c23438401c606bbd5f460e42f",
      "length": 2884802,
      "name": "N51E012.hgt",
      "package": {
        "asset": "",
        "content": [],
        "checksum": "",
        "length": 0,
        "name": ""
      }
    },
    {
      "asset": "srtm/N47E019.hgt",
      "checksum": "6c8bcde57a0700666d10315028daf454b0912a3f5d7333df77f9407a520d6249",
      "length": 2884802,
      "name": "N47E019.hgt",
      "package": {
        "asset": "",
        "content": [],
        "checksum": "",
        "length": 0,
        "name": ""
      }
    },
    {
      "asset": "srtm/N51E014.hgt",
      "checksum": "ad6251ff189bbb20cb9952e031ac2bd2f9aac6c97996eec8fe9da302edca5874",
      "length": 2884802,
      "name": "N51E014.hgt",
      "package": {
        "asset": "",
        "content": [],
        "checksum": "",
        "length": 0,
        "name": ""
      }
    },
    {
      "asset": "srtm/N51E013.hgt",
      "checksum": "602786123ecc7f240b4dbba88440815d758d535a89435556a82f256f3f164142",
      "length": 2884802,
      "name": "N51E013.hgt",
      "package": {
        "asset": "",
        "content": [],
        "checksum": "",
        "length": 0,
        "name": ""
      }
    },
    {
      "asset": "srtm/N48E018.hgt",
      "checksum": "102c94727a46591eeed877d4c719d225e5edbab60f0d0e6fabf6c47708e05e24",
      "length": 2884802,
      "name": "N48E018.hgt",
      "package": {
        "asset": "",
        "content": [],
        "checksum": "",
        "length": 0,
        "name": ""
      }
    },
    {
      "asset": "srtm/N48E015.hgt",
      "checksum": "48ba1d4f90f59bd1d6534d97b7be3a0d45f10db5b1ffa8bf9197857b2328ef2f",
      "length": 2884802,
      "name": "N48E015.hgt",
      "package": {
        "asset": "",
        "content": [],
        "checksum": "",
        "length": 0,
        "name": ""
      }
    },
    {
      "asset": "srtm/N47E012.hgt",
      "checksum": "708264a3e71628dbe9c906f7a3f3fbeced46528a1837a95bc7fc630a9a50b493",
      "length": 2884802,
      "name": "N47E012.hgt",
      "package": {
        "asset": "",
        "content": [],
        "checksum": "",
        "length": 0,
        "name": ""
      }
    },
    {
      "asset": "srtm/N51E019.hgt",
      "checksum": "30c5b1e635c9c6eccf0de2cecb1da8bfe810676810551ad9f810e5660a98d9dd",
      "length": 2884802,
      "name": "N51E019.hgt",
      "package": {
        "asset": "",
        "content": [],
        "checksum": "",
        "length": 0,
        "name": ""
      }
    },
    {
      "asset": "srtm/N49E011.hgt",
      "checksum": "faf8108462f6c27b1627aae59a23bbec098fb9858a311cd1ac638b176aaea17d",
      "length": 2884802,
      "name": "N49E011.hgt",
      "package": {
        "asset": "",
        "content": [],
        "checksum": "",
        "length": 0,
        "name": ""
      }
    },
    {
      "asset": "srtm/N48E012.hgt",
      "checksum": "0a5ef3aad06b565c518cf7058d7bb8b26f25db0c9a984ed3101d6a4aacbad859",
      "length": 2884802,
      "name": "N48E012.hgt",
      "package": {
        "asset": "",
        "content": [],
        "checksum": "",
        "length": 0,
        "name": ""
      }
    },
    {
      "asset": "srtm/N50E015.hgt",
      "checksum": "600abb17df5dc816bd3462424ee94496ddfc3c9dbc3ac697b73a12828ee15aff",
      "length": 2884802,
      "name": "N50E015.hgt",
      "package": {
        "asset": "",
        "content": [],
        "checksum": "",
        "length": 0,
        "name": ""
      }
    },
    {
      "asset": "srtm/N48E019.hgt",
      "checksum": "0da89c4339745954bbb0e679e189dff3144133739744a6227da032ac48539099",
      "length": 2884802,
      "name": "N48E019.hgt",
      "package": {
        "asset": "",
        "content": [],
        "checksum": "",
        "length": 0,
        "name": ""
      }
    },
    {
      "asset": "srtm/N47E013.hgt",
      "checksum": "7daf412b230af91b4d3eaca6ff115ca2045c7dc158e371f13f2530e28773f18c",
      "length": 2884802,
      "name": "N47E013.hgt",
      "package": {
        "asset": "",
        "content": [],
        "checksum": "",
        "length": 0,
        "name": ""
      }
    },
    {
      "asset": "srtm/N47E017.hgt",
      "checksum": "9f5d17443a7937a236f8836bba91a0f3e2bcb18857e0105452f5157abf051929",
      "length": 2884802,
      "name": "N47E017.hgt",
      "package": {
        "asset": "",
        "content": [],
        "checksum": "",
        "length": 0,
        "name": ""
      }
    },
    {
      "asset": "srtm/N48E011.hgt",
      "checksum": "21904a6754a37db19e4ca666886394a3e444ce0623fea7bcaf7420cd749ae7a0",
      "length": 2884802,
      "name": "N48E011.hgt",
      "package": {
        "asset": "",
        "content": [],
        "checksum": "",
        "length": 0,
        "name": ""
      }
    },
    {
      "asset": "srtm/N47E015.hgt",
      "checksum": "e653050621c388afc1f771b761ecec0a3e1302b58c4a14e7d3d2063574b75267",
      "length": 2884802,
      "name": "N47E015.hgt",
      "package": {
        "asset": "",
        "content": [],
        "checksum": "",
        "length": 0,
        "name": ""
      }
    },
    {
      "asset": "srtm/N50E013.hgt",
      "checksum": "46dc5d34e53aa8fd14ef4e9f78dea34e8ca33710366881421eee077570bf98d6",
      "length": 2884802,
      "name": "N50E013.hgt",
      "package": {
        "asset": "",
        "content": [],
        "checksum": "",
        "length": 0,
        "name": ""
      }
    },
    {
      "asset": "srtm/N49E017.hgt",
      "checksum": "0bba775401f6902f6df96bd6c0f5fb1955d6bac050f6f375bb71d98b70519943",
      "length": 2884802,
      "name": "N49E017.hgt",
      "package": {
        "asset": "",
        "content": [],
        "checksum": "",
        "length": 0,
        "name": ""
      }
    },
    {
      "asset": "srtm/N50E018.hgt",
      "checksum": "32089450271317ac5b62a0a11669040d05b7d02efd8448f53392979cb59ed162",
      "length": 2884802,
      "name": "N50E018.hgt",
      "package": {
        "asset": "",
        "content": [],
        "checksum": "",
        "length": 0,
        "name": ""
      }
    },
    {
      "asset": "srtm/N50E016.hgt",
      "checksum": "10dd09696a57d4c5f85c61f2643ca93d40fc11cb7ab60c62e48223d75fdd9489",
      "length": 2884802,
      "name": "N50E016.hgt",
      "package": {
        "asset": "",
        "content": [],
        "checksum": "",
        "length": 0,
        "name": ""
      }
    },
    {
      "asset": "srtm/N51E018.hgt",
      "checksum": "06ed649f9e9f470784d2815009c353d6250a6aa3ab46e0e3234a6acdad63b62e",
      "length": 2884802,
      "name": "N51E018.hgt",
      "package": {
        "asset": "",
        "content": [],
        "checksum": "",
        "length": 0,
        "name": ""
      }
    },
    {
      "asset": "srtm/N51E017.hgt",
      "checksum": "ad40f251991c7fe68f825df4467c8c2b8707715098668c1968f92694c60574ab",
      "length": 2884802,
      "name": "N51E017.hgt",
      "package": {
        "asset": "",
        "content": [],
        "checksum": "",
        "length": 0,
        "name": ""
      }
    },
    {
      "asset": "srtm/N50E019.hgt",
      "checksum": "39b10e9f7c670307f49c7f1cdeaa2c739ab9374ff43e6e13a27bb8e6b9b9728c",
      "length": 2884802,
      "name": "N50E019.hgt",
      "package": {
        "asset": "",
        "content": [],
        "checksum": "",
        "length": 0,
        "name": ""
      }
    },
    {
      "asset": "srtm/N47E011.hgt",
      "checksum": "f913b65b231d2c98bcec4c7fdc50a618d54a7a52da4e3825f3c396be1235dd74",
      "length": 2884802,
      "name": "N47E011.hgt",
      "package": {
        "asset": "",
        "content": [],
        "checksum": "",
        "length": 0,
        "name": ""
      }
    },
    {
      "asset": "srtm/N49E012.hgt",
      "checksum": "1cbf0714fef5c74f52ab0466996b2c6d24d260b146f226e49d5e2d5df4359069",
      "length": 2884802,
      "name": "N49E012.hgt",
      "package": {
        "asset": "",
        "content": [],
        "checksum": "",
        "length": 0,
        "name": ""
      }
    },
    {
      "asset": "srtm/N51E015.hgt",
      "checksum": "2731432799c5bf70bc415b472b163b56bd3b08186e2307fc2864ead3330cb069",
      "length": 2884802,
      "name": "N51E015.hgt",
      "package": {
        "asset": "",
        "content": [],
        "checksum": "",
        "length": 0,
        "name": ""
      }
    },
    {
      "asset": "srtm/N47E016.hgt",
      "checksum": "ff8f5a57f091f3d3ace6967f96d4eb9197d886158dec1de8665f06c9df44cff6",
      "length": 2884802,
      "name": "N47E016.hgt",
      "package": {
        "asset": "",
        "content": [],
        "checksum": "",
        "length": 0,
        "name": ""
      }
    },
    {
      "asset": "srtm/N47E018.hgt",
      "checksum": "8f4e93e43d0fe9edf71fe0e79246c4f8cad87ce6a5e8621129519b9a0c381f51",
      "length": 2884802,
      "name": "N47E018.hgt",
      "package": {
        "asset": "",
        "content": [],
        "checksum": "",
        "length": 0,
        "name": ""
      }
    },
    {
      "asset": "srtm/N49E015.hgt",
      "checksum": "4a535040aba3e1fdc9808e3e3466240ad1d588e33b4a0fe5abb90f6844f8518a",
      "length": 2884802,
      "name": "N49E015.hgt",
      "package": {
        "asset": "",
        "content": [],
        "checksum": "",
        "length": 0,
        "name": ""
      }
    },
    {
      "asset": "srtm/N48E017.hgt",
      "checksum": "d834d3bbfadbf7418bbfc6c3debb6f457d9cb3994f544b9cface875d90b98ea2",
      "length": 2884802,
      "name": "N48E017.hgt",
      "package": {
        "asset": "",
        "content": [],
        "checksum": "",
        "length": 0,
        "name": ""
      }
    },
    {
      "asset": "srtm/N49E014.hgt",
      "checksum": "47f421bd9d54b30c1d8de8b3a48f223236c935e5da3c426cf7bb4f67b869916d",
      "length": 2884802,
      "name": "N49E014.hgt",
      "package": {
        "asset": "",
        "content": [],
        "checksum": "",
        "length": 0,
        "name": ""
      }
    },
    {
      "asset": "srtm/N49E018.hgt",
      "checksum": "f8f6c17b8e6ff32220bbc860a5c6ab799cef726b269eeba68a921be9fa4892f0",
      "length": 2884802,
      "name": "N49E018.hgt",
      "package": {
        "asset": "",
        "content": [],
        "checksum": "",
        "length": 0,
        "name": ""
      }
    },
    {
      "asset": "srtm/N48E016.hgt",
      "checksum": "2f4cced6bcc6251b7520ce73e72793c1e9ad5cce0ba01644d78d9a9bd45bdb06",
      "length": 2884802,
      "name": "N48E016.hgt",
      "package": {
        "asset": "",
        "content": [],
        "checksum": "",
        "length": 0,
        "name": ""
      }
    },
    {
      "asset": "wingman-data.zip",
      "checksum": "aef9c3634b7cee8ab9ee550e34143edd904e1218e5414c424561fbb2376cdb8a",
      "length": 544964,
      "name": "wingman-data.zip",
      "package": {
        "asset": "",
        "content": [],
        "checksum": "",
        "length": 0,
        "name": ""
      }
    },
    {
      "asset": "wingman-data-daily.zip",
      "checksum": "ec8479d48133ddbb2af4f165d5aeb38d885c01b9e678a52186ede413a85e7a8b",
      "length": 31622,
      "name": "wingman-data-daily.zip",
      "package": {
        "asset": "",
        "content": [],
        "checksum": "",
        "length": 0,
        "name": ""
      }
    },
    {
      "asset": "map/base/cluster-1-7-68-43.tar",
      "checksum": "a47ff12c35f0c786973b72b08189caf256390609009af683b19fce59c71b9592",
      "length": 9564160,
      "name": "cluster-1-7-68-43.tar",
      "package": {
        "asset": "",
        "content": [],
        "checksum": "",
        "length": 0,
        "name": ""
      }
    },
    {
      "asset": "map/base/cluster-3-7-68-43.tar",
      "checksum": "84ff92691f909a05b224e1c56abb4864f01b4f8e3c854e4bb4c7baf1d3f6d652",
      "length": 10240,
      "name": "cluster-3-7-68-43.tar",
      "package": {
        "asset": "",
        "content": [],
        "checksum": "",
        "length": 0,
        "name": ""
      }
    },
    {
      "asset": "map/base/cluster-1-7-70-42.tar",
      "checksum": "4251176617cd9073dafb372fa7865658f1b7a570af859998ee0d402689ff7c28",
      "length": 276480,
      "name": "cluster-1-7-70-42.tar",
      "package": {
        "asset": "",
        "content": [],
        "checksum": "",
        "length": 0,
        "name": ""
      }
    },
    {
      "asset": "map/base/cluster-1-7-69-44.tar",
      "checksum": "0e0a80b9767febd1cf0aaa25273601452bd6cb6ae0b05b11f5ea2115de9cd117",
      "length": 9594880,
      "name": "cluster-1-7-69-44.tar",
      "package": {
        "asset": "",
        "content": [],
        "checksum": "",
        "length": 0,
        "name": ""
      }
    },
    {
      "asset": "map/base/cluster-2-7-69-44.tar",
      "checksum": "e88da3fa8442b37fe373f7b073a771da80ebd0635c5806f68ea6840f01b4fcb4",
      "length": 4648960,
      "name": "cluster-2-7-69-44.tar",
      "package": {
        "asset": "",
        "content": [],
        "checksum": "",
        "length": 0,
        "name": ""
      }
    },
    {
      "asset": "map/base/cluster-1-7-70-43.tar",
      "checksum": "5d4c80f98652e1803dd7c751b9c2094eee9a58af150869ba844193c7e73ead40",
      "length": 9615360,
      "name": "cluster-1-7-70-43.tar",
      "package": {
        "asset": "",
        "content": [],
        "checksum": "",
        "length": 0,
        "name": ""
      }
    },
    {
      "asset": "map/base/cluster-2-7-69-43.tar",
      "checksum": "76205eef64f971fa64d93eb6ab2fcb067e73f8de5e275378dacf452fb80b710a",
      "length": 9594880,
      "name": "cluster-2-7-69-43.tar",
      "package": {
        "asset": "",
        "content": [],
        "checksum": "",
        "length": 0,
        "name": ""
      }
    },
    {
      "asset": "map/base/cluster-1-7-69-42.tar",
      "checksum": "de4f9fdbcc44e51c345d57bcf7b63c2e4fd0eb64c4b538df4d55f293bc696091",
      "length": 7393280,
      "name": "cluster-1-7-69-42.tar",
      "package": {
        "asset": "",
        "content": [],
        "checksum": "",
        "length": 0,
        "name": ""
      }
    },
    {
      "asset": "map/base/cluster-1-7-69-43.tar",
      "checksum": "b49a967f7a49feaaca1a616199c1a789bcd2a721503de5146fbb64d7ab9b93cd",
      "length": 9574400,
      "name": "cluster-1-7-69-43.tar",
      "package": {
        "asset": "",
        "content": [],
        "checksum": "",
        "length": 0,
        "name": ""
      }
    },
    {
      "asset": "map/base/cluster-1-7-68-42.tar",
      "checksum": "be7da35ffa67a84101292a67da733c810a8cd8e7db111dc15dfdee1f90b9f9ab",
      "length": 5150720,
      "name": "cluster-1-7-68-42.tar",
      "package": {
        "asset": "",
        "content": [],
        "checksum": "",
        "length": 0,
        "name": ""
      }
    },
    {
      "asset": "map/base/cluster-2-7-70-43.tar",
      "checksum": "942afca06e133f62bb49e29d70b0ad5b2218b235ce46a3eb68052278daa2aa5e",
      "length": 6328320,
      "name": "cluster-2-7-70-43.tar",
      "package": {
        "asset": "",
        "content": [],
        "checksum": "",
        "length": 0,
        "name": ""
      }
    },
    {
      "asset": "map/base/cluster-1-7-70-44.tar",
      "checksum": "e0dd2194a88d34c3947f34aae4093a4ff7d0839bb2b79a3a9e35f0465c456602",
      "length": 4075520,
      "name": "cluster-1-7-70-44.tar",
      "package": {
        "asset": "",
        "content": [],
        "checksum": "",
        "length": 0,
        "name": ""
      }
    },
    {
      "asset": "map/base/cluster-3-7-69-43.tar",
      "checksum": "fbb860f529abfb5ab5b4838cbf6b62c6a08c710d9c1a7b9f89e1b96786adf800",
      "length": 5068800,
      "name": "cluster-3-7-69-43.tar",
      "package": {
        "asset": "",
        "content": [],
        "checksum": "",
        "length": 0,
        "name": ""
      }
    },
    {
      "asset": "map/base/cluster-2-7-68-43.tar",
      "checksum": "ed7b4f1b7c0f9e9a564316c4caa035033661a3ce6d0db171a05681331338f3f3",
      "length": 9553920,
      "name": "cluster-2-7-68-43.tar",
      "package": {
        "asset": "",
        "content": [],
        "checksum": "",
        "length": 0,
        "name": ""
      }
    },
    {
      "asset": "map/base/cluster-1-7-68-44.tar",
      "checksum": "5157d29e03aadc9b6d85b941b14f1793ceae2daea35828d844bac577b1712b10",
      "length": 5632000,
      "name": "cluster-1-7-68-44.tar",
      "package": {
        "asset": "",
        "content": [],
        "checksum": "",
        "length": 0,
        "name": ""
      }
    },
    {
      "asset": "map/aero/cluster-1-7-68-43.tar",
      "checksum": "81447f18bbd06a479b4d3e08a30c1587c4f6a3f5d51a89012ac56434dabc8b24",
      "length": 6543360,
      "name": "cluster-1-7-68-43.tar",
      "package": {
        "asset": "",
        "content": [],
        "checksum": "",
        "length": 0,
        "name": ""
      }
    },
    {
      "asset": "map/aero/cluster-1-7-70-42.tar",
      "checksum": "ba482510d5d0cb5b1a1ceebd4d49feae1c62e94fd6db8bda9f2d794a66ede5a3",
      "length": 204800,
      "name": "cluster-1-7-70-42.tar",
      "package": {
        "asset": "",
        "content": [],
        "checksum": "",
        "length": 0,
        "name": ""
      }
    },
    {
      "asset": "map/aero/cluster-1-7-69-44.tar",
      "checksum": "4d81fbff2314688f7b401acc923545c8f0dcb447efa643ea7483feee27a1f93f",
      "length": 5888000,
      "name": "cluster-1-7-69-44.tar",
      "package": {
        "asset": "",
        "content": [],
        "checksum": "",
        "length": 0,
        "name": ""
      }
    },
    {
      "asset": "map/aero/cluster-1-7-70-43.tar",
      "checksum": "e182a8fa812a2678bac65232adc8032c9db04ac8fd1ae3fb93f14d6837930d95",
      "length": 7475200,
      "name": "cluster-1-7-70-43.tar",
      "package": {
        "asset": "",
        "content": [],
        "checksum": "",
        "length": 0,
        "name": ""
      }
    },
    {
      "asset": "map/aero/cluster-2-7-69-43.tar",
      "checksum": "7503ffddab0a436024bad323e5430ce15190715ed3a6382374378e1c831666c3",
      "length": 4710400,
      "name": "cluster-2-7-69-43.tar",
      "package": {
        "asset": "",
        "content": [],
        "checksum": "",
        "length": 0,
        "name": ""
      }
    },
    {
      "asset": "map/aero/cluster-1-7-69-42.tar",
      "checksum": "05a35b3a3e97fd345fe36cfe31a7afe8dfec201f447f37d32ac3d27d662cd025",
      "length": 3205120,
      "name": "cluster-1-7-69-42.tar",
      "package": {
        "asset": "",
        "content": [],
        "checksum": "",
        "length": 0,
        "name": ""
      }
    },
    {
      "asset": "map/aero/cluster-1-7-69-43.tar",
      "checksum": "a119463fc080fdf2b836066e2e5790ca3b27f34beac2b9aae2ec06731baed2d5",
      "length": 9625600,
      "name": "cluster-1-7-69-43.tar",
      "package": {
        "asset": "",
        "content": [],
        "checksum": "",
        "length": 0,
        "name": ""
      }
    },
    {
      "asset": "map/aero/cluster-1-7-68-42.tar",
      "checksum": "12f487ee135f731468cf3bde0f006b5d021d258811b039c37a0dd1e7f914c947",
      "length": 1955840,
      "name": "cluster-1-7-68-42.tar",
      "package": {
        "asset": "",
        "content": [],
        "checksum": "",
        "length": 0,
        "name": ""
      }
    },
    {
      "asset": "map/aero/cluster-1-7-70-44.tar",
      "checksum": "36261675535e6bb1f103f3ef5921172df8d0e6e677331b293d61c6cc39f20ed6",
      "length": 3409920,
      "name": "cluster-1-7-70-44.tar",
      "package": {
        "asset": "",
        "content": [],
        "checksum": "",
        "length": 0,
        "name": ""
      }
    },
    {
      "asset": "map/aero/cluster-1-7-68-44.tar",
      "checksum": "348e5e99795fd03deb7f0f0d3d6ef9722c05addf4b2e00cb758220f1b6533bbf",
      "length": 1443840,
      "name": "cluster-1-7-68-44.tar",
      "package": {
        "asset": "",
        "content": [],
        "checksum": "",
        "length": 0,
        "name": ""
      }
    },
    {
      "asset": "map/mixed/cluster-1-7-68-43.tar",
      "checksum": "cdd57951486668e2f4c448fb00223808237d8ff8eb06d5f574c8fe408fa42ed5",
      "length": 9646080,
      "name": "cluster-1-7-68-43.tar",
      "package": {
        "asset": "",
        "content": [],
        "checksum": "",
        "length": 0,
        "name": ""
      }
    },
    {
      "asset": "map/mixed/cluster-3-7-68-43.tar",
      "checksum": "009f66feed71f315f83dcdb19df97bc11768feca6c16bf3f299267d79ca77b84",
      "length": 1495040,
      "name": "cluster-3-7-68-43.tar",
      "package": {
        "asset": "",
        "content": [],
        "checksum": "",
        "length": 0,
        "name": ""
      }
    },
    {
      "asset": "map/mixed/cluster-1-7-70-42.tar",
      "checksum": "3c8405b24b5fd02cd1f2f65af9a78f42909eb46856818ba48b4e94e12c2f056b",
      "length": 337920,
      "name": "cluster-1-7-70-42.tar",
      "package": {
        "asset": "",
        "content": [],
        "checksum": "",
        "length": 0,
        "name": ""
      }
    },
    {
      "asset": "map/mixed/cluster-1-7-69-44.tar",
      "checksum": "3751b4ad688addd81e6481126b7a8387feebeff91fa29caede225990a243ddfb",
      "length": 9574400,
      "name": "cluster-1-7-69-44.tar",
      "package": {
        "asset": "",
        "content": [],
        "checksum": "",
        "length": 0,
        "name": ""
      }
    },
    {
      "asset": "map/mixed/cluster-2-7-69-44.tar",
      "checksum": "fe6e474b3e8b213afb679400a290e6446730c3faf50cf6a253a1da138ee8f28c",
      "length": 5765120,
      "name": "cluster-2-7-69-44.tar",
      "package": {
        "asset": "",
        "content": [],
        "checksum": "",
        "length": 0,
        "name": ""
      }
    },
    {
      "asset": "map/mixed/cluster-1-7-70-43.tar",
      "checksum": "1a4ec3ccc5da39afb6ba0e5e16ead9648ccd0509846d65904162a94d6715c836",
      "length": 9574400,
      "name": "cluster-1-7-70-43.tar",
      "package": {
        "asset": "",
        "content": [],
        "checksum": "",
        "length": 0,
        "name": ""
      }
    },
    {
      "asset": "map/mixed/cluster-2-7-69-43.tar",
      "checksum": "9f65b70146e590e4907d23700f28f09fa6443811f2c89a8a7fcaff23418b3a97",
      "length": 9594880,
      "name": "cluster-2-7-69-43.tar",
      "package": {
        "asset": "",
        "content": [],
        "checksum": "",
        "length": 0,
        "name": ""
      }
    },
    {
      "asset": "map/mixed/cluster-1-7-69-42.tar",
      "checksum": "eca9500fa70ae45f74880456f39284072e376faa5f36a30e0a745000c26f645d",
      "length": 8325120,
      "name": "cluster-1-7-69-42.tar",
      "package": {
        "asset": "",
        "content": [],
        "checksum": "",
        "length": 0,
        "name": ""
      }
    },
    {
      "asset": "map/mixed/cluster-1-7-69-43.tar",
      "checksum": "1d31f165dc53f2c57cb03d1fba934c2ffe10b3ba324f2b2d9ccee58734c95355",
      "length": 9553920,
      "name": "cluster-1-7-69-43.tar",
      "package": {
        "asset": "",
        "content": [],
        "checksum": "",
        "length": 0,
        "name": ""
      }
    },
    {
      "asset": "map/mixed/cluster-1-7-68-42.tar",
      "checksum": "8c860d0c1d0ac17ba4649e08b8d2cce0def801e736ab05ee4c29bcef047bfcab",
      "length": 5703680,
      "name": "cluster-1-7-68-42.tar",
      "package": {
        "asset": "",
        "content": [],
        "checksum": "",
        "length": 0,
        "name": ""
      }
    },
    {
      "asset": "map/mixed/cluster-2-7-70-43.tar",
      "checksum": "ba52b84f6a48916af02a385094996c5956880acfd4d09adbc384549686cbe5c2",
      "length": 7946240,
      "name": "cluster-2-7-70-43.tar",
      "package": {
        "asset": "",
        "content": [],
        "checksum": "",
        "length": 0,
        "name": ""
      }
    },
    {
      "asset": "map/mixed/cluster-1-7-70-44.tar",
      "checksum": "ed14039359c1e9ff7caeeb73e50c8b5063b11a598149595d10c2bae61134afe5",
      "length": 4935680,
      "name": "cluster-1-7-70-44.tar",
      "package": {
        "asset": "",
        "content": [],
        "checksum": "",
        "length": 0,
        "name": ""
      }
    },
    {
      "asset": "map/mixed/cluster-3-7-69-43.tar",
      "checksum": "777772f291b0b7a3277c0b52c3465a980d98903e69f85c8fb5e1264acac1956a",
      "length": 8417280,
      "name": "cluster-3-7-69-43.tar",
      "package": {
        "asset": "",
        "content": [],
        "checksum": "",
        "length": 0,
        "name": ""
      }
    },
    {
      "asset": "map/mixed/cluster-2-7-68-43.tar",
      "checksum": "22fecd3ec1b8c83cbacf33228243fc8b647424fb86d7cb70d8ff40d2db6e5fee",
      "length": 9533440,
      "name": "cluster-2-7-68-43.tar",
      "package": {
        "asset": "",
        "content": [],
        "checksum": "",
        "length": 0,
        "name": ""
      }
    },
    {
      "asset": "map/mixed/cluster-1-7-68-44.tar",
      "checksum": "79ff40790997f87f5016021cb16629e365d14cecdd0a312354008957b7e33035",
      "length": 5795840,
      "name": "cluster-1-7-68-44.tar",
      "package": {
        "asset": "",
        "content": [],
        "checksum": "",
        "length": 0,
        "name": ""
      }
    }
  ],
  "version": "2024.03.28"
}