{
  "items": [
    {
      "asset": "srtm/N47E011.hgt",
      "checksum": "f913b65b231d2c98bcec4c7fdc50a618d54a7a52da4e3825f3c396be1235dd74",
      "length": 2884802,
      "name": "Výšková mapa 47°00'-011°00'"
    },
    {
      "asset": "srtm/N47E012.hgt",
      "checksum": "708264a3e71628dbe9c906f7a3f3fbeced46528a1837a95bc7fc630a9a50b493",
      "length": 2884802,
      "name": "Výšková mapa 47°00'-012°00'"
    },
    {
      "asset": "srtm/N47E013.hgt",
      "checksum": "7daf412b230af91b4d3eaca6ff115ca2045c7dc158e371f13f2530e28773f18c",
      "length": 2884802,
      "name": "Výšková mapa 47°00'-013°00'"
    },
    {
      "asset": "srtm/N47E014.hgt",
      "checksum": "12300d8df6a809e04a424aca8874f667326cfd292ab5eb774e30942162863273",
      "length": 2884802,
      "name": "Výšková mapa 47°00'-014°00'"
    },
    {
      "asset": "srtm/N47E015.hgt",
      "checksum": "e653050621c388afc1f771b761ecec0a3e1302b58c4a14e7d3d2063574b75267",
      "length": 2884802,
      "name": "Výšková mapa 47°00'-015°00'"
    },
    {
      "asset": "srtm/N47E016.hgt",
      "checksum": "ff8f5a57f091f3d3ace6967f96d4eb9197d886158dec1de8665f06c9df44cff6",
      "length": 2884802,
      "name": "Výšková mapa 47°00'-016°00'"
    },
    {
      "asset": "srtm/N47E017.hgt",
      "checksum": "9f5d17443a7937a236f8836bba91a0f3e2bcb18857e0105452f5157abf051929",
      "length": 2884802,
      "name": "Výšková mapa 47°00'-017°00'"
    },
    {
      "asset": "srtm/N47E018.hgt",
      "checksum": "8f4e93e43d0fe9edf71fe0e79246c4f8cad87ce6a5e8621129519b9a0c381f51",
      "length": 2884802,
      "name": "Výšková mapa 47°00'-018°00'"
    },
    {
      "asset": "srtm/N47E019.hgt",
      "checksum": "6c8bcde57a0700666d10315028daf454b0912a3f5d7333df77f9407a520d6249",
      "length": 2884802,
      "name": "Výšková mapa 47°00'-019°00'"
    },
    {
      "asset": "srtm/N48E011.hgt",
      "checksum": "21904a6754a37db19e4ca666886394a3e444ce0623fea7bcaf7420cd749ae7a0",
      "length": 2884802,
      "name": "Výšková mapa 48°00'-011°00'"
    },
    {
      "asset": "srtm/N48E012.hgt",
      "checksum": "0a5ef3aad06b565c518cf7058d7bb8b26f25db0c9a984ed3101d6a4aacbad859",
      "length": 2884802,
      "name": "Výšková mapa 48°00'-012°00'"
    },
    {
      "asset": "srtm/N48E013.hgt",
      "checksum": "7ab6b832c58dc2944a5f76bc7dc6ba82d86299e9a7f3c65b64dd9b9d7722cb34",
      "length": 2884802,
      "name": "Výšková mapa 48°00'-013°00'"
    },
    {
      "asset": "srtm/N48E014.hgt",
      "checksum": "c42faa7f0012e15534228c0f5e9907c3a27b7f921223cb85130291d267263696",
      "length": 2884802,
      "name": "Výšková mapa 48°00'-014°00'"
    },
    {
      "asset": "srtm/N48E015.hgt",
      "checksum": "48ba1d4f90f59bd1d6534d97b7be3a0d45f10db5b1ffa8bf9197857b2328ef2f",
      "length": 2884802,
      "name": "Výšková mapa 48°00'-015°00'"
    },
    {
      "asset": "srtm/N48E016.hgt",
      "checksum": "2f4cced6bcc6251b7520ce73e72793c1e9ad5cce0ba01644d78d9a9bd45bdb06",
      "length": 2884802,
      "name": "Výšková mapa 48°00'-016°00'"
    },
    {
      "asset": "srtm/N48E017.hgt",
      "checksum": "d834d3bbfadbf7418bbfc6c3debb6f457d9cb3994f544b9cface875d90b98ea2",
      "length": 2884802,
      "name": "Výšková mapa 48°00'-017°00'"
    },
    {
      "asset": "srtm/N48E018.hgt",
      "checksum": "102c94727a46591eeed877d4c719d225e5edbab60f0d0e6fabf6c47708e05e24",
      "length": 2884802,
      "name": "Výšková mapa 48°00'-018°00'"
    },
    {
      "asset": "srtm/N48E019.hgt",
      "checksum": "0da89c4339745954bbb0e679e189dff3144133739744a6227da032ac48539099",
      "length": 2884802,
      "name": "Výšková mapa 48°00'-019°00'"
    },
    {
      "asset": "srtm/N49E011.hgt",
      "checksum": "faf8108462f6c27b1627aae59a23bbec098fb9858a311cd1ac638b176aaea17d",
      "length": 2884802,
      "name": "Výšková mapa 49°00'-011°00'"
    },
    {
      "asset": "srtm/N49E012.hgt",
      "checksum": "1cbf0714fef5c74f52ab0466996b2c6d24d260b146f226e49d5e2d5df4359069",
      "length": 2884802,
      "name": "Výšková mapa 49°00'-012°00'"
    },
    {
      "asset": "srtm/N49E013.hgt",
      "checksum": "74a2c6b126ef848e4e5b75818b36ae2443ce2e9db72e64b2e82e41b03539acdc",
      "length": 2884802,
      "name": "Výšková mapa 49°00'-013°00'"
    },
    {
      "asset": "srtm/N49E014.hgt",
      "checksum": "47f421bd9d54b30c1d8de8b3a48f223236c935e5da3c426cf7bb4f67b869916d",
      "length": 2884802,
      "name": "Výšková mapa 49°00'-014°00'"
    },
    {
      "asset": "srtm/N49E015.hgt",
      "checksum": "4a535040aba3e1fdc9808e3e3466240ad1d588e33b4a0fe5abb90f6844f8518a",
      "length": 2884802,
      "name": "Výšková mapa 49°00'-015°00'"
    },
    {
      "asset": "srtm/N49E016.hgt",
      "checksum": "b0a09fc48c7ecfc991b66ba3d8b197d52b279f1770edd35eb7c65dc1339b6d01",
      "length": 2884802,
      "name": "Výšková mapa 49°00'-016°00'"
    },
    {
      "asset": "srtm/N49E017.hgt",
      "checksum": "0bba775401f6902f6df96bd6c0f5fb1955d6bac050f6f375bb71d98b70519943",
      "length": 2884802,
      "name": "Výšková mapa 49°00'-017°00'"
    },
    {
      "asset": "srtm/N49E018.hgt",
      "checksum": "f8f6c17b8e6ff32220bbc860a5c6ab799cef726b269eeba68a921be9fa4892f0",
      "length": 2884802,
      "name": "Výšková mapa 49°00'-018°00'"
    },
    {
      "asset": "srtm/N49E019.hgt",
      "checksum": "5f164b36a07d00377422aa82cfb89b1459f3c77980b67a1bc48b787a6f77268c",
      "length": 2884802,
      "name": "Výšková mapa 49°00'-019°00'"
    },
    {
      "asset": "srtm/N50E011.hgt",
      "checksum": "65827802d96742af12946ffe3ed2544640b2574c0ccc8cd4d15a5042c7afb27b",
      "length": 2884802,
      "name": "Výšková mapa 50°00'-011°00'"
    },
    {
      "asset": "srtm/N50E012.hgt",
      "checksum": "2346ee12f8f3706afc3a9602c8a5e479bd88f92acbab065eced6281958e582ad",
      "length": 2884802,
      "name": "Výšková mapa 50°00'-012°00'"
    },
    {
      "asset": "srtm/N50E013.hgt",
      "checksum": "46dc5d34e53aa8fd14ef4e9f78dea34e8ca33710366881421eee077570bf98d6",
      "length": 2884802,
      "name": "Výšková mapa 50°00'-013°00'"
    },
    {
      "asset": "srtm/N50E014.hgt",
      "checksum": "669eaa5e163135e4ff975def935124b7dd0d35a7c6008408023026ddf0fdc89a",
      "length": 2884802,
      "name": "Výšková mapa 50°00'-014°00'"
    },
    {
      "asset": "srtm/N50E015.hgt",
      "checksum": "600abb17df5dc816bd3462424ee94496ddfc3c9dbc3ac697b73a12828ee15aff",
      "length": 2884802,
      "name": "Výšková mapa 50°00'-015°00'"
    },
    {
      "asset": "srtm/N50E016.hgt",
      "checksum": "10dd09696a57d4c5f85c61f2643ca93d40fc11cb7ab60c62e48223d75fdd9489",
      "length": 2884802,
      "name": "Výšková mapa 50°00'-016°00'"
    },
    {
      "asset": "srtm/N50E017.hgt",
      "checksum": "291e4d5a216f09c9ab997993269b0978a450d3aa68c4c1f05800862b21a17649",
      "length": 2884802,
      "name": "Výšková mapa 50°00'-017°00'"
    },
    {
      "asset": "srtm/N50E018.hgt",
      "checksum": "32089450271317ac5b62a0a11669040d05b7d02efd8448f53392979cb59ed162",
      "length": 2884802,
      "name": "Výšková mapa 50°00'-018°00'"
    },
    {
      "asset": "srtm/N50E019.hgt",
      "checksum": "39b10e9f7c670307f49c7f1cdeaa2c739ab9374ff43e6e13a27bb8e6b9b9728c",
      "length": 2884802,
      "name": "Výšková mapa 50°00'-019°00'"
    },
    {
      "asset": "srtm/N51E011.hgt",
      "checksum": "4527666073bdb85f2ed3c4b1124cdaed16c0af7c020230ee24ef190e31e8a121",
      "length": 2884802,
      "name": "Výšková mapa 51°00'-011°00'"
    },
    {
      "asset": "srtm/N51E012.hgt",
      "checksum": "6bbf9c1772f197b026030511569fbc14d379ae6c23438401c606bbd5f460e42f",
      "length": 2884802,
      "name": "Výšková mapa 51°00'-012°00'"
    },
    {
      "asset": "srtm/N51E013.hgt",
      "checksum": "602786123ecc7f240b4dbba88440815d758d535a89435556a82f256f3f164142",
      "length": 2884802,
      "name": "Výšková mapa 51°00'-013°00'"
    },
    {
      "asset": "srtm/N51E014.hgt",
      "checksum": "ad6251ff189bbb20cb9952e031ac2bd2f9aac6c97996eec8fe9da302edca5874",
      "length": 2884802,
      "name": "Výšková mapa 51°00'-014°00'"
    },
    {
      "asset": "srtm/N51E015.hgt",
      "checksum": "2731432799c5bf70bc415b472b163b56bd3b08186e2307fc2864ead3330cb069",
      "length": 2884802,
      "name": "Výšková mapa 51°00'-015°00'"
    },
    {
      "asset": "srtm/N51E016.hgt",
      "checksum": "292b7f3d1f223c763899c2bad2f3f353bcc60b01ef3fd8eb2971d3ffa5584c74",
      "length": 2884802,
      "name": "Výšková mapa 51°00'-016°00'"
    },
    {
      "asset": "srtm/N51E017.hgt",
      "checksum": "ad40f251991c7fe68f825df4467c8c2b8707715098668c1968f92694c60574ab",
      "length": 2884802,
      "name": "Výšková mapa 51°00'-017°00'"
    },
    {
      "asset": "srtm/N51E018.hgt",
      "checksum": "06ed649f9e9f470784d2815009c353d6250a6aa3ab46e0e3234a6acdad63b62e",
      "length": 2884802,
      "name": "Výšková mapa 51°00'-018°00'"
    },
    {
      "asset": "srtm/N51E019.hgt",
      "checksum": "30c5b1e635c9c6eccf0de2cecb1da8bfe810676810551ad9f810e5660a98d9dd",
      "length": 2884802,
      "name": "Výšková mapa 51°00'-019°00'"
    },
    {
      "asset": "wingman-data.zip",
      "checksum": "85312729ba5641cb22be918333b07afa2b55224bdee77c449a75ef36e278f910",
      "length": 408043,
      "name": "Wingman data"
    },
    {
      "asset": "wingman-data-daily.zip",
      "checksum": "32aa0881c35c1fdff9251201942077e4d2e34595197a137bbf0c1d939186e8b5",
      "length": 199571,
      "name": "wingman-data-daily.zip"
    },
    {
      "asset": "map/base/cluster-1-7-68-42.tar",
      "checksum": "66ce185c36661955a41040b5129cebed47dc7f09c1dc6e8bee215958e6c6a3dd",
      "length": 9676800,
      "name": "cluster-1-7-68-42.tar"
    },
    {
      "asset": "map/base/cluster-1-7-68-43.tar",
      "checksum": "042789edf9af292888e5110bcb4bab7a94e6f5aeae4e659001c9ea003a74905b",
      "length": 9625600,
      "name": "cluster-1-7-68-43.tar"
    },
    {
      "asset": "map/base/cluster-1-7-68-44.tar",
      "checksum": "d19aee58cf7797e3d7f09f3d7be422cec9b765c8dcddc7a31dd807c9b9cd8a5e",
      "length": 9625600,
      "name": "cluster-1-7-68-44.tar"
    },
    {
      "asset": "map/base/cluster-1-7-69-42.tar",
      "checksum": "584ebaf3e3fd852f3ddeb95ab84e8007bfe0a57e480cf7d073471a463dc87057",
      "length": 9646080,
      "name": "cluster-1-7-69-42.tar"
    },
    {
      "asset": "map/base/cluster-1-7-69-43.tar",
      "checksum": "7ae2aeca15364bd66053c7e5b4536486360d3711f20f6d21b4c0858c6c3668c8",
      "length": 9687040,
      "name": "cluster-1-7-69-43.tar"
    },
    {
      "asset": "map/base/cluster-1-7-69-44.tar",
      "checksum": "9b46a40ca6fcb3cc9bc67da5594b8df3b5aa344027a3263aa2bde4ebaba52566",
      "length": 9615360,
      "name": "cluster-1-7-69-44.tar"
    },
    {
      "asset": "map/base/cluster-1-7-70-42.tar",
      "checksum": "c32fd61be91ce34100f4d384a884d9a1f433fa171a8204d52cc085bbe48ab81e",
      "length": 9687040,
      "name": "cluster-1-7-70-42.tar"
    },
    {
      "asset": "map/base/cluster-1-7-70-43.tar",
      "checksum": "a11530331baf6c4314787f155e035a80e722df355dfa46243122892886ffc1d0",
      "length": 9656320,
      "name": "cluster-1-7-70-43.tar"
    },
    {
      "asset": "map/base/cluster-1-7-70-44.tar",
      "checksum": "3608b287211e4b015e36492f04403e64e72de33c12c228dfaf98bd9b69d20eba",
      "length": 9656320,
      "name": "cluster-1-7-70-44.tar"
    },
    {
      "asset": "map/base/cluster-2-7-68-42.tar",
      "checksum": "cd673b86415cb702f9e41bcbd20dc1880d525576af7eba37e16d91d4eab4b6be",
      "length": 9687040,
      "name": "cluster-2-7-68-42.tar"
    },
    {
      "asset": "map/base/cluster-2-7-68-43.tar",
      "checksum": "efd52701b017c8df2e56840cd7d688eb5b63506b70f9d04c4432989a1ec4a15b",
      "length": 9676800,
      "name": "cluster-2-7-68-43.tar"
    },
    {
      "asset": "map/base/cluster-2-7-68-44.tar",
      "checksum": "744d064e856c53f52efaf761f9879486ee2c424a761621844a3f6a9fc1fe842b",
      "length": 9656320,
      "name": "cluster-2-7-68-44.tar"
    },
    {
      "asset": "map/base/cluster-2-7-69-42.tar",
      "checksum": "aa154de4ad6776eadebacf27a27c939d476516c21e8ace0815d092cce904fe62",
      "length": 9676800,
      "name": "cluster-2-7-69-42.tar"
    },
    {
      "asset": "map/base/cluster-2-7-69-43.tar",
      "checksum": "714f8d2c53f008fc78012e0948a47ff7102b273339167e52be6bd5fc9e6a1c8e",
      "length": 9687040,
      "name": "cluster-2-7-69-43.tar"
    },
    {
      "asset": "map/base/cluster-2-7-69-44.tar",
      "checksum": "7f2eb8f0f9c7fef7019382dbab62258dc21a1ac054884ba56421db02919e5f5d",
      "length": 9666560,
      "name": "cluster-2-7-69-44.tar"
    },
    {
      "asset": "map/base/cluster-2-7-70-42.tar",
      "checksum": "4b3864a6054f8ed21882e7cc5431066934ca9e8775ac6c311de0ba30516e38e1",
      "length": 9717760,
      "name": "cluster-2-7-70-42.tar"
    },
    {
      "asset": "map/base/cluster-2-7-70-43.tar",
      "checksum": "9d93372cd67d2797213dcbe87cc57fdfb2034e54aa034c282873c4950906b96f",
      "length": 9666560,
      "name": "cluster-2-7-70-43.tar"
    },
    {
      "asset": "map/base/cluster-2-7-70-44.tar",
      "checksum": "c490aec0c8efa849f1ef43833907a08046c85241abed9c0ff30e0246cc64d905",
      "length": 9717760,
      "name": "cluster-2-7-70-44.tar"
    },
    {
      "asset": "map/base/cluster-3-7-68-42.tar",
      "checksum": "be1e6cdfd7eda55cc122cd87dd820d039c4d1e7e4719400994a3638e18c1fb48",
      "length": 9707520,
      "name": "cluster-3-7-68-42.tar"
    },
    {
      "asset": "map/base/cluster-3-7-68-43.tar",
      "checksum": "ab5ceb6e34d188ddc8f48b431dc3c0fbc85584c23d0ecd249f158983f91cfc68",
      "length": 9656320,
      "name": "cluster-3-7-68-43.tar"
    },
    {
      "asset": "map/base/cluster-3-7-68-44.tar",
      "checksum": "2261b20c7d36df1d1803531ef43b4703a3a85bb8afafb84c94b8970f2055cda7",
      "length": 9666560,
      "name": "cluster-3-7-68-44.tar"
    },
    {
      "asset": "map/base/cluster-3-7-69-42.tar",
      "checksum": "0bc99ebd7ba1dac29ed351f586c7131c7b4211bc968886454e86c606f40c779e",
      "length": 9687040,
      "name": "cluster-3-7-69-42.tar"
    },
    {
      "asset": "map/base/cluster-3-7-69-43.tar",
      "checksum": "fb999a6afed5cb63298e81e9e95ee0f244178279c3c9f4777c160ce326283a9e",
      "length": 9707520,
      "name": "cluster-3-7-69-43.tar"
    },
    {
      "asset": "map/base/cluster-3-7-69-44.tar",
      "checksum": "b1fee15157a71d8e686745f096ca32350e481155113ae3ae4fa3f7dfb6ac851c",
      "length": 9646080,
      "name": "cluster-3-7-69-44.tar"
    },
    {
      "asset": "map/base/cluster-3-7-70-42.tar",
      "checksum": "fd03b95f25063af5549f1e71f4f4db1a189159b3405af5978e687bb4d9352064",
      "length": 9738240,
      "name": "cluster-3-7-70-42.tar"
    },
    {
      "asset": "map/base/cluster-3-7-70-43.tar",
      "checksum": "521fbb1f434238742e2f7bee5f4340f77643c83f11db7a11349246579c1c0f05",
      "length": 9676800,
      "name": "cluster-3-7-70-43.tar"
    },
    {
      "asset": "map/base/cluster-3-7-70-44.tar",
      "checksum": "f1001fc58dc5d8190347af977cfe0eef33a9dd9e0486f61441a34b9e134bbc35",
      "length": 9687040,
      "name": "cluster-3-7-70-44.tar"
    },
    {
      "asset": "map/base/cluster-4-7-68-42.tar",
      "checksum": "8495792d31e0f40daf03559d91c89f05ea6ac45e493c96bfeda7e78d085987d9",
      "length": 9707520,
      "name": "cluster-4-7-68-42.tar"
    },
    {
      "asset": "map/base/cluster-4-7-68-43.tar",
      "checksum": "f84228fffa523925674be017068a17a4677c3405eea47654454b75811f4fb9f5",
      "length": 9666560,
      "name": "cluster-4-7-68-43.tar"
    },
    {
      "asset": "map/base/cluster-4-7-68-44.tar",
      "checksum": "20d9b3da88adefeb417f0123cab22ec17b9d35d4bcef98bab292348b51c61a80",
      "length": 9656320,
      "name": "cluster-4-7-68-44.tar"
    },
    {
      "asset": "map/base/cluster-4-7-69-42.tar",
      "checksum": "0ef741ace67a83d7268ddf55f82549dbe207eb5e7ab100abbf7519a6da04da3a",
      "length": 9707520,
      "name": "cluster-4-7-69-42.tar"
    },
    {
      "asset": "map/base/cluster-4-7-69-43.tar",
      "checksum": "62e57718fe0862d1a03bd272d276d35421a761b0c0f711581a337d1959b4abcf",
      "length": 9697280,
      "name": "cluster-4-7-69-43.tar"
    },
    {
      "asset": "map/base/cluster-4-7-69-44.tar",
      "checksum": "1a1d44154607f47040d87997a026dadd7f0da52c41ddaa64e922bb3ae6c576b6",
      "length": 9635840,
      "name": "cluster-4-7-69-44.tar"
    },
    {
      "asset": "map/base/cluster-4-7-70-42.tar",
      "checksum": "1eade8950966c22b7f8e1a9258ddc959d3be76631d843191d4a968fdca67bc54",
      "length": 9728000,
      "name": "cluster-4-7-70-42.tar"
    },
    {
      "asset": "map/base/cluster-4-7-70-43.tar",
      "checksum": "0551740d8d6bac2b4a9c64bc1a3a1aca07d7c00ebc99e1bf05bfcc2bad907c0d",
      "length": 9676800,
      "name": "cluster-4-7-70-43.tar"
    },
    {
      "asset": "map/base/cluster-4-7-70-44.tar",
      "checksum": "c5f027fb505c75f1ebb3b924cdc51391b49a92ab5375711230bed3721870d6fb",
      "length": 9687040,
      "name": "cluster-4-7-70-44.tar"
    },
    {
      "asset": "map/base/cluster-5-7-68-42.tar",
      "checksum": "18fbd8d550468d54b969c609165d4cac0c7866a3ef2bb3412272b3e0240df8bb",
      "length": 3952640,
      "name": "cluster-5-7-68-42.tar"
    },
    {
      "asset": "map/base/cluster-5-7-68-43.tar",
      "checksum": "1030e092f83ac8aeba5997c67a6ed83029ef6ffee954afffe21a2f04e4bde56b",
      "length": 9687040,
      "name": "cluster-5-7-68-43.tar"
    },
    {
      "asset": "map/base/cluster-5-7-68-44.tar",
      "checksum": "c0926d9a7b52295cc8c64ac0cc51b1e22a23253288f3fc1ac615cf35d8cc5f2a",
      "length": 9635840,
      "name": "cluster-5-7-68-44.tar"
    },
    {
      "asset": "map/base/cluster-5-7-69-42.tar",
      "checksum": "0b719b30f4b57c65cea26e137a4a9f0df4a71092492c80748122e528d8db9651",
      "length": 5427200,
      "name": "cluster-5-7-69-42.tar"
    },
    {
      "asset": "map/base/cluster-5-7-69-43.tar",
      "checksum": "5b42cd3b07b29f6d5578b5d37bade5e0c6597013425c95361d7b596b7a2af7af",
      "length": 4464640,
      "name": "cluster-5-7-69-43.tar"
    },
    {
      "asset": "map/base/cluster-5-7-69-44.tar",
      "checksum": "d36bc9f6372027910ee45b77f8bc5471fa8a7b982f3b04cc345bcde0bfbb5497",
      "length": 9676800,
      "name": "cluster-5-7-69-44.tar"
    },
    {
      "asset": "map/base/cluster-5-7-70-42.tar",
      "checksum": "152ca58848d23147ddf0ee4dfcba83f326ed51e219c60d3a51c80ed6004d9cb6",
      "length": 1105920,
      "name": "cluster-5-7-70-42.tar"
    },
    {
      "asset": "map/base/cluster-5-7-70-43.tar",
      "checksum": "0e7638780cd2600ae43ba2326507b4dd53920fec811c3fc970dbfce365e7d972",
      "length": 9093120,
      "name": "cluster-5-7-70-43.tar"
    },
    {
      "asset": "map/base/cluster-5-7-70-44.tar",
      "checksum": "4ea861a69c662d5bc53f98be975d36b40de7bb40dd649d93eca47bb55824b935",
      "length": 6195200,
      "name": "cluster-5-7-70-44.tar"
    },
    {
      "asset": "map/base/cluster-6-7-68-43.tar",
      "checksum": "017be6c07219594362912aa8c24a02617a03a042a69c2e4f42071ea430829777",
      "length": 327680,
      "name": "cluster-6-7-68-43.tar"
    },
    {
      "asset": "map/base/cluster-6-7-68-44.tar",
      "checksum": "2bf3e092f23231c60ee16b21db9f0418d6eb4c6624ded4e94c096749ebbce646",
      "length": 6338560,
      "name": "cluster-6-7-68-44.tar"
    },
    {
      "asset": "map/base/cluster-6-7-69-44.tar",
      "checksum": "b9bfe0b22385411cde39a381383d2adbfbcabe3d5b0df4f287e20edf580c7d06",
      "length": 3952640,
      "name": "cluster-6-7-69-44.tar"
    },
    {
      "asset": "map/aero/cluster-1-7-68-42.tar",
      "checksum": "ca296d72485e89a96d40955c33bc35af530e01f90e8c73fb87cd9744bf8462a1",
      "length": 4864000,
      "name": "cluster-1-7-68-42.tar"
    },
    {
      "asset": "map/aero/cluster-1-7-68-43.tar",
      "checksum": "fec89577268c8f64d9d9fde13a7c7c1afacbd6d75092ac3d3d5f2217b80a40f4",
      "length": 9861120,
      "name": "cluster-1-7-68-43.tar"
    },
    {
      "asset": "map/aero/cluster-1-7-68-44.tar",
      "checksum": "7860b00945ec47cb2e8345ede67249c16b3ee486907f4d2989ba0ac05841f1d9",
      "length": 9758720,
      "name": "cluster-1-7-68-44.tar"
    },
    {
      "asset": "map/aero/cluster-1-7-69-42.tar",
      "checksum": "c74636ae44b4d19c7f1b06d0db86c14e47e6b9039899d6224da6ffb3304fff98",
      "length": 4474880,
      "name": "cluster-1-7-69-42.tar"
    },
    {
      "asset": "map/aero/cluster-1-7-69-43.tar",
      "checksum": "f677eae4337b99b697209879d3c0d20ac248dc75b79b69663e75f9040955b42c",
      "length": 9687040,
      "name": "cluster-1-7-69-43.tar"
    },
    {
      "asset": "map/aero/cluster-1-7-69-44.tar",
      "checksum": "93858181abeb946fb9a8b425d93ed510d18c73a8974ae1bf82a0dcd1efe346c0",
      "length": 9728000,
      "name": "cluster-1-7-69-44.tar"
    },
    {
      "asset": "map/aero/cluster-1-7-70-42.tar",
      "checksum": "de565217f7a4e2318c47d39a46932f82027e256b85139e67c9ee215bff3fc119",
      "length": 3860480,
      "name": "cluster-1-7-70-42.tar"
    },
    {
      "asset": "map/aero/cluster-1-7-70-43.tar",
      "checksum": "a5530c63fbde0a715b99645c8925cc183b393d52d951ecc977bf482458376cfa",
      "length": 9871360,
      "name": "cluster-1-7-70-43.tar"
    },
    {
      "asset": "map/aero/cluster-1-7-70-44.tar",
      "checksum": "7582737985a792dbea1dc452feba953055227862b1c9785e4cad9920f5e912b3",
      "length": 9748480,
      "name": "cluster-1-7-70-44.tar"
    },
    {
      "asset": "map/aero/cluster-2-7-68-43.tar",
      "checksum": "2ded5a8251103f36293dc260cf741b89c0fcf834056e77a3bc67d7601c6e5a02",
      "length": 6860800,
      "name": "cluster-2-7-68-43.tar"
    },
    {
      "asset": "map/aero/cluster-2-7-68-44.tar",
      "checksum": "754c078d779870f2539d9bca54d4ad374ca5071d3bdb4e0282edf851dc9d47de",
      "length": 10117120,
      "name": "cluster-2-7-68-44.tar"
    },
    {
      "asset": "map/aero/cluster-2-7-69-43.tar",
      "checksum": "e3cbb4e49d488a4a6e13aa28abe5ca516b049d29359f86808743763b1c9b2d64",
      "length": 10055680,
      "name": "cluster-2-7-69-43.tar"
    },
    {
      "asset": "map/aero/cluster-2-7-69-44.tar",
      "checksum": "04ee31041276023a7d018c724a683e320f74fa77f1f9af9c9fe6e8ce09ee4e32",
      "length": 10045440,
      "name": "cluster-2-7-69-44.tar"
    },
    {
      "asset": "map/aero/cluster-2-7-70-43.tar",
      "checksum": "1d708b6900efcac2ad859950bdda33354e705da62ba2cbf552a7403efcbd5e20",
      "length": 8325120,
      "name": "cluster-2-7-70-43.tar"
    },
    {
      "asset": "map/aero/cluster-2-7-70-44.tar",
      "checksum": "b20b4b7f585459d99e44a6d60805a3f22bcef01713243ad4278985a201ede663",
      "length": 10137600,
      "name": "cluster-2-7-70-44.tar"
    },
    {
      "asset": "map/aero/cluster-3-7-68-44.tar",
      "checksum": "eee8392418c70c327f0448fd6c95eecb04e42c23f44097e86ea6c074885987ff",
      "length": 1587200,
      "name": "cluster-3-7-68-44.tar"
    },
    {
      "asset": "map/aero/cluster-3-7-69-43.tar",
      "checksum": "b3feaaf2660011887a5a06683d6ab9d9c1f4eb340e42c846e032709925a2023a",
      "length": 3102720,
      "name": "cluster-3-7-69-43.tar"
    },
    {
      "asset": "map/aero/cluster-3-7-69-44.tar",
      "checksum": "62e59a702048669d4617f72010cad66a78d55fcc8cfeac6abf679c98c7a02b4f",
      "length": 3788800,
      "name": "cluster-3-7-69-44.tar"
    },
    {
      "asset": "map/aero/cluster-3-7-70-44.tar",
      "checksum": "5bb5bf1da0714c778d0a9969ccffaa0e15d6d10554863063df14406b95b52a11",
      "length": 1105920,
      "name": "cluster-3-7-70-44.tar"
    }
  ],
  "checksum": "df810deb928ff4d0549cfb964b73a2c73a83ff44553b53ba00f798a336d4592a",
  "version": "2022.01.25"
}